listing_id,area,property_type,bedrooms,bathrooms,size_sqft,price_aed,year
1,Downtown Dubai,Apartment,2,1,765,1969760,2023
2,JVC,Villa,2,3,3948,4611709,2023
3,Al Barsha,Townhouse,3,2,3393,2783918,2024
4,Dubai Marina,Villa,4,5,2390,3968421,2026
5,Dubai Marina,Apartment,2,2,2363,4673935,2025
6,JVC,Penthouse,4,3,4342,3937488,2026
7,Palm Jumeirah,Apartment,4,4,749,2513894,2026
8,Al Barsha,Apartment,1,1,3592,3926782,2023
9,Palm Jumeirah,Villa,5,6,1286,4606431,2025
10,Business Bay,Apartment,1,1,787,1117750,2023
11,Al Barsha,Townhouse,4,4,2798,2854821,2023
12,Downtown Dubai,Villa,3,2,4886,13221805,2024
13,Dubai Silicon Oasis,Penthouse,4,4,3771,2960630,2023
14,JVC,Apartment,4,4,3889,3681735,2025
15,JVC,Villa,4,3,3686,2689712,2025
16,Dubai Silicon Oasis,Townhouse,4,5,4005,2922326,2025
17,Deira,Townhouse,5,4,2736,1976156,2025
18,Business Bay,Villa,4,3,945,1605671,2026
19,JVC,Penthouse,5,5,4254,4430943,2026
20,Business Bay,Penthouse,3,2,2444,4594959,2026
21,Al Barsha,Townhouse,2,2,2676,3318618,2025
22,Downtown Dubai,Townhouse,2,3,2074,5600313,2024
23,Downtown Dubai,Townhouse,4,3,1198,2426359,2025
24,JVC,Villa,3,3,4659,3391460,2025
25,Business Bay,Townhouse,1,1,3984,8311819,2023
26,Al Barsha,Penthouse,2,1,3343,3224525,2026
27,Downtown Dubai,Apartment,5,4,2221,4756983,2026
28,Al Barsha,Apartment,4,3,4175,3670649,2026
29,Dubai Silicon Oasis,Villa,4,4,2886,2647047,2024
30,Business Bay,Townhouse,1,2,2411,3853001,2023
31,Dubai Silicon Oasis,Apartment,1,2,2444,1736944,2023
32,Dubai Silicon Oasis,Townhouse,2,1,1406,1182946,2026
33,Al Barsha,Apartment,5,6,778,914311,2025
34,Business Bay,Apartment,3,3,2928,4653056,2026
35,JVC,Villa,4,4,4478,4679140,2026
36,Al Barsha,Apartment,3,4,646,666017,2024
37,Business Bay,Townhouse,3,3,4341,7393620,2024
38,Dubai Marina,Townhouse,4,3,4198,7403461,2026
39,Deira,Townhouse,5,5,1636,999519,2024
40,JVC,Townhouse,3,4,3287,2858655,2025
41,Dubai Silicon Oasis,Townhouse,3,4,1118,1108721,2025
42,Al Barsha,Townhouse,5,4,3875,3297948,2025
43,Dubai Marina,Townhouse,2,3,3607,8305009,2026
44,Dubai Silicon Oasis,Apartment,5,4,1998,1364631,2023
45,Dubai Silicon Oasis,Townhouse,3,4,665,521900,2025
46,Al Barsha,Apartment,5,4,4863,5364633,2026
47,JVC,Apartment,3,2,2422,2657003,2024
48,Deira,Penthouse,4,5,4503,2747973,2025
49,Al Barsha,Apartment,2,2,3502,3048669,2026
50,Al Barsha,Apartment,4,3,3969,4422216,2024
51,Business Bay,Villa,2,1,3883,6247104,2023
52,Deira,Penthouse,4,3,1255,985897,2023
53,Business Bay,Penthouse,4,3,2042,4201406,2023
54,JVC,Townhouse,3,4,2520,1901571,2024
55,Deira,Apartment,3,2,2664,2279246,2023
56,Business Bay,Townhouse,2,1,553,769746,2025
57,Downtown Dubai,Penthouse,4,5,2891,7946517,2026
58,Deira,Villa,3,4,1067,961864,2024
59,JVC,Villa,3,2,3806,3883470,2025
60,Palm Jumeirah,Penthouse,1,1,3526,13668126,2023
61,JVC,Apartment,1,1,4639,5056029,2025
62,Dubai Silicon Oasis,Penthouse,1,1,3813,2507986,2024
63,Al Barsha,Villa,5,4,2054,1647113,2023
64,Business Bay,Townhouse,5,6,4848,6678986,2026
65,Deira,Villa,1,2,2260,1623058,2026
66,Downtown Dubai,Townhouse,1,2,1865,4561269,2025
67,Dubai Silicon Oasis,Penthouse,4,5,4560,3796604,2025
68,Downtown Dubai,Villa,3,2,2072,5190035,2025
69,Al Barsha,Apartment,2,2,704,721460,2024
70,Al Barsha,Apartment,4,5,2533,2080307,2025
71,Downtown Dubai,Penthouse,2,2,4049,8133563,2026
72,Dubai Marina,Penthouse,1,2,1231,2872368,2026
73,Deira,Townhouse,2,2,2502,1703992,2025
74,Al Barsha,Apartment,5,6,954,918113,2024
75,Deira,Penthouse,4,5,3542,2172936,2025
76,Dubai Marina,Villa,1,1,2562,5965435,2025
77,Deira,Apartment,3,4,1885,1207645,2024
78,Business Bay,Villa,5,5,1405,2683272,2025
79,Dubai Silicon Oasis,Penthouse,5,4,2974,1953379,2023
80,Al Barsha,Penthouse,4,4,3464,2886330,2025
81,Al Barsha,Townhouse,1,2,4722,5469850,2026
82,Business Bay,Townhouse,2,1,2382,4525544,2024
83,JVC,Penthouse,2,1,1097,1125602,2025
84,Al Barsha,Townhouse,1,1,4221,3864263,2024
85,Dubai Marina,Villa,1,1,3278,7625939,2023
86,Dubai Marina,Apartment,2,2,3606,7004790,2025
87,Dubai Marina,Apartment,3,3,802,1854699,2025
88,Palm Jumeirah,Apartment,2,2,1802,4768553,2026
89,Dubai Marina,Penthouse,3,2,3920,7073991,2025
90,Palm Jumeirah,Apartment,2,1,4220,12252889,2026
91,Downtown Dubai,Apartment,1,2,2373,6147452,2024
92,Dubai Silicon Oasis,Penthouse,5,5,4092,3842504,2025
93,Business Bay,Villa,3,4,4263,7560695,2024
94,Dubai Marina,Apartment,2,2,2151,3128700,2025
95,Deira,Penthouse,5,4,4526,2812103,2025
96,JVC,Penthouse,5,5,1690,1255027,2023
97,JVC,Townhouse,5,6,1463,1610992,2025
98,Deira,Apartment,1,2,3523,2330182,2025
99,Dubai Silicon Oasis,Townhouse,4,3,3310,2274529,2024
100,Dubai Silicon Oasis,Penthouse,5,6,999,780887,2025
101,Business Bay,Penthouse,5,5,4222,6019288,2026
102,Al Barsha,Townhouse,2,1,1279,1649179,2023
103,Downtown Dubai,Penthouse,5,5,4092,8619833,2025
104,Al Barsha,Penthouse,3,2,384,486348,2026
105,Dubai Silicon Oasis,Apartment,3,2,4055,3702585,2023
106,Palm Jumeirah,Townhouse,3,4,4009,13025884,2024
107,Palm Jumeirah,Townhouse,4,5,3978,12384490,2025
108,Palm Jumeirah,Penthouse,1,1,3441,11806312,2025
109,Dubai Marina,Townhouse,3,4,2542,5230540,2026
110,Al Barsha,Townhouse,5,6,3629,2922290,2025
111,Deira,Townhouse,3,3,1638,1437712,2025
112,Al Barsha,Villa,2,1,3980,3916247,2025
113,Dubai Marina,Villa,1,1,2933,5156055,2023
114,Al Barsha,Penthouse,3,2,2483,2491182,2025
115,JVC,Penthouse,4,5,2701,2777646,2024
116,Al Barsha,Townhouse,3,3,2994,2958098,2026
117,Dubai Silicon Oasis,Villa,5,6,523,412925,2023
118,Dubai Silicon Oasis,Apartment,4,5,1000,665385,2023
119,Dubai Silicon Oasis,Villa,3,3,1491,1202725,2026
120,Dubai Marina,Villa,1,2,882,1388736,2023
121,JVC,Penthouse,3,4,2394,2645406,2025
122,JVC,Townhouse,1,2,3458,3010292,2026
123,Palm Jumeirah,Villa,4,3,3393,13033534,2026
124,Dubai Silicon Oasis,Penthouse,1,1,2540,2321080,2024
125,Deira,Villa,5,6,4326,3567449,2024
126,Palm Jumeirah,Penthouse,2,3,2978,11380804,2025
127,Al Barsha,Townhouse,3,3,718,660177,2025
128,Downtown Dubai,Villa,1,1,3907,9314366,2023
129,Deira,Penthouse,2,1,3021,1734821,2024
130,Palm Jumeirah,Townhouse,5,5,3301,8421306,2026
131,Downtown Dubai,Penthouse,2,2,2978,6442145,2024
132,Deira,Apartment,3,4,2924,2335912,2026
133,Al Barsha,Villa,5,4,771,937417,2024
134,Al Barsha,Villa,4,4,2950,2738196,2025
135,Al Barsha,Townhouse,1,1,4046,4752183,2025
136,Al Barsha,Penthouse,2,3,1763,1608112,2024
137,Business Bay,Apartment,2,1,3153,4304309,2025
138,Dubai Marina,Apartment,2,1,493,734063,2023
139,Dubai Silicon Oasis,Townhouse,2,1,1965,1717849,2026
140,Business Bay,Villa,3,2,2380,4242529,2025
141,Deira,Townhouse,2,2,4919,3220217,2024
142,Dubai Marina,Apartment,2,2,1347,1947617,2025
143,Dubai Silicon Oasis,Townhouse,3,3,1635,1417878,2026
144,Dubai Silicon Oasis,Apartment,2,3,2249,2174878,2025
145,Dubai Silicon Oasis,Penthouse,2,2,4965,3313730,2024
146,Downtown Dubai,Apartment,3,2,4318,11097786,2026
147,Al Barsha,Apartment,5,5,511,570925,2023
148,Palm Jumeirah,Apartment,3,4,1437,4482049,2025
149,Downtown Dubai,Apartment,3,3,4170,7560941,2024
150,Palm Jumeirah,Villa,5,4,621,2350706,2025
151,Business Bay,Townhouse,4,5,4328,7642489,2025
152,Deira,Penthouse,2,3,1658,1160371,2023
153,Dubai Marina,Penthouse,2,1,4617,10228168,2026
154,Palm Jumeirah,Apartment,3,3,1715,6291249,2025
155,Deira,Villa,3,3,2369,1929648,2024
156,Deira,Penthouse,1,1,3427,2913895,2025
157,Al Barsha,Apartment,1,1,937,807847,2025
158,Deira,Townhouse,2,3,2940,2429382,2023
159,Deira,Villa,5,5,2698,1820642,2025
160,Dubai Marina,Apartment,4,5,3995,8871877,2026
161,Al Barsha,Apartment,5,5,4981,4906861,2024
162,JVC,Villa,1,1,3439,2560118,2026
163,Palm Jumeirah,Apartment,3,4,2252,6804576,2025
164,Palm Jumeirah,Apartment,3,2,2239,7915235,2023
165,Dubai Silicon Oasis,Townhouse,3,3,2293,1926974,2025
166,JVC,Penthouse,3,2,4135,4398131,2025
167,Business Bay,Townhouse,2,1,1843,2561738,2026
168,Al Barsha,Townhouse,1,2,1126,1000543,2025
169,Deira,Apartment,5,4,1904,1441828,2023
170,JVC,Villa,5,5,455,406492,2023
171,JVC,Townhouse,1,1,843,864984,2024
172,Al Barsha,Apartment,3,4,768,984020,2025
173,Al Barsha,Townhouse,3,3,3937,4448538,2026
174,Downtown Dubai,Apartment,4,5,3708,8228419,2026
175,Business Bay,Villa,5,6,3589,6535602,2026
176,Al Barsha,Townhouse,3,4,2497,3137263,2025
177,Dubai Marina,Penthouse,4,5,3684,7536323,2023
178,Downtown Dubai,Apartment,5,4,1099,2905203,2025
179,Downtown Dubai,Townhouse,5,4,4537,9489907,2023
180,Palm Jumeirah,Townhouse,2,2,2679,9420654,2023
181,Business Bay,Apartment,5,5,4711,6965292,2024
182,JVC,Townhouse,3,4,1058,1118728,2026
183,Downtown Dubai,Apartment,1,2,2662,7266499,2025
184,Deira,Townhouse,4,3,3587,3138916,2023
185,Al Barsha,Apartment,5,4,2654,2277915,2026
186,Downtown Dubai,Apartment,2,1,2424,6479037,2026
187,Deira,Apartment,3,3,1122,671492,2025
188,Al Barsha,Villa,2,2,2121,2204139,2023
189,Palm Jumeirah,Apartment,1,1,1460,4998722,2024
190,Palm Jumeirah,Villa,5,6,1752,5477406,2024
191,Downtown Dubai,Penthouse,1,1,3529,7530535,2025
192,Dubai Silicon Oasis,Penthouse,3,3,3280,2996373,2025
193,Dubai Silicon Oasis,Penthouse,1,2,3173,2869507,2024
194,Deira,Villa,4,3,2032,1552473,2024
195,Dubai Silicon Oasis,Apartment,5,6,4812,4096799,2025
196,Palm Jumeirah,Villa,4,5,757,2618167,2026
197,Deira,Apartment,4,5,1943,1362165,2023
198,Al Barsha,Apartment,5,4,898,749276,2025
199,Dubai Marina,Villa,5,5,1926,3705063,2026
200,Downtown Dubai,Townhouse,5,4,4822,12324072,2025
201,Downtown Dubai,Penthouse,2,2,2053,4288872,2025
202,Deira,Townhouse,3,4,4574,2786768,2025
203,Downtown Dubai,Villa,5,6,2652,7327543,2026
204,Business Bay,Townhouse,2,3,3603,7545356,2026
205,Business Bay,Penthouse,4,4,2476,4668916,2023
206,Deira,Townhouse,1,2,1586,1324805,2023
207,Palm Jumeirah,Penthouse,5,6,3903,15039070,2023
208,Dubai Marina,Penthouse,4,5,4856,9480529,2023
209,Deira,Townhouse,4,5,1575,1016605,2025
210,Business Bay,Penthouse,5,5,3971,7556774,2024
211,Dubai Marina,Villa,2,1,1564,3539542,2025
212,Deira,Villa,3,2,3683,2952115,2025
213,JVC,Apartment,5,6,4018,2940405,2025
214,Business Bay,Apartment,1,1,2439,5218393,2023
215,Dubai Silicon Oasis,Townhouse,5,4,3776,3554991,2024
216,Downtown Dubai,Penthouse,2,3,1615,3556252,2023
217,Dubai Silicon Oasis,Apartment,3,3,718,743127,2026
218,Business Bay,Townhouse,3,4,798,1574795,2024
219,Dubai Silicon Oasis,Apartment,4,3,2428,2355588,2023
220,Al Barsha,Penthouse,5,5,4547,5781889,2023
221,Al Barsha,Townhouse,2,2,943,773061,2025
222,Downtown Dubai,Villa,1,1,2469,6448686,2025
223,Al Barsha,Villa,3,3,3623,3598266,2026
224,JVC,Penthouse,4,3,1290,1433298,2024
225,Dubai Silicon Oasis,Villa,4,5,3705,3673723,2023
226,Dubai Silicon Oasis,Apartment,4,3,1772,1721404,2026
227,Palm Jumeirah,Townhouse,2,2,4110,14667771,2024
228,Dubai Silicon Oasis,Townhouse,5,6,3043,2914321,2024
229,Palm Jumeirah,Townhouse,1,1,2893,8230089,2026
230,Dubai Marina,Villa,1,1,1171,2114680,2025
231,Al Barsha,Villa,1,1,2503,2146391,2025
232,Palm Jumeirah,Apartment,5,5,4333,15797629,2026
233,Dubai Marina,Penthouse,1,1,440,889418,2024
234,Dubai Marina,Apartment,4,5,3877,7720832,2023
235,Deira,Villa,5,4,2641,1706422,2024
236,Dubai Silicon Oasis,Apartment,4,4,3695,3273823,2023
237,Deira,Apartment,5,4,3434,2469365,2025
238,Business Bay,Apartment,1,1,2359,5203903,2026
239,JVC,Villa,3,3,1785,1978459,2026
240,Business Bay,Penthouse,3,2,3266,5901941,2025
241,JVC,Apartment,4,3,1002,1085972,2026
242,JVC,Penthouse,4,3,3066,2434487,2025
243,Downtown Dubai,Townhouse,3,3,790,1478517,2024
244,Palm Jumeirah,Penthouse,2,1,3371,11279285,2024
245,Downtown Dubai,Townhouse,1,1,3273,8377127,2025
246,Downtown Dubai,Penthouse,3,2,742,1349224,2024
247,JVC,Townhouse,2,1,3872,3137998,2023
248,Al Barsha,Penthouse,3,2,2283,2439691,2026
249,Palm Jumeirah,Apartment,4,4,4009,9999347,2023
250,Business Bay,Penthouse,3,2,543,934201,2025
251,Palm Jumeirah,Apartment,3,2,1184,3697773,2023
252,Palm Jumeirah,Apartment,1,1,2647,10012845,2025
253,Business Bay,Townhouse,4,3,1225,1994698,2025
254,Al Barsha,Villa,3,2,1883,1665201,2024
255,Deira,Apartment,1,1,3421,1924750,2023
256,Downtown Dubai,Penthouse,2,3,1022,1935431,2025
257,Al Barsha,Townhouse,4,5,3501,4115190,2025
258,Downtown Dubai,Villa,5,4,830,1867013,2024
259,Dubai Marina,Villa,3,2,1164,1884344,2024
260,Business Bay,Townhouse,5,5,3082,6635772,2023
261,Business Bay,Villa,1,2,4039,8196777,2024
262,Al Barsha,Townhouse,2,3,1143,979759,2026
263,Deira,Apartment,5,6,1744,1140811,2024
264,Dubai Marina,Villa,1,1,4651,10253117,2025
265,Business Bay,Apartment,4,4,4952,9649303,2025
266,Al Barsha,Villa,2,2,3051,3883229,2026
267,Deira,Villa,2,2,2428,1424476,2023
268,Palm Jumeirah,Townhouse,3,4,1962,6990835,2025
269,Palm Jumeirah,Penthouse,2,1,3197,8039230,2025
270,Palm Jumeirah,Townhouse,5,5,3097,8996763,2024
271,Downtown Dubai,Penthouse,5,4,1720,4447465,2023
272,Palm Jumeirah,Villa,3,2,456,1580730,2026
273,Deira,Villa,3,2,1054,591021,2025
274,Dubai Marina,Townhouse,1,2,4807,7795745,2023
275,Deira,Apartment,2,2,2294,1909756,2025
276,Downtown Dubai,Villa,1,2,2592,4921591,2024
277,Dubai Marina,Penthouse,5,6,2522,4372494,2023
278,Al Barsha,Villa,2,2,3989,3557967,2024
279,Business Bay,Penthouse,2,3,652,948488,2024
280,Business Bay,Townhouse,5,4,734,1520210,2025
281,Palm Jumeirah,Apartment,4,5,1632,4066964,2025
282,Palm Jumeirah,Villa,4,3,2612,8369043,2023
283,Palm Jumeirah,Villa,1,1,3470,11933350,2025
284,Dubai Silicon Oasis,Penthouse,3,4,2631,1744447,2025
285,Deira,Villa,3,4,2401,1876860,2025
286,Dubai Marina,Villa,2,1,4710,8198503,2023
287,Downtown Dubai,Townhouse,4,5,1098,2939235,2023
288,Business Bay,Penthouse,5,4,3008,6130336,2026
289,Business Bay,Townhouse,2,3,2871,5841966,2024
290,JVC,Penthouse,2,2,2551,2294365,2024
291,Downtown Dubai,Apartment,2,1,4105,10939016,2025
292,Dubai Marina,Penthouse,5,6,1591,3193111,2026
293,Downtown Dubai,Apartment,1,2,4785,10414800,2026
294,Dubai Silicon Oasis,Penthouse,5,4,1891,1271258,2024
295,Business Bay,Townhouse,4,3,2884,4086039,2026
296,Dubai Silicon Oasis,Townhouse,3,2,2771,2052093,2023
297,JVC,Apartment,3,3,4301,3676551,2026
298,JVC,Townhouse,5,5,2390,2718356,2024
299,Business Bay,Apartment,4,5,1673,3697241,2026
300,Dubai Silicon Oasis,Townhouse,2,3,450,313861,2026
301,Palm Jumeirah,Villa,1,1,2041,7784684,2026
302,Dubai Marina,Apartment,4,4,4192,8702114,2025
303,JVC,Villa,1,2,396,373971,2024
304,Dubai Silicon Oasis,Apartment,1,2,4517,4615807,2025
305,Downtown Dubai,Apartment,5,4,2874,7314509,2023
306,Al Barsha,Apartment,3,2,1002,1099020,2025
307,Dubai Silicon Oasis,Villa,4,3,1755,1270287,2023
308,Downtown Dubai,Townhouse,2,2,2926,5936527,2024
309,Palm Jumeirah,Townhouse,1,1,1817,6845097,2024
310,Palm Jumeirah,Apartment,1,1,854,2325064,2026
311,Al Barsha,Villa,2,1,3446,2812463,2025
312,Al Barsha,Townhouse,1,1,3475,3242569,2025
313,Dubai Marina,Apartment,3,2,902,1688995,2024
314,JVC,Apartment,2,2,1657,1477852,2024
315,Dubai Silicon Oasis,Apartment,3,2,1484,1505252,2025
316,JVC,Apartment,3,4,3416,3102952,2024
317,Downtown Dubai,Apartment,2,2,3745,10253652,2025
318,Deira,Townhouse,3,2,3730,2865132,2025
319,Downtown Dubai,Penthouse,1,2,4715,11016772,2026
320,Downtown Dubai,Penthouse,2,3,3924,7597708,2024
321,Al Barsha,Townhouse,5,4,1841,1722284,2024
322,Dubai Marina,Villa,5,4,850,1887382,2026
323,Dubai Silicon Oasis,Penthouse,3,2,3208,3053961,2026
324,Downtown Dubai,Penthouse,5,5,4609,10380231,2025
325,Dubai Marina,Villa,3,3,4884,11028657,2023
326,Deira,Apartment,1,1,1420,1202331,2025
327,Downtown Dubai,Villa,5,5,1449,2728891,2025
328,JVC,Villa,3,3,523,519165,2024
329,JVC,Townhouse,4,3,1006,1085956,2024
330,Palm Jumeirah,Apartment,4,3,2930,10584672,2025
331,Business Bay,Townhouse,2,3,2892,4157654,2024
332,Downtown Dubai,Villa,4,5,2074,4162667,2026
333,Downtown Dubai,Villa,3,4,1791,3965888,2023
334,Downtown Dubai,Apartment,2,3,4208,8570830,2026
335,Dubai Marina,Townhouse,2,2,2489,3828192,2025
336,Deira,Apartment,4,5,4108,3204569,2026
337,Business Bay,Penthouse,2,3,4828,8648649,2026
338,Dubai Marina,Townhouse,1,2,1824,2880991,2024
339,JVC,Penthouse,5,4,1292,1271162,2024
340,Deira,Townhouse,2,1,4780,2780551,2023
341,JVC,Penthouse,4,4,3301,2945708,2025
342,Business Bay,Apartment,4,4,1702,3461255,2024
343,Deira,Apartment,5,6,3241,2824587,2025
344,Deira,Penthouse,4,3,2745,1772809,2026
345,Deira,Townhouse,4,5,4560,3925376,2025
346,Business Bay,Townhouse,5,6,1540,3261710,2025
347,Business Bay,Villa,5,6,4959,9302339,2026
348,Al Barsha,Villa,1,1,4702,6070700,2026
349,Al Barsha,Townhouse,4,3,1190,1098474,2023
350,Dubai Marina,Villa,1,1,1115,1674815,2024
351,Al Barsha,Apartment,5,6,2829,3456250,2025
352,Dubai Silicon Oasis,Villa,1,2,558,466695,2024
353,Dubai Silicon Oasis,Villa,2,2,1739,1353953,2025
354,JVC,Penthouse,1,1,2373,1767540,2026
355,Palm Jumeirah,Villa,4,4,4857,12127621,2025
356,Dubai Marina,Villa,1,2,4964,7553444,2024
357,Dubai Marina,Townhouse,1,1,1054,1691963,2023
358,Palm Jumeirah,Apartment,3,2,4496,17334783,2026
359,Downtown Dubai,Townhouse,5,5,772,1597688,2024
360,Downtown Dubai,Apartment,3,3,3831,10185679,2024
361,JVC,Penthouse,3,3,4282,3120448,2025
362,Business Bay,Villa,4,5,4492,7337874,2025
363,Downtown Dubai,Villa,3,2,1388,3826454,2024
364,Al Barsha,Villa,2,2,4504,4019911,2025
365,Deira,Villa,3,4,889,586213,2025
366,Al Barsha,Townhouse,1,1,2762,3351017,2023
367,Dubai Silicon Oasis,Townhouse,2,1,2533,1744114,2025
368,Palm Jumeirah,Penthouse,4,3,1819,4510710,2025
369,JVC,Penthouse,2,2,452,521919,2024
370,Dubai Silicon Oasis,Villa,1,1,3939,3158749,2026
371,Palm Jumeirah,Townhouse,1,2,1910,6468801,2024
372,Business Bay,Villa,5,4,3426,5029534,2025
373,Business Bay,Penthouse,2,3,2257,3491919,2025
374,Dubai Marina,Apartment,1,1,2087,3869261,2025
375,Dubai Silicon Oasis,Penthouse,4,5,4471,4068884,2023
376,Al Barsha,Villa,3,3,789,746886,2025
377,Deira,Townhouse,3,3,3775,3282822,2026
378,Downtown Dubai,Townhouse,5,4,3822,10010805,2025
379,Dubai Silicon Oasis,Villa,2,2,2116,1821078,2023
380,Downtown Dubai,Penthouse,3,2,1570,3556257,2023
381,Downtown Dubai,Villa,4,3,374,913119,2025
382,Dubai Marina,Townhouse,4,5,4706,9875526,2024
383,JVC,Penthouse,2,3,4756,3713140,2026
384,JVC,Apartment,4,3,1470,1622422,2026
385,Al Barsha,Penthouse,4,4,498,520261,2026
386,JVC,Penthouse,1,1,920,1049632,2024
387,Dubai Silicon Oasis,Villa,1,1,664,678752,2025
388,JVC,Penthouse,4,4,4214,3092328,2024
389,Palm Jumeirah,Apartment,1,2,4497,13386316,2023
390,Palm Jumeirah,Apartment,5,4,1062,3387073,2025
391,Al Barsha,Penthouse,1,1,3822,4088766,2024
392,Al Barsha,Penthouse,5,6,1183,1432845,2023
393,Al Barsha,Apartment,4,4,2057,1790725,2026
394,Dubai Silicon Oasis,Townhouse,3,2,3137,2788771,2026
395,Dubai Marina,Apartment,2,2,3697,8459982,2026
396,Dubai Marina,Penthouse,2,3,4416,10320289,2024
397,Business Bay,Penthouse,4,5,558,763663,2026
398,Downtown Dubai,Villa,4,4,1263,3574067,2024
399,Business Bay,Apartment,2,1,1654,2421255,2023
400,Palm Jumeirah,Apartment,3,4,1793,5747328,2025
401,JVC,Townhouse,5,6,4990,4146023,2025
402,Dubai Marina,Penthouse,2,2,3964,7871520,2025
403,Dubai Silicon Oasis,Townhouse,4,5,1839,1204196,2026
404,JVC,Villa,1,2,4868,4027051,2024
405,Al Barsha,Townhouse,5,4,2671,2538218,2026
406,Palm Jumeirah,Penthouse,1,1,2678,10105194,2023
407,Deira,Penthouse,2,2,2366,1808263,2025
408,Al Barsha,Apartment,3,3,1019,1176032,2026
409,JVC,Apartment,2,2,4694,4807626,2025
410,Downtown Dubai,Villa,1,2,414,907288,2026
411,Dubai Silicon Oasis,Villa,4,3,1160,748905,2025
412,Deira,Townhouse,1,1,1417,846596,2023
413,JVC,Penthouse,5,4,1648,1526812,2025
414,Deira,Townhouse,1,1,962,855653,2025
415,Business Bay,Penthouse,2,2,433,680435,2023
416,Al Barsha,Villa,5,4,3501,4023206,2025
417,Palm Jumeirah,Townhouse,1,2,4857,17678964,2023
418,JVC,Townhouse,1,1,916,1033296,2024
419,Deira,Villa,4,3,1728,1145180,2026
420,Al Barsha,Townhouse,1,1,2704,3422294,2026
421,JVC,Townhouse,5,6,4662,4632125,2025
422,Al Barsha,Townhouse,3,2,3578,3771939,2024
423,Downtown Dubai,Villa,5,5,3912,10234699,2024
424,Downtown Dubai,Villa,2,2,3052,6172925,2023
425,Al Barsha,Penthouse,1,2,2289,2761198,2024
426,Palm Jumeirah,Townhouse,5,4,1278,4313178,2026
427,Dubai Marina,Apartment,4,3,4369,9434547,2025
428,Deira,Townhouse,5,5,4089,3514506,2025
429,JVC,Townhouse,2,1,466,464977,2023
430,JVC,Penthouse,3,4,3676,2707487,2026
431,Business Bay,Penthouse,3,2,742,1196909,2024
432,Business Bay,Townhouse,3,3,3786,7974515,2024
433,Dubai Silicon Oasis,Apartment,2,1,4190,3732379,2024
434,Business Bay,Villa,2,3,959,2029769,2024
435,JVC,Apartment,4,4,2367,2113820,2025
436,Al Barsha,Apartment,1,1,925,973436,2025
437,Palm Jumeirah,Penthouse,2,1,2987,11033645,2025
438,Dubai Marina,Apartment,2,1,4663,9912736,2023
439,Deira,Apartment,1,1,726,502483,2026
440,Palm Jumeirah,Villa,1,2,2198,5349812,2025
441,Palm Jumeirah,Villa,3,3,4875,18137483,2026
442,Downtown Dubai,Townhouse,1,2,1749,4591111,2024
443,Business Bay,Villa,2,1,964,1679082,2026
444,Deira,Penthouse,3,4,2621,1968853,2025
445,Deira,Apartment,5,5,2713,1713284,2025
446,Deira,Penthouse,1,1,3432,2416935,2023
447,Dubai Silicon Oasis,Penthouse,3,4,1808,1275142,2024
448,Palm Jumeirah,Townhouse,1,2,4793,13017089,2026
449,Business Bay,Apartment,3,4,2772,5764135,2024
450,Palm Jumeirah,Townhouse,3,4,1681,4948374,2025
451,JVC,Townhouse,4,4,4815,5232101,2025
452,JVC,Townhouse,3,4,4650,4339635,2026
453,Deira,Villa,5,6,2671,1561926,2024
454,JVC,Villa,1,2,465,410449,2026
455,Deira,Villa,1,1,3125,1923111,2024
456,Deira,Townhouse,1,1,2931,2352865,2026
457,Dubai Silicon Oasis,Villa,2,2,1039,1043735,2025
458,Downtown Dubai,Villa,1,1,3297,8570166,2024
459,JVC,Penthouse,1,1,4259,4558394,2024
460,Al Barsha,Villa,2,2,842,1036445,2026
461,Business Bay,Townhouse,5,5,3713,7500872,2025
462,Deira,Penthouse,5,5,1002,760518,2023
463,Deira,Penthouse,1,2,3832,3103907,2023
464,Dubai Silicon Oasis,Townhouse,5,6,2298,1853065,2025
465,Downtown Dubai,Villa,2,2,380,698389,2024
466,JVC,Apartment,3,3,4842,5023627,2024
467,Business Bay,Penthouse,2,3,1121,2212194,2025
468,Palm Jumeirah,Townhouse,3,2,3121,8537757,2024
469,Dubai Silicon Oasis,Townhouse,4,5,1193,1218740,2023
470,Dubai Marina,Penthouse,4,5,4688,6972276,2025
471,Downtown Dubai,Villa,3,4,3783,9720626,2025
472,Dubai Silicon Oasis,Apartment,4,3,4090,4202030,2025
473,Palm Jumeirah,Townhouse,4,4,2359,6755526,2023
474,Deira,Penthouse,1,2,2523,2218632,2025
475,Downtown Dubai,Apartment,2,1,3299,8805294,2024
476,Palm Jumeirah,Penthouse,1,1,3999,14061140,2025
477,JVC,Townhouse,4,4,4288,4927796,2023
478,Deira,Townhouse,3,3,432,340813,2024
479,Dubai Marina,Penthouse,4,5,3435,6476323,2025
480,JVC,Villa,3,3,857,877616,2023
481,Deira,Townhouse,2,3,1688,1188585,2026
482,Palm Jumeirah,Apartment,1,1,4206,12144113,2026
483,Al Barsha,Townhouse,5,5,1514,1273459,2024
484,Al Barsha,Apartment,2,1,4055,4010412,2025
485,Dubai Marina,Apartment,1,1,2502,5411514,2025
486,Dubai Marina,Villa,2,1,1431,3278266,2024
487,JVC,Villa,5,6,1904,2206389,2024
488,Dubai Silicon Oasis,Penthouse,2,2,2818,2036315,2026
489,Business Bay,Penthouse,5,4,3907,7211216,2023
490,Dubai Silicon Oasis,Penthouse,3,2,3167,2756237,2025
491,Dubai Marina,Townhouse,5,5,4689,7495098,2025
492,Dubai Silicon Oasis,Apartment,4,5,4384,3825703,2024
493,Dubai Marina,Townhouse,1,2,3853,6806272,2025
494,Al Barsha,Villa,3,2,3154,4009374,2026
495,Dubai Silicon Oasis,Townhouse,3,4,1697,1259311,2023
496,JVC,Townhouse,2,2,2268,2485121,2024
497,JVC,Penthouse,3,4,902,1013473,2024
498,Palm Jumeirah,Villa,1,1,2089,7319455,2026
499,Deira,Penthouse,4,4,4658,2958468,2025
500,Dubai Marina,Townhouse,5,6,2330,3901193,2025
501,Downtown Dubai,Townhouse,1,1,878,2483185,2026
502,Al Barsha,Penthouse,3,4,3381,2832989,2026
503,Al Barsha,Penthouse,4,3,4826,4143328,2024
504,Downtown Dubai,Villa,1,2,4383,12432058,2026
505,Dubai Silicon Oasis,Apartment,2,3,1624,1544030,2024
506,Al Barsha,Apartment,2,3,2460,2886052,2023
507,Al Barsha,Villa,1,2,2819,2481012,2024
508,Downtown Dubai,Townhouse,5,4,1502,3451344,2024
509,Deira,Penthouse,3,3,1599,1365972,2026
510,Downtown Dubai,Apartment,4,5,1450,3076548,2025
511,Downtown Dubai,Villa,3,2,4974,9808935,2025
512,Dubai Marina,Penthouse,5,4,3818,5535530,2023
513,Business Bay,Penthouse,5,4,4259,8045937,2023
514,Deira,Penthouse,4,5,4147,2748770,2026
515,Downtown Dubai,Penthouse,2,1,4810,13035290,2026
516,Downtown Dubai,Apartment,3,3,839,1738298,2025
517,JVC,Townhouse,5,5,4449,3506742,2024
518,Downtown Dubai,Townhouse,3,3,659,1856068,2023
519,Al Barsha,Villa,3,4,2560,3282914,2026
520,Downtown Dubai,Penthouse,1,2,3114,7827120,2023
521,JVC,Penthouse,5,5,2014,2291475,2024
522,JVC,Villa,4,5,1029,815817,2025
523,Downtown Dubai,Townhouse,2,1,1244,2819370,2026
524,Dubai Silicon Oasis,Villa,3,4,4184,3019440,2023
525,Downtown Dubai,Townhouse,3,2,1832,4189164,2026
526,Business Bay,Penthouse,1,1,1793,3644274,2024
527,Palm Jumeirah,Penthouse,5,4,4643,17027699,2025
528,JVC,Apartment,5,4,1019,735589,2023
529,Business Bay,Penthouse,5,6,4605,7787413,2026
530,Downtown Dubai,Townhouse,2,1,4632,13217298,2025
531,Business Bay,Townhouse,2,3,3133,5830255,2026
532,Dubai Marina,Apartment,1,1,1119,1909658,2025
533,Business Bay,Villa,4,3,1074,1815752,2026
534,JVC,Villa,2,2,1673,1447402,2025
535,JVC,Apartment,5,4,3034,2795586,2025
536,Dubai Marina,Penthouse,5,4,1064,1957800,2023
537,Dubai Silicon Oasis,Apartment,1,1,2468,2079895,2026
538,Dubai Marina,Townhouse,5,6,887,1648095,2025
539,Downtown Dubai,Townhouse,1,1,2862,6661949,2025
540,Dubai Marina,Townhouse,3,2,448,656405,2025
541,Dubai Silicon Oasis,Penthouse,3,4,3647,2413477,2026
542,JVC,Apartment,5,6,607,538417,2025
543,Business Bay,Apartment,4,3,1255,2650811,2025
544,Al Barsha,Penthouse,5,6,1162,1389073,2025
545,Dubai Marina,Apartment,3,4,4214,6485928,2025
546,Dubai Marina,Villa,5,5,598,1127438,2025
547,Downtown Dubai,Townhouse,5,4,2346,5689157,2026
548,Deira,Townhouse,5,5,3098,2256633,2026
549,Dubai Silicon Oasis,Apartment,3,3,2749,2526404,2025
550,Palm Jumeirah,Apartment,2,1,3515,13694070,2023
551,Al Barsha,Penthouse,5,4,4084,3464200,2024
552,Dubai Silicon Oasis,Townhouse,4,3,2180,1844745,2026
553,JVC,Penthouse,5,4,4201,3993332,2026
554,Downtown Dubai,Townhouse,3,4,1828,4348111,2024
555,Downtown Dubai,Townhouse,5,4,4927,9576433,2026
556,Al Barsha,Villa,4,4,2696,3017306,2024
557,Deira,Apartment,4,4,3772,2170858,2026
558,Al Barsha,Townhouse,1,1,4418,5171541,2026
559,Palm Jumeirah,Townhouse,3,4,4035,13697773,2025
560,Dubai Silicon Oasis,Villa,4,5,4307,3325733,2026
561,Dubai Silicon Oasis,Penthouse,4,4,2844,2945234,2025
562,Al Barsha,Townhouse,5,6,552,670342,2024
563,Al Barsha,Townhouse,2,1,2642,2826326,2026
564,Dubai Marina,Townhouse,2,3,1193,2781431,2023
565,Deira,Apartment,5,6,4484,3813784,2024
566,Dubai Silicon Oasis,Penthouse,5,5,1450,1008026,2024
567,JVC,Apartment,1,2,1410,1390227,2025
568,Al Barsha,Apartment,2,3,1509,1645457,2025
569,JVC,Penthouse,5,5,3337,3383135,2026
570,Downtown Dubai,Apartment,1,1,3006,8401265,2026
571,Deira,Townhouse,4,3,4762,3486789,2026
572,Downtown Dubai,Apartment,1,1,2285,4216098,2025
573,Business Bay,Townhouse,1,1,1662,2937471,2026
574,Dubai Silicon Oasis,Apartment,4,5,579,553013,2024
575,Downtown Dubai,Villa,4,3,382,823007,2025
576,Downtown Dubai,Townhouse,3,4,2087,3735344,2023
577,Dubai Silicon Oasis,Villa,5,4,4655,3543838,2023
578,Al Barsha,Apartment,2,2,2785,3177893,2024
579,Business Bay,Apartment,3,3,4504,6454718,2023
580,Business Bay,Apartment,4,3,822,1380606,2026
581,Dubai Silicon Oasis,Apartment,4,3,783,542816,2025
582,Deira,Villa,2,1,4225,3069779,2026
583,Dubai Silicon Oasis,Apartment,4,3,846,589328,2025
584,Dubai Marina,Townhouse,3,4,591,909036,2025
585,Palm Jumeirah,Penthouse,3,3,2229,7682690,2024
586,Deira,Townhouse,5,6,4650,2861147,2026
587,Dubai Marina,Villa,2,3,3555,5614469,2023
588,Palm Jumeirah,Villa,4,4,810,2663910,2025
589,Dubai Marina,Penthouse,5,6,4242,6274912,2026
590,Dubai Silicon Oasis,Penthouse,4,3,4272,2790457,2026
591,Deira,Townhouse,5,5,4073,2895928,2026
592,Downtown Dubai,Apartment,3,3,4547,9828818,2024
593,Palm Jumeirah,Penthouse,2,2,1465,4712801,2025
594,Dubai Marina,Townhouse,5,6,4905,11448937,2023
595,Al Barsha,Apartment,4,5,1841,1872947,2024
596,Downtown Dubai,Villa,2,2,4079,9763756,2023
597,Palm Jumeirah,Townhouse,2,1,3044,11502866,2026
598,Dubai Marina,Penthouse,2,2,3974,7450698,2026
599,Downtown Dubai,Penthouse,5,6,3269,8562271,2025
600,Dubai Silicon Oasis,Apartment,1,2,3337,2868021,2026
601,Business Bay,Townhouse,4,5,3215,6113728,2025
602,Dubai Marina,Penthouse,3,2,3972,9053189,2024
603,Deira,Penthouse,1,1,3786,2121092,2025
604,Downtown Dubai,Townhouse,4,4,975,2682258,2024
605,Palm Jumeirah,Penthouse,4,4,4191,13187140,2025
606,Al Barsha,Townhouse,4,4,2842,3135812,2026
607,Deira,Townhouse,3,4,1852,1328847,2024
608,Downtown Dubai,Townhouse,2,2,2741,5610855,2024
609,Downtown Dubai,Penthouse,1,1,4846,8880817,2023
610,Downtown Dubai,Villa,1,2,4337,12142031,2025
611,Deira,Penthouse,2,2,4226,3289335,2024
612,Deira,Apartment,4,4,2502,2166018,2025
613,Palm Jumeirah,Villa,1,1,3996,11333504,2024
614,Business Bay,Penthouse,5,5,2140,3416080,2026
615,Dubai Marina,Apartment,3,3,3540,6167409,2026
616,Al Barsha,Penthouse,2,1,3323,3042270,2024
617,Deira,Townhouse,5,4,1511,1109511,2026
618,Deira,Apartment,1,2,1589,1410530,2024
619,Dubai Marina,Apartment,5,4,634,1412841,2023
620,JVC,Apartment,2,1,999,941852,2025
621,JVC,Villa,2,1,2366,2074847,2024
622,Palm Jumeirah,Villa,3,2,2572,8532691,2026
623,Al Barsha,Penthouse,5,5,1117,1235546,2026
624,Al Barsha,Penthouse,2,2,2288,2612626,2026
625,Palm Jumeirah,Apartment,5,5,3159,10119540,2023
626,JVC,Townhouse,2,2,1431,1047549,2025
627,Business Bay,Penthouse,2,2,1922,2738157,2025
628,Deira,Townhouse,4,5,2058,1853890,2023
629,JVC,Apartment,4,3,2698,2848564,2026
630,Business Bay,Apartment,2,3,2053,4446818,2026
631,Al Barsha,Townhouse,1,1,3776,3661824,2026
632,Palm Jumeirah,Penthouse,2,3,1872,5994937,2026
633,Business Bay,Apartment,3,3,2367,3866871,2023
634,Deira,Apartment,1,1,2114,1856361,2026
635,JVC,Apartment,1,1,1200,1019376,2026
636,Dubai Marina,Villa,5,5,3538,7303953,2025
637,Al Barsha,Penthouse,1,1,1444,1281590,2024
638,Business Bay,Penthouse,3,4,1730,2507572,2025
639,JVC,Villa,4,3,4036,3188583,2023
640,Dubai Marina,Townhouse,2,2,4762,9126419,2023
641,Dubai Silicon Oasis,Apartment,3,4,3469,3392045,2026
642,Deira,Townhouse,1,2,4611,4194847,2026
643,JVC,Townhouse,4,5,4321,4321896,2026
644,Palm Jumeirah,Penthouse,4,4,2586,8276248,2024
645,Business Bay,Penthouse,5,6,3931,7975410,2025
646,JVC,Apartment,5,4,1876,1404532,2025
647,JVC,Villa,2,3,2491,2700813,2025
648,Dubai Marina,Apartment,1,1,2839,6025895,2025
649,Dubai Silicon Oasis,Apartment,2,2,4816,4102348,2026
650,Dubai Silicon Oasis,Apartment,1,1,4295,2788291,2026
651,Al Barsha,Penthouse,3,3,2625,2365383,2026
652,JVC,Villa,1,1,3384,2999478,2023
653,Dubai Silicon Oasis,Townhouse,5,6,1290,1311270,2025
654,JVC,Townhouse,4,3,4090,4119938,2025
655,Al Barsha,Penthouse,2,2,2921,3081790,2025
656,Dubai Marina,Townhouse,5,4,2827,5313583,2026
657,JVC,Penthouse,4,4,3913,4190780,2024
658,Palm Jumeirah,Villa,3,3,3293,9501771,2023
659,Dubai Silicon Oasis,Penthouse,1,1,686,464977,2026
660,JVC,Penthouse,2,3,1689,1730666,2025
661,Business Bay,Townhouse,3,4,1171,1920046,2025
662,Al Barsha,Villa,4,4,3767,3626854,2026
663,Business Bay,Apartment,2,1,513,895958,2025
664,Deira,Apartment,4,5,1291,832639,2025
665,Business Bay,Villa,2,3,3128,6704702,2024
666,Dubai Marina,Villa,2,2,3580,7884138,2025
667,JVC,Apartment,3,3,2690,3136512,2025
668,Palm Jumeirah,Penthouse,1,1,4352,16741374,2025
669,Dubai Marina,Apartment,3,3,4623,7965474,2025
670,Downtown Dubai,Villa,2,1,964,2100226,2023
671,Dubai Silicon Oasis,Villa,2,2,4779,4393349,2024
672,Dubai Marina,Penthouse,4,5,3206,4662361,2025
673,Downtown Dubai,Apartment,2,2,3308,9438642,2025
674,Palm Jumeirah,Penthouse,4,4,792,1913681,2023
675,Palm Jumeirah,Townhouse,4,5,3241,10362218,2026
676,Downtown Dubai,Penthouse,4,5,3724,9293503,2024
677,Dubai Marina,Penthouse,2,1,3050,6901331,2025
678,Dubai Silicon Oasis,Penthouse,5,4,742,666059,2025
679,Palm Jumeirah,Villa,2,1,2783,9171246,2025
680,Palm Jumeirah,Townhouse,2,3,4702,13403234,2024
681,Dubai Marina,Villa,5,5,3713,7321402,2023
682,Downtown Dubai,Penthouse,2,3,988,2553655,2024
683,Dubai Marina,Apartment,4,4,4813,9164108,2024
684,Dubai Silicon Oasis,Townhouse,1,2,4808,4576514,2024
685,Al Barsha,Apartment,4,5,1137,949175,2025
686,Palm Jumeirah,Villa,5,4,4074,11827091,2025
687,Deira,Penthouse,4,5,2241,2007790,2024
688,Downtown Dubai,Apartment,3,4,3110,6580103,2025
689,Dubai Silicon Oasis,Penthouse,5,4,2420,2150755,2023
690,Palm Jumeirah,Penthouse,2,2,3989,12684330,2026
691,Palm Jumeirah,Villa,2,3,4984,18963801,2025
692,Dubai Silicon Oasis,Villa,1,2,4047,2853575,2025
693,Dubai Marina,Apartment,4,4,4680,8000222,2024
694,Business Bay,Penthouse,4,4,4749,9939755,2025
695,Dubai Marina,Townhouse,4,3,768,1566399,2025
696,Business Bay,Penthouse,4,4,1528,2783392,2026
697,JVC,Villa,1,1,3706,3326895,2023
698,Business Bay,Villa,4,4,3093,5287848,2025
699,Deira,Townhouse,4,3,583,517250,2026
700,JVC,Villa,2,3,791,808389,2025
701,Dubai Marina,Villa,3,3,2770,6305042,2025
702,Downtown Dubai,Apartment,5,4,3215,9096536,2026
703,Deira,Penthouse,3,3,1129,848390,2024
704,Palm Jumeirah,Villa,4,4,1146,3798799,2023
705,Dubai Silicon Oasis,Penthouse,3,2,951,858321,2026
706,Dubai Silicon Oasis,Townhouse,4,4,2977,2904562,2023
707,Downtown Dubai,Townhouse,4,5,386,959201,2026
708,Deira,Villa,4,5,3011,1806981,2023
709,Dubai Marina,Villa,4,3,2563,5864623,2023
710,Dubai Marina,Villa,5,5,2516,5119659,2024
711,Al Barsha,Apartment,2,2,3508,4332234,2026
712,Business Bay,Townhouse,5,6,2780,4784455,2023
713,Dubai Silicon Oasis,Apartment,4,5,3734,3098796,2024
714,Dubai Marina,Villa,3,3,3902,8038005,2024
715,Palm Jumeirah,Townhouse,2,1,4628,16496996,2023
716,JVC,Apartment,3,3,4066,3071075,2023
717,Dubai Silicon Oasis,Apartment,4,3,2757,2213697,2026
718,Deira,Apartment,2,3,2638,2188088,2025
719,Al Barsha,Penthouse,2,3,1446,1874186,2024
720,JVC,Penthouse,5,6,3138,2275800,2024
721,Dubai Silicon Oasis,Apartment,3,3,996,742939,2023
722,Al Barsha,Villa,4,5,4680,4831745,2024
723,Al Barsha,Apartment,1,1,4279,3900183,2024
724,Business Bay,Apartment,1,1,906,1252892,2026
725,Dubai Silicon Oasis,Penthouse,5,6,4004,3426692,2024
726,Deira,Villa,1,1,894,703836,2025
727,Dubai Marina,Penthouse,4,5,3703,6718930,2025
728,Dubai Silicon Oasis,Townhouse,5,6,757,596479,2024
729,Dubai Marina,Villa,3,3,2620,6096869,2026
730,Deira,Penthouse,5,4,3409,2478803,2025
731,Downtown Dubai,Apartment,3,4,3738,9860381,2023
732,Dubai Silicon Oasis,Villa,5,4,2296,1733180,2026
733,Deira,Villa,2,3,4635,3942372,2024
734,Al Barsha,Townhouse,3,4,3950,4786806,2023
735,Deira,Apartment,2,2,1318,861570,2025
736,Palm Jumeirah,Townhouse,4,4,3471,11745108,2025
737,Al Barsha,Penthouse,1,1,3746,4274214,2023
738,JVC,Penthouse,5,5,1901,1747355,2024
739,Palm Jumeirah,Penthouse,1,1,3782,13466454,2026
740,JVC,Townhouse,2,3,4527,3884611,2025
741,Dubai Marina,Penthouse,3,3,4149,7782879,2025
742,Dubai Silicon Oasis,Townhouse,1,1,3895,4035456,2025
743,Business Bay,Penthouse,3,4,3300,4989185,2025
744,Dubai Marina,Apartment,5,4,1607,2527818,2025
745,Al Barsha,Apartment,5,5,4047,3525339,2023
746,Dubai Silicon Oasis,Villa,1,1,2043,2123174,2024
747,Deira,Townhouse,3,2,2824,1739498,2025
748,JVC,Penthouse,3,2,1812,1459761,2025
749,Al Barsha,Apartment,1,1,1805,2071044,2025
750,Deira,Apartment,4,5,1082,893541,2025
751,JVC,Penthouse,3,4,4820,4613595,2025
752,JVC,Villa,4,5,1037,1205202,2024
753,Dubai Silicon Oasis,Apartment,2,3,751,492328,2026
754,Dubai Silicon Oasis,Townhouse,2,2,4702,4176919,2026
755,Deira,Penthouse,4,4,2930,2262734,2026
756,Dubai Marina,Penthouse,4,3,2386,4125681,2026
757,Downtown Dubai,Penthouse,1,2,3779,10389924,2026
758,JVC,Apartment,2,2,2132,2065474,2024
759,Palm Jumeirah,Apartment,3,3,944,2614417,2025
760,Al Barsha,Penthouse,5,4,3743,3159762,2025
761,Al Barsha,Townhouse,2,2,1168,996957,2025
762,JVC,Apartment,2,3,2921,3282614,2026
763,Dubai Marina,Villa,5,5,4763,7931718,2024
764,JVC,Penthouse,4,4,4703,5305700,2024
765,Downtown Dubai,Penthouse,5,6,2027,3835346,2024
766,Dubai Silicon Oasis,Penthouse,4,3,3978,4111557,2023
767,Dubai Marina,Villa,5,6,3198,7003665,2025
768,Al Barsha,Penthouse,1,2,2579,2213076,2023
769,Deira,Apartment,2,2,1000,590119,2023
770,Dubai Marina,Penthouse,2,3,2100,4542496,2025
771,Deira,Apartment,1,1,3381,1985739,2025
772,Palm Jumeirah,Penthouse,4,3,4937,13790381,2025
773,Dubai Marina,Apartment,4,3,372,803938,2023
774,Downtown Dubai,Penthouse,1,1,3687,10169992,2026
775,JVC,Townhouse,1,2,4285,4565425,2023
776,Downtown Dubai,Townhouse,1,1,4773,13072684,2025
777,Palm Jumeirah,Townhouse,3,4,2320,7516411,2026
778,Palm Jumeirah,Villa,3,2,900,3212475,2026
779,Downtown Dubai,Penthouse,2,3,1609,3441015,2025
780,Dubai Marina,Apartment,5,4,4304,9239365,2024
781,Deira,Townhouse,2,2,4432,3536334,2026
782,Business Bay,Apartment,3,4,3312,6122581,2025
783,JVC,Apartment,3,4,920,1073212,2026
784,JVC,Townhouse,2,3,916,853163,2024
785,Dubai Marina,Townhouse,5,5,2573,5139110,2026
786,Al Barsha,Apartment,5,5,3085,3254529,2026
787,Al Barsha,Townhouse,1,1,500,465127,2025
788,Palm Jumeirah,Penthouse,3,3,3540,10250240,2026
789,JVC,Townhouse,1,2,2881,3343266,2025
790,Downtown Dubai,Apartment,3,3,407,891867,2024
791,JVC,Apartment,4,4,794,814431,2025
792,Dubai Silicon Oasis,Apartment,3,3,2462,2134157,2025
793,Dubai Marina,Townhouse,2,1,3710,8313459,2025
794,Al Barsha,Apartment,2,1,4188,4937003,2024
795,JVC,Villa,2,2,2355,1781070,2025
796,JVC,Apartment,2,2,1723,1516151,2024
797,Al Barsha,Villa,2,2,4852,5608702,2026
798,Dubai Silicon Oasis,Apartment,4,5,2482,1748675,2026
799,Dubai Silicon Oasis,Villa,1,2,1816,1527938,2024
800,JVC,Townhouse,1,2,2406,2076368,2026
801,Palm Jumeirah,Penthouse,3,3,406,1013835,2024
802,JVC,Villa,4,5,1753,2048758,2025
803,Downtown Dubai,Villa,2,3,2747,7642981,2026
804,Business Bay,Penthouse,2,1,4620,9218735,2023
805,Dubai Marina,Penthouse,4,4,3782,6130331,2023
806,Downtown Dubai,Villa,2,2,3983,11341109,2026
807,Palm Jumeirah,Villa,4,5,2883,9647061,2024
808,Deira,Townhouse,1,1,864,775981,2024
809,JVC,Penthouse,1,1,2167,1601760,2025
810,Palm Jumeirah,Townhouse,3,2,4986,13263787,2023
811,Al Barsha,Townhouse,2,1,555,631936,2024
812,Dubai Silicon Oasis,Apartment,4,3,4438,4450745,2026
813,Palm Jumeirah,Villa,3,2,3532,9408094,2025
814,Downtown Dubai,Apartment,2,3,1670,3521709,2024
815,Deira,Villa,1,1,3967,3038174,2025
816,Downtown Dubai,Penthouse,1,2,4241,12127678,2024
817,Downtown Dubai,Apartment,4,5,550,1451797,2025
818,JVC,Townhouse,2,2,844,958449,2026
819,JVC,Villa,3,3,3445,3526838,2026
820,Downtown Dubai,Apartment,5,4,4995,13611916,2025
821,Dubai Marina,Apartment,5,6,461,874212,2025
822,Dubai Silicon Oasis,Townhouse,2,2,3445,2375890,2026
823,Deira,Penthouse,1,2,984,795411,2025
824,Deira,Villa,4,3,3373,2598951,2024
825,Dubai Marina,Penthouse,4,3,3248,6095895,2025
826,Al Barsha,Apartment,2,1,770,721871,2024
827,JVC,Townhouse,3,4,3515,3771213,2026
828,Deira,Apartment,1,1,4521,3829935,2025
829,Business Bay,Penthouse,4,3,4365,7287619,2024
830,Downtown Dubai,Penthouse,4,3,484,1345782,2024
831,JVC,Apartment,2,2,1493,1323370,2026
832,Downtown Dubai,Villa,3,4,1469,2759250,2024
833,Al Barsha,Townhouse,2,3,2457,2170180,2026
834,Business Bay,Townhouse,1,1,1015,1807043,2026
835,Al Barsha,Villa,1,2,4322,3630183,2026
836,Al Barsha,Apartment,5,4,3961,4591616,2024
837,Downtown Dubai,Townhouse,3,4,4108,10822959,2026
838,JVC,Apartment,1,1,1271,1229388,2024
839,Dubai Marina,Villa,1,1,417,935753,2026
840,Dubai Marina,Apartment,2,3,4584,10537964,2023
841,Dubai Silicon Oasis,Townhouse,5,6,1693,1386621,2025
842,Deira,Villa,2,1,3401,2010652,2025
843,Business Bay,Villa,5,5,4578,7125998,2026
844,Downtown Dubai,Penthouse,3,2,518,1286389,2024
845,Palm Jumeirah,Villa,4,3,375,1128253,2023
846,Palm Jumeirah,Penthouse,4,4,375,1285317,2026
847,Downtown Dubai,Penthouse,1,1,1076,2682907,2024
848,Dubai Marina,Apartment,1,1,590,1171050,2024
849,Business Bay,Townhouse,5,6,4162,6218684,2023
850,Palm Jumeirah,Apartment,5,5,3167,8959040,2026
851,Al Barsha,Townhouse,1,1,4907,4852683,2025
852,Business Bay,Apartment,4,4,4076,8399638,2025
853,Dubai Marina,Villa,5,5,4828,9916714,2026
854,Dubai Silicon Oasis,Penthouse,5,4,1459,1310143,2026
855,Business Bay,Apartment,2,2,1688,3260062,2025
856,Deira,Townhouse,5,6,4299,3164583,2024
857,Dubai Marina,Penthouse,4,4,1488,2195794,2025
858,Dubai Marina,Penthouse,5,5,616,998541,2025
859,Dubai Marina,Apartment,1,2,3461,5420867,2023
860,Al Barsha,Villa,4,4,4074,3389561,2026
861,Downtown Dubai,Townhouse,1,1,4852,10244630,2024
862,Al Barsha,Townhouse,2,1,4664,5568186,2025
863,Dubai Silicon Oasis,Apartment,1,2,909,623621,2025
864,Deira,Townhouse,3,3,3940,2360051,2026
865,Dubai Silicon Oasis,Apartment,5,5,4284,2954698,2024
866,Dubai Silicon Oasis,Townhouse,4,3,3596,2689551,2024
867,Deira,Townhouse,2,1,4162,2625275,2025
868,Al Barsha,Villa,3,3,4246,3426439,2026
869,Palm Jumeirah,Apartment,2,3,2426,6828591,2025
870,Downtown Dubai,Apartment,4,3,536,1530775,2024
871,Dubai Marina,Townhouse,2,2,2471,4306552,2026
872,Business Bay,Villa,1,2,1288,1982966,2025
873,Business Bay,Penthouse,3,2,878,1564031,2024
874,JVC,Penthouse,5,4,930,765590,2024
875,Dubai Marina,Villa,3,2,3592,6981701,2025
876,Palm Jumeirah,Villa,2,3,2696,8090652,2025
877,Business Bay,Penthouse,1,1,2860,6069821,2023
878,Dubai Silicon Oasis,Townhouse,5,6,3815,3857604,2025
879,Dubai Silicon Oasis,Apartment,4,5,2899,2682225,2026
880,Palm Jumeirah,Penthouse,1,1,3279,8930492,2025
881,Al Barsha,Apartment,1,1,750,777711,2025
882,JVC,Townhouse,1,1,4307,3692995,2024
883,Dubai Silicon Oasis,Apartment,2,2,2436,2336881,2024
884,Dubai Silicon Oasis,Villa,5,5,1071,697938,2026
885,Downtown Dubai,Townhouse,1,1,4131,10280988,2025
886,Deira,Apartment,5,6,3765,2534332,2024
887,Business Bay,Villa,1,1,596,1054236,2025
888,JVC,Penthouse,4,4,1247,1079088,2023
889,Business Bay,Penthouse,2,3,423,706440,2024
890,Dubai Silicon Oasis,Penthouse,5,5,1609,1463779,2024
891,Dubai Silicon Oasis,Penthouse,3,4,814,714852,2026
892,JVC,Penthouse,2,1,3651,3029746,2025
893,Business Bay,Apartment,2,3,2779,3882518,2025
894,Palm Jumeirah,Apartment,5,6,4907,18077548,2025
895,Deira,Villa,3,4,3834,2807666,2026
896,Business Bay,Penthouse,2,1,3193,6021744,2024
897,Business Bay,Penthouse,4,3,2718,4825059,2023
898,Dubai Silicon Oasis,Villa,3,2,603,535208,2026
899,JVC,Apartment,4,5,676,677445,2026
900,JVC,Townhouse,3,2,3215,2336559,2024
901,JVC,Villa,1,1,370,355187,2024
902,JVC,Apartment,1,1,546,516487,2025
903,Palm Jumeirah,Apartment,1,2,1368,3479817,2023
904,Deira,Apartment,3,4,4461,3662742,2025
905,Downtown Dubai,Villa,3,2,2484,5016302,2025
906,Dubai Silicon Oasis,Townhouse,4,5,3649,2414945,2025
907,JVC,Apartment,5,4,2263,2447256,2025
908,Dubai Marina,Villa,1,1,1155,2562504,2026
909,Deira,Penthouse,5,4,2075,1336804,2026
910,Downtown Dubai,Penthouse,5,5,776,1952648,2025
911,Al Barsha,Penthouse,4,4,3931,3154530,2025
912,Dubai Silicon Oasis,Villa,3,4,1203,1116937,2026
913,Deira,Apartment,1,2,2100,1517643,2025
914,Al Barsha,Penthouse,1,1,4907,5869957,2023
915,Business Bay,Villa,1,1,3102,5255032,2024
916,JVC,Villa,4,3,2482,2179156,2024
917,Palm Jumeirah,Villa,3,4,2875,10525884,2024
918,JVC,Apartment,1,1,3995,2945877,2026
919,Dubai Silicon Oasis,Townhouse,1,2,1533,1095889,2023
920,Business Bay,Apartment,1,1,3309,5659414,2025
921,Business Bay,Apartment,4,5,4408,8229239,2026
922,Deira,Penthouse,4,5,3011,1691547,2023
923,Downtown Dubai,Townhouse,4,5,2426,5804599,2025
924,Palm Jumeirah,Penthouse,1,1,1024,3038964,2026
925,Al Barsha,Townhouse,1,1,1504,1676961,2023
926,Al Barsha,Apartment,1,1,4749,5952809,2024
927,Downtown Dubai,Villa,4,4,2866,6434053,2023
928,Dubai Marina,Villa,4,5,1751,3395400,2025
929,Downtown Dubai,Villa,2,3,2295,5207513,2025
930,Al Barsha,Villa,1,1,3037,2609575,2026
931,JVC,Villa,2,2,2849,3068090,2025
932,Dubai Marina,Townhouse,5,6,3603,8058744,2025
933,Palm Jumeirah,Penthouse,1,1,1547,5595808,2026
934,Dubai Silicon Oasis,Townhouse,4,4,3368,3432122,2023
935,Downtown Dubai,Penthouse,3,4,2408,5477793,2026
936,Dubai Marina,Penthouse,1,1,4723,9573944,2025
937,Downtown Dubai,Townhouse,5,4,1084,2108570,2025
938,Downtown Dubai,Villa,3,3,1040,2947868,2025
939,Downtown Dubai,Townhouse,4,5,2496,5986929,2023
940,Downtown Dubai,Apartment,1,1,2713,5555761,2026
941,Deira,Penthouse,2,3,3562,2998780,2025
942,Downtown Dubai,Apartment,4,3,2228,5358652,2026
943,Palm Jumeirah,Apartment,4,4,4598,17585108,2026
944,Business Bay,Penthouse,1,1,2554,5144983,2025
945,Deira,Apartment,4,3,951,824557,2026
946,Deira,Townhouse,5,6,904,679200,2023
947,Palm Jumeirah,Townhouse,4,5,4876,15485993,2023
948,Dubai Silicon Oasis,Apartment,2,3,973,917471,2024
949,Downtown Dubai,Villa,5,4,4757,8921826,2024
950,Palm Jumeirah,Penthouse,4,4,1643,4076360,2025
951,Business Bay,Townhouse,1,2,784,1721779,2024
952,Palm Jumeirah,Townhouse,1,1,1766,6665666,2025
953,Downtown Dubai,Townhouse,5,5,3208,9018416,2026
954,JVC,Villa,2,2,2339,1749721,2026
955,Dubai Silicon Oasis,Townhouse,1,1,4002,2992377,2025
956,Al Barsha,Apartment,3,3,3191,3991210,2026
957,Business Bay,Apartment,3,4,2213,3177995,2026
958,Dubai Marina,Penthouse,3,2,3301,6094606,2026
959,Deira,Apartment,4,5,4867,3306892,2024
960,JVC,Townhouse,5,6,2264,2526471,2025
961,JVC,Apartment,4,3,1063,1013181,2023
962,Dubai Marina,Villa,1,2,2250,3828007,2024
963,JVC,Penthouse,1,1,4256,4068461,2023
964,Downtown Dubai,Villa,1,1,1361,2563703,2025
965,Dubai Marina,Penthouse,2,2,4763,9993166,2023
966,Palm Jumeirah,Villa,2,3,3085,10265357,2025
967,Dubai Silicon Oasis,Townhouse,5,6,3147,2770252,2025
968,Downtown Dubai,Townhouse,2,2,1824,4088730,2024
969,Dubai Marina,Townhouse,1,2,4630,7893315,2024
970,Dubai Marina,Villa,5,4,517,774901,2026
971,Palm Jumeirah,Penthouse,2,3,1738,6640113,2026
972,Al Barsha,Villa,5,5,2295,2313995,2026
973,JVC,Penthouse,4,3,2569,2422990,2025
974,Dubai Marina,Villa,5,4,2554,4541497,2024
975,Dubai Marina,Penthouse,5,4,1037,2415265,2023
976,Palm Jumeirah,Penthouse,1,1,1399,5028366,2025
977,JVC,Penthouse,4,3,792,604368,2026
978,JVC,Villa,3,4,3011,2991966,2024
979,Downtown Dubai,Villa,4,3,1981,4542627,2024
980,Dubai Silicon Oasis,Villa,4,4,2980,2852875,2026
981,JVC,Villa,3,4,3092,3613905,2025
982,Deira,Villa,2,1,3614,2965313,2025
983,Deira,Villa,5,6,2893,2495863,2026
984,Dubai Marina,Townhouse,4,4,3362,6362154,2025
985,Downtown Dubai,Penthouse,5,4,3080,6686549,2026
986,Dubai Silicon Oasis,Penthouse,2,3,3383,3035606,2024
987,Dubai Silicon Oasis,Townhouse,5,5,3217,3023231,2025
988,Business Bay,Penthouse,2,2,1820,2827194,2023
989,Downtown Dubai,Penthouse,3,4,1495,3459020,2024
990,JVC,Villa,5,6,4011,3093307,2024
991,Dubai Silicon Oasis,Villa,2,3,1943,1411669,2023
992,Deira,Villa,2,3,2903,2521692,2024
993,Dubai Marina,Apartment,5,4,1265,1986377,2025
994,Deira,Villa,5,5,2356,1988397,2024
995,Downtown Dubai,Villa,2,1,2812,6101633,2023
996,JVC,Penthouse,2,3,3260,3320585,2025
997,Business Bay,Villa,2,3,2797,5968175,2023
998,JVC,Townhouse,1,1,2027,2171736,2023
999,Deira,Villa,3,3,4822,4094260,2026
1000,Downtown Dubai,Villa,2,3,2734,5597219,2025
1001,Dubai Silicon Oasis,Apartment,5,4,4108,3223423,2026
1002,Palm Jumeirah,Townhouse,1,1,3775,13209434,2024
1003,JVC,Apartment,4,5,2946,3151499,2025
1004,Dubai Silicon Oasis,Apartment,3,2,4471,4274369,2023
1005,Business Bay,Townhouse,4,5,946,1881680,2025
1006,Business Bay,Townhouse,1,1,4632,7211464,2026
1007,Dubai Marina,Villa,3,4,4303,7315865,2026
1008,Dubai Silicon Oasis,Villa,4,4,2691,2736252,2025
1009,Al Barsha,Penthouse,2,3,3760,4049257,2024
1010,Downtown Dubai,Villa,5,6,2769,7171420,2025
1011,Dubai Silicon Oasis,Villa,3,3,1599,1406605,2025
1012,Al Barsha,Apartment,2,3,4069,5136099,2025
1013,Business Bay,Villa,1,1,1493,3133007,2025
1014,Dubai Silicon Oasis,Apartment,1,1,1812,1349124,2025
1015,Palm Jumeirah,Villa,3,4,2764,10301605,2024
1016,Deira,Apartment,3,2,4243,2821653,2025
1017,Downtown Dubai,Apartment,5,5,2135,4793242,2023
1018,Dubai Marina,Townhouse,4,3,2647,5839573,2025
1019,Palm Jumeirah,Villa,1,1,543,1567113,2025
1020,JVC,Townhouse,3,4,888,755552,2025
1021,Dubai Silicon Oasis,Townhouse,3,2,610,553552,2024
1022,Dubai Marina,Townhouse,1,1,685,1602700,2025
1023,Al Barsha,Villa,4,4,4388,3797939,2025
1024,Palm Jumeirah,Villa,3,4,4265,14721035,2023
1025,Dubai Silicon Oasis,Villa,1,1,4171,3548612,2024
1026,Dubai Silicon Oasis,Penthouse,3,2,608,488982,2023
1027,Al Barsha,Villa,4,3,711,835374,2024
1028,JVC,Penthouse,2,2,1654,1603844,2025
1029,Deira,Penthouse,2,2,2978,2499238,2024
1030,Downtown Dubai,Townhouse,1,2,1903,4906389,2024
1031,Business Bay,Penthouse,2,2,2617,5750467,2024
1032,JVC,Townhouse,5,4,1154,1251962,2024
1033,JVC,Penthouse,4,5,3748,2811224,2023
1034,Palm Jumeirah,Penthouse,1,1,1809,6456988,2026
1035,Downtown Dubai,Townhouse,3,3,659,1630809,2025
1036,Palm Jumeirah,Townhouse,1,1,3803,9639409,2025
1037,Business Bay,Penthouse,3,2,4547,8524105,2024
1038,Downtown Dubai,Apartment,1,1,418,1080899,2026
1039,Palm Jumeirah,Penthouse,4,4,2380,6415984,2025
1040,Al Barsha,Townhouse,3,4,4196,4269244,2025
1041,Palm Jumeirah,Apartment,4,3,3633,11675479,2025
1042,Dubai Marina,Apartment,3,4,4332,7848879,2024
1043,Palm Jumeirah,Penthouse,2,2,2280,8467936,2026
1044,Palm Jumeirah,Penthouse,2,3,2081,5521631,2024
1045,Deira,Townhouse,2,1,3647,3027172,2026
1046,Business Bay,Townhouse,3,2,1064,2150745,2026
1047,Dubai Marina,Penthouse,3,4,1463,2696641,2025
1048,Downtown Dubai,Penthouse,4,4,3143,7396817,2026
1049,JVC,Penthouse,1,1,3458,2728718,2023
1050,Deira,Apartment,2,3,906,569244,2025
1051,Deira,Penthouse,5,4,2713,2024122,2024
1052,Deira,Townhouse,5,5,2046,1306653,2024
1053,JVC,Penthouse,5,6,2683,2905445,2025
1054,Business Bay,Townhouse,2,3,4806,9053472,2025
1055,Dubai Marina,Townhouse,1,2,706,1052590,2025
1056,Al Barsha,Penthouse,1,1,4978,4873155,2024
1057,JVC,Apartment,1,1,2440,2699351,2024
1058,Palm Jumeirah,Penthouse,5,4,3940,11095694,2024
1059,Business Bay,Villa,5,6,2323,4580398,2025
1060,JVC,Apartment,5,5,1795,1368167,2023
1061,Downtown Dubai,Townhouse,4,3,3933,10947847,2025
1062,Dubai Silicon Oasis,Penthouse,2,3,3547,2907611,2026
1063,Dubai Marina,Apartment,3,4,1019,1918174,2026
1064,Dubai Silicon Oasis,Penthouse,5,4,3630,3150593,2025
1065,Dubai Marina,Villa,5,6,3851,6805060,2024
1066,Dubai Marina,Penthouse,3,3,2153,4505705,2025
1067,Dubai Silicon Oasis,Apartment,5,5,4654,3005708,2025
1068,Dubai Silicon Oasis,Townhouse,2,3,3330,2347256,2023
1069,Dubai Silicon Oasis,Townhouse,3,2,1901,1360219,2026
1070,Al Barsha,Penthouse,5,4,399,445950,2024
1071,Business Bay,Villa,2,3,3488,7384133,2024
1072,Dubai Marina,Apartment,4,4,1322,1979398,2025
1073,Palm Jumeirah,Apartment,3,2,3867,14225486,2026
1074,Palm Jumeirah,Villa,2,3,2791,10129293,2026
1075,Deira,Penthouse,2,1,2520,1478783,2024
1076,Dubai Marina,Apartment,4,5,1111,1743054,2025
1077,Dubai Marina,Penthouse,3,2,3658,6419939,2026
1078,Palm Jumeirah,Townhouse,2,2,1121,2883216,2025
1079,Al Barsha,Townhouse,4,4,2292,2702595,2023
1080,Dubai Silicon Oasis,Penthouse,1,2,4238,3566818,2025
1081,Palm Jumeirah,Penthouse,1,1,4629,13961744,2026
1082,JVC,Townhouse,5,6,4949,5177774,2024
1083,Business Bay,Penthouse,4,3,4804,7729448,2025
1084,Palm Jumeirah,Villa,3,3,2935,10880917,2025
1085,Palm Jumeirah,Penthouse,1,2,1282,4334378,2025
1086,Downtown Dubai,Penthouse,3,2,4251,9102053,2023
1087,Business Bay,Penthouse,3,4,4077,7415621,2024
1088,Palm Jumeirah,Townhouse,3,4,4954,13817561,2025
1089,Al Barsha,Townhouse,1,2,3376,4363447,2024
1090,Al Barsha,Villa,3,2,1008,1025944,2024
1091,Al Barsha,Penthouse,3,4,2688,3355664,2025
1092,Downtown Dubai,Townhouse,2,3,2434,6902391,2023
1093,Business Bay,Apartment,1,1,4269,7750043,2025
1094,Palm Jumeirah,Townhouse,5,5,2175,7601610,2026
1095,Dubai Silicon Oasis,Apartment,4,3,1877,1630922,2025
1096,JVC,Townhouse,4,4,722,549590,2024
1097,Dubai Silicon Oasis,Townhouse,4,3,4234,4322775,2024
1098,Deira,Penthouse,4,4,3862,2779955,2025
1099,Deira,Apartment,1,1,541,472250,2025
1100,Deira,Villa,3,3,2367,1868656,2026
1101,Al Barsha,Villa,5,6,2580,2199696,2025
1102,Deira,Villa,2,3,2532,1787512,2024
1103,Deira,Penthouse,5,4,4623,2905772,2024
1104,Business Bay,Townhouse,1,1,1050,1579599,2025
1105,Business Bay,Villa,2,1,1774,3490922,2024
1106,Palm Jumeirah,Penthouse,2,3,1191,2912030,2025
1107,Al Barsha,Townhouse,4,3,1484,1904076,2024
1108,Deira,Villa,1,1,4568,3277417,2025
1109,Dubai Silicon Oasis,Townhouse,2,1,4724,3948806,2025
1110,Deira,Penthouse,4,5,557,370293,2026
1111,Business Bay,Villa,2,2,3289,4712392,2024
1112,Palm Jumeirah,Townhouse,5,6,1432,4700345,2026
1113,Palm Jumeirah,Apartment,5,4,1245,3631829,2025
1114,Al Barsha,Apartment,2,2,1708,1899358,2025
1115,JVC,Apartment,3,3,1253,1215530,2025
1116,Downtown Dubai,Villa,2,1,2629,5254324,2026
1117,Downtown Dubai,Townhouse,2,3,4979,11291472,2025
1118,Dubai Marina,Apartment,4,5,3076,5282281,2023
1119,Deira,Penthouse,2,1,3713,2390813,2024
1120,Dubai Silicon Oasis,Apartment,1,2,2643,2505251,2026
1121,Palm Jumeirah,Townhouse,2,2,414,1000993,2025
1122,Dubai Marina,Apartment,5,5,741,1246357,2026
1123,JVC,Apartment,2,3,1600,1534381,2026
1124,Dubai Silicon Oasis,Townhouse,2,2,1483,1231569,2024
1125,Dubai Marina,Townhouse,4,3,4258,9734421,2026
1126,Palm Jumeirah,Townhouse,1,2,4272,15658957,2024
1127,Business Bay,Penthouse,2,3,4321,8637083,2023
1128,Dubai Silicon Oasis,Townhouse,1,1,3314,2802421,2025
1129,Palm Jumeirah,Penthouse,5,6,2936,8935305,2026
1130,Palm Jumeirah,Villa,5,5,3368,8267949,2025
1131,Deira,Villa,4,3,2241,1899435,2024
1132,Al Barsha,Villa,2,2,3466,3519225,2025
1133,Palm Jumeirah,Villa,4,5,4044,11652588,2025
1134,Deira,Penthouse,4,3,3897,3009738,2025
1135,Al Barsha,Townhouse,5,6,3204,3771328,2024
1136,Palm Jumeirah,Penthouse,1,2,620,1974437,2024
1137,Deira,Villa,4,5,3721,2278569,2025
1138,JVC,Penthouse,1,1,2054,2330757,2024
1139,JVC,Apartment,3,2,3808,2935138,2026
1140,Dubai Marina,Villa,5,6,2858,6609452,2023
1141,Deira,Apartment,1,1,4447,3179013,2025
1142,JVC,Penthouse,1,1,1923,2203720,2026
1143,Al Barsha,Villa,5,5,4680,5884280,2025
1144,Dubai Silicon Oasis,Penthouse,1,1,4276,3431519,2026
1145,Dubai Silicon Oasis,Villa,4,4,1889,1813459,2024
1146,JVC,Apartment,3,3,2593,1971711,2025
1147,Deira,Villa,2,2,2820,1660858,2025
1148,Al Barsha,Villa,5,5,3924,3837586,2026
1149,Palm Jumeirah,Townhouse,5,5,3554,11780364,2025
1150,Palm Jumeirah,Villa,2,3,4311,10406674,2024
1151,Business Bay,Townhouse,1,1,2069,3719852,2023
1152,JVC,Townhouse,1,2,2697,3125933,2026
1153,Palm Jumeirah,Apartment,1,1,2353,8677083,2025
1154,Dubai Silicon Oasis,Townhouse,5,6,4579,3356353,2024
1155,Downtown Dubai,Townhouse,3,3,1768,4138668,2025
1156,Dubai Marina,Villa,4,4,3080,4910345,2023
1157,Dubai Marina,Penthouse,2,1,908,1522656,2023
1158,Palm Jumeirah,Apartment,5,4,4303,16284708,2026
1159,JVC,Penthouse,4,5,2136,2496984,2025
1160,Business Bay,Villa,4,3,1933,3027419,2024
1161,Dubai Silicon Oasis,Villa,3,2,3060,2217971,2026
1162,Dubai Marina,Townhouse,4,5,2669,4765428,2026
1163,Downtown Dubai,Townhouse,3,4,4293,9661147,2026
1164,Downtown Dubai,Townhouse,2,2,2821,5241907,2025
1165,Business Bay,Townhouse,3,3,2754,4091211,2026
1166,Deira,Villa,2,2,838,593881,2024
1167,Downtown Dubai,Penthouse,5,6,452,912571,2026
1168,Dubai Marina,Townhouse,4,4,2203,4847572,2024
1169,Dubai Marina,Apartment,4,3,4991,10562912,2023
1170,Al Barsha,Penthouse,4,4,4615,4929600,2023
1171,Dubai Marina,Penthouse,3,2,3274,5989345,2024
1172,Deira,Apartment,5,6,3283,2793326,2026
1173,Palm Jumeirah,Penthouse,2,1,2170,5748314,2026
1174,Dubai Marina,Townhouse,3,3,1175,2630412,2023
1175,Palm Jumeirah,Penthouse,1,1,389,962236,2026
1176,JVC,Villa,2,3,1925,2185890,2026
1177,Palm Jumeirah,Apartment,3,3,1821,4749559,2023
1178,Downtown Dubai,Apartment,3,2,1240,3290103,2025
1179,Deira,Apartment,5,6,1555,880621,2023
1180,Al Barsha,Penthouse,4,4,465,561505,2024
1181,Dubai Marina,Villa,3,3,3177,6244913,2025
1182,Palm Jumeirah,Penthouse,3,2,4662,11321906,2026
1183,Deira,Apartment,4,3,3562,2959927,2023
1184,Dubai Marina,Villa,4,5,2434,3727431,2024
1185,Deira,Penthouse,2,2,2304,1725619,2025
1186,Palm Jumeirah,Villa,3,3,1780,5158450,2025
1187,JVC,Penthouse,3,4,1012,1074365,2026
1188,Business Bay,Apartment,1,1,3132,6530966,2025
1189,Deira,Penthouse,5,5,2984,2155930,2026
1190,Deira,Townhouse,3,4,384,316907,2025
1191,Al Barsha,Penthouse,2,1,2282,2871469,2024
1192,Dubai Marina,Apartment,4,4,1642,3382980,2025
1193,Al Barsha,Penthouse,4,5,1141,1096495,2024
1194,Dubai Marina,Villa,5,4,3619,6720413,2025
1195,Deira,Apartment,1,1,2795,1790195,2024
1196,JVC,Apartment,3,3,3297,3053957,2024
1197,Dubai Marina,Apartment,1,1,3667,6091992,2026
1198,Deira,Townhouse,3,2,4915,4141071,2026
1199,Palm Jumeirah,Apartment,3,2,4082,13531324,2025
1200,Deira,Penthouse,3,4,3234,2527811,2026
1201,Business Bay,Apartment,5,4,4437,6450172,2026
1202,JVC,Apartment,3,4,2570,1852088,2023
1203,Palm Jumeirah,Penthouse,3,3,4929,17664451,2025
1204,Downtown Dubai,Penthouse,1,2,3890,9166929,2024
1205,Al Barsha,Townhouse,2,1,3376,4273262,2026
1206,Deira,Penthouse,5,6,4550,3403553,2023
1207,Dubai Silicon Oasis,Townhouse,3,3,2745,1992517,2026
1208,Dubai Marina,Apartment,5,6,3701,7655995,2024
1209,Palm Jumeirah,Villa,3,4,1673,5774316,2025
1210,Palm Jumeirah,Penthouse,3,3,4828,12061787,2026
1211,Al Barsha,Townhouse,3,4,3248,3724889,2023
1212,Business Bay,Townhouse,3,2,3986,6141026,2026
1213,Dubai Silicon Oasis,Apartment,1,1,2492,1848586,2024
1214,Downtown Dubai,Townhouse,1,1,4380,7860156,2025
1215,Al Barsha,Apartment,3,4,694,772898,2025
1216,Palm Jumeirah,Townhouse,3,4,880,3077882,2023
1217,Dubai Silicon Oasis,Apartment,3,4,2708,1982788,2025
1218,Downtown Dubai,Villa,3,4,3755,9882382,2025
1219,JVC,Townhouse,2,3,4112,4370702,2025
1220,Palm Jumeirah,Apartment,4,5,2396,7223099,2025
1221,Palm Jumeirah,Townhouse,4,4,3370,8432878,2025
1222,Downtown Dubai,Villa,1,1,2921,6041223,2024
1223,Deira,Townhouse,3,4,4821,2978896,2024
1224,Business Bay,Townhouse,4,3,3391,7375409,2026
1225,Downtown Dubai,Penthouse,4,3,2288,6084978,2025
1226,Palm Jumeirah,Penthouse,2,3,4859,12232846,2024
1227,Deira,Apartment,5,4,848,627274,2023
1228,Dubai Marina,Villa,4,3,4928,8280014,2026
1229,Dubai Silicon Oasis,Apartment,3,3,1066,695935,2025
1230,Palm Jumeirah,Villa,4,4,1690,4873033,2024
1231,JVC,Townhouse,5,4,4169,3241036,2026
1232,Al Barsha,Apartment,2,2,3761,3427647,2026
1233,Al Barsha,Villa,1,1,4862,4683419,2026
1234,Dubai Silicon Oasis,Penthouse,3,2,3837,3083245,2025
1235,Al Barsha,Apartment,1,1,3312,3425340,2024
1236,Downtown Dubai,Apartment,5,6,1961,4573477,2024
1237,Downtown Dubai,Villa,5,5,371,803957,2024
1238,Downtown Dubai,Penthouse,4,5,925,2135070,2025
1239,Dubai Silicon Oasis,Townhouse,5,4,1734,1399586,2024
1240,JVC,Apartment,1,2,540,623158,2025
1241,JVC,Townhouse,4,5,2713,2035939,2025
1242,Dubai Silicon Oasis,Apartment,3,3,3964,3466044,2025
1243,Downtown Dubai,Penthouse,2,3,4829,9527674,2023
1244,Business Bay,Apartment,2,2,2627,4411053,2026
1245,JVC,Townhouse,3,3,4418,4267388,2025
1246,JVC,Villa,4,5,4932,5237361,2025
1247,Palm Jumeirah,Townhouse,1,1,4348,16811962,2026
1248,Deira,Villa,4,4,2512,1840712,2024
1249,JVC,Townhouse,5,6,1862,1555962,2026
1250,Dubai Marina,Penthouse,1,1,4897,10540389,2026
1251,Deira,Penthouse,5,4,1474,939749,2026
1252,Palm Jumeirah,Townhouse,4,5,2263,7155065,2024
1253,Deira,Penthouse,2,3,694,594306,2023
1254,Business Bay,Apartment,4,3,4040,6881044,2023
1255,Al Barsha,Townhouse,4,5,3371,3635586,2026
1256,Palm Jumeirah,Townhouse,4,3,744,1919017,2023
1257,Al Barsha,Villa,1,1,1381,1143445,2024
1258,Deira,Villa,1,2,2932,2654043,2026
1259,Business Bay,Villa,4,4,2862,4327519,2025
1260,JVC,Townhouse,2,2,4079,3552797,2024
1261,Palm Jumeirah,Townhouse,2,2,1587,5010202,2026
1262,Deira,Penthouse,3,2,4649,3212761,2024
1263,Palm Jumeirah,Townhouse,4,5,2416,6151156,2025
1264,Palm Jumeirah,Penthouse,1,1,4175,11253174,2024
1265,JVC,Penthouse,5,6,1458,1373511,2025
1266,Downtown Dubai,Townhouse,3,4,521,1168437,2023
1267,Business Bay,Apartment,1,1,605,1233271,2026
1268,Dubai Silicon Oasis,Villa,1,1,2083,1592901,2024
1269,Deira,Apartment,5,4,4782,4251725,2024
1270,Al Barsha,Villa,1,1,576,542249,2026
1271,Deira,Penthouse,3,3,2065,1395846,2026
1272,Dubai Silicon Oasis,Villa,4,3,858,874924,2025
1273,Downtown Dubai,Penthouse,3,4,4681,12566292,2026
1274,Deira,Villa,2,3,3490,2341576,2024
1275,Dubai Marina,Townhouse,1,1,3896,6996266,2025
1276,Downtown Dubai,Apartment,4,5,3666,9848658,2026
1277,Dubai Marina,Townhouse,3,4,3405,5167021,2025
1278,Business Bay,Apartment,1,1,3947,6356544,2024
1279,Downtown Dubai,Villa,1,2,387,907403,2026
1280,Business Bay,Penthouse,3,2,4374,9030422,2023
1281,Downtown Dubai,Apartment,1,2,3790,9024286,2024
1282,Dubai Marina,Penthouse,2,3,3788,7124474,2025
1283,Business Bay,Penthouse,1,1,2179,4745426,2023
1284,Business Bay,Apartment,4,5,4074,5943757,2023
1285,Business Bay,Villa,4,5,2125,4298994,2024
1286,JVC,Penthouse,4,5,577,448424,2024
1287,Business Bay,Villa,1,1,4571,9063851,2025
1288,Dubai Marina,Penthouse,2,3,1440,2777444,2025
1289,Business Bay,Penthouse,2,2,823,1304413,2025
1290,Al Barsha,Apartment,4,4,3241,3473277,2025
1291,Downtown Dubai,Townhouse,5,4,1436,3916485,2023
1292,Downtown Dubai,Penthouse,2,1,4340,9892604,2024
1293,Al Barsha,Townhouse,4,5,2413,1938337,2026
1294,Palm Jumeirah,Penthouse,3,3,370,919416,2025
1295,JVC,Townhouse,5,5,4775,4797378,2024
1296,Al Barsha,Townhouse,1,2,2743,3124183,2026
1297,JVC,Apartment,5,4,1572,1416055,2025
1298,Palm Jumeirah,Penthouse,3,2,3499,9671832,2025
1299,Palm Jumeirah,Penthouse,2,1,2817,9786116,2024
1300,Downtown Dubai,Villa,1,1,487,1020059,2025
1301,Al Barsha,Apartment,5,5,3882,3249256,2024
1302,Palm Jumeirah,Townhouse,5,6,2216,6679945,2025
1303,Downtown Dubai,Penthouse,1,1,3604,8480401,2026
1304,Al Barsha,Townhouse,3,3,4514,5790624,2025
1305,Palm Jumeirah,Penthouse,4,3,3189,10486492,2023
1306,Al Barsha,Townhouse,3,4,3472,3139243,2023
1307,Al Barsha,Villa,1,1,1534,1865492,2026
1308,JVC,Villa,2,1,1455,1238447,2026
1309,Dubai Silicon Oasis,Penthouse,2,2,2279,2333037,2023
1310,Dubai Marina,Townhouse,2,2,4315,7476950,2024
1311,JVC,Townhouse,5,6,2787,3147311,2025
1312,Palm Jumeirah,Penthouse,2,1,1968,7317872,2026
1313,Palm Jumeirah,Penthouse,4,5,3975,14691556,2026
1314,Downtown Dubai,Penthouse,5,6,4318,7786752,2025
1315,Downtown Dubai,Villa,4,3,4546,12250819,2023
1316,Al Barsha,Apartment,4,5,1740,2019531,2026
1317,Dubai Silicon Oasis,Townhouse,1,2,3649,2823301,2026
1318,Deira,Villa,1,1,3094,2263367,2024
1319,Palm Jumeirah,Penthouse,4,3,2437,8188009,2025
1320,Al Barsha,Apartment,4,4,2195,2791531,2024
1321,Downtown Dubai,Penthouse,4,4,882,2309157,2024
1322,Dubai Silicon Oasis,Townhouse,3,2,1627,1320148,2026
1323,Dubai Marina,Apartment,3,3,2905,5870652,2023
1324,Palm Jumeirah,Apartment,1,2,4472,11979621,2026
1325,JVC,Apartment,2,2,4378,3987368,2023
1326,Dubai Silicon Oasis,Penthouse,3,4,1222,1168868,2024
1327,Downtown Dubai,Townhouse,1,1,3508,8514788,2025
1328,Deira,Townhouse,1,2,744,620598,2023
1329,Downtown Dubai,Townhouse,1,1,3488,8094944,2025
1330,Downtown Dubai,Villa,2,1,1939,4223447,2024
1331,Business Bay,Apartment,5,6,2441,4860419,2025
1332,Al Barsha,Townhouse,4,4,3687,3122437,2026
1333,JVC,Apartment,5,5,2325,2697867,2025
1334,Deira,Apartment,2,1,4104,3660484,2023
1335,Palm Jumeirah,Penthouse,3,4,2831,10532885,2026
1336,Dubai Silicon Oasis,Apartment,5,4,4994,4962593,2024
1337,JVC,Penthouse,2,1,3317,3151067,2023
1338,Downtown Dubai,Apartment,4,3,1728,3987775,2026
1339,Dubai Silicon Oasis,Villa,4,4,3955,3828569,2024
1340,JVC,Townhouse,5,4,2246,1903407,2025
1341,Downtown Dubai,Apartment,5,6,2833,7634666,2024
1342,Al Barsha,Penthouse,4,3,986,887833,2025
1343,Al Barsha,Penthouse,3,4,904,1120556,2025
1344,Dubai Marina,Apartment,5,6,3023,5825250,2025
1345,Al Barsha,Apartment,4,5,1218,1487915,2025
1346,Deira,Penthouse,2,1,4988,3654208,2024
1347,JVC,Villa,4,3,4328,4301142,2023
1348,Palm Jumeirah,Apartment,3,4,3609,13678756,2026
1349,Downtown Dubai,Penthouse,2,2,3766,8360646,2026
1350,Downtown Dubai,Villa,3,4,3117,6241215,2026
1351,Downtown Dubai,Villa,4,3,630,1171849,2025
1352,Downtown Dubai,Townhouse,5,5,2174,5237115,2025
1353,Palm Jumeirah,Townhouse,3,2,2655,8805646,2025
1354,Al Barsha,Penthouse,1,1,4606,5114283,2025
1355,Business Bay,Penthouse,5,4,1370,1906479,2023
1356,Dubai Marina,Penthouse,3,4,2660,3896032,2025
1357,Business Bay,Penthouse,2,2,1949,4134032,2024
1358,Deira,Townhouse,4,3,974,782536,2024
1359,Al Barsha,Townhouse,2,2,829,710169,2025
1360,Deira,Villa,2,2,2049,1200965,2024
1361,JVC,Townhouse,5,6,733,581148,2025
1362,Deira,Apartment,5,5,662,557683,2026
1363,Dubai Marina,Villa,3,3,1981,4141830,2026
1364,Business Bay,Villa,2,3,1289,2452780,2026
1365,Palm Jumeirah,Townhouse,5,5,2929,9844914,2026
1366,Dubai Marina,Penthouse,1,2,432,956010,2024
1367,Dubai Marina,Villa,4,5,1753,3050417,2025
1368,Al Barsha,Townhouse,3,4,2457,2361459,2025
1369,Downtown Dubai,Villa,5,6,4828,10756636,2026
1370,Downtown Dubai,Villa,3,4,3300,9400523,2025
1371,Palm Jumeirah,Townhouse,5,5,4445,14367788,2025
1372,JVC,Apartment,1,1,1946,1880041,2026
1373,Dubai Silicon Oasis,Penthouse,4,3,2441,2352727,2025
1374,Dubai Silicon Oasis,Apartment,1,2,2304,1638664,2023
1375,Al Barsha,Apartment,4,5,4476,4488087,2025
1376,JVC,Penthouse,1,2,4810,4851428,2025
1377,Dubai Silicon Oasis,Apartment,5,6,4824,4993837,2025
1378,JVC,Villa,4,4,3846,3036460,2026
1379,Downtown Dubai,Villa,1,1,2689,6069690,2025
1380,Dubai Silicon Oasis,Penthouse,5,6,2864,2870394,2026
1381,Deira,Apartment,2,3,4909,3995611,2024
1382,Dubai Marina,Villa,3,4,1673,3333288,2023
1383,Dubai Silicon Oasis,Villa,1,1,1962,1457458,2024
1384,Downtown Dubai,Penthouse,1,1,4521,8887977,2025
1385,Deira,Townhouse,2,1,2146,1482830,2026
1386,Business Bay,Apartment,3,2,1443,2275382,2025
1387,Dubai Marina,Penthouse,3,4,2956,6407509,2025
1388,Al Barsha,Apartment,5,4,1862,2160574,2025
1389,Deira,Townhouse,1,1,4492,3828618,2026
1390,Dubai Silicon Oasis,Villa,4,5,4577,3242497,2023
1391,Palm Jumeirah,Apartment,1,1,1772,5076698,2024
1392,Al Barsha,Apartment,2,1,2812,3330183,2025
1393,Dubai Silicon Oasis,Penthouse,1,1,4925,3474190,2025
1394,Dubai Silicon Oasis,Penthouse,1,1,3801,2654017,2024
1395,Palm Jumeirah,Townhouse,3,2,1352,4021643,2023
1396,Dubai Marina,Penthouse,5,5,3096,4977727,2025
1397,JVC,Penthouse,4,4,3232,2441796,2023
1398,Palm Jumeirah,Villa,5,6,3388,9720720,2023
1399,Dubai Marina,Penthouse,3,2,466,1038266,2024
1400,Dubai Marina,Townhouse,1,2,1742,2597112,2023
1401,Business Bay,Apartment,2,1,4323,7959461,2025
1402,Dubai Silicon Oasis,Townhouse,5,6,1472,1273576,2026
1403,JVC,Apartment,1,2,1743,1671324,2023
1404,Dubai Silicon Oasis,Townhouse,1,1,1849,1557234,2025
1405,Al Barsha,Villa,5,4,1174,949317,2025
1406,JVC,Apartment,1,1,1072,794730,2023
1407,Downtown Dubai,Townhouse,5,5,1963,4558729,2025
1408,Al Barsha,Villa,4,5,4415,5669542,2023
1409,Al Barsha,Villa,4,5,357,358423,2026
1410,Deira,Apartment,3,2,1667,1209099,2025
1411,Dubai Silicon Oasis,Apartment,1,1,631,651712,2024
1412,Dubai Marina,Penthouse,3,3,2960,6337958,2026
1413,Business Bay,Townhouse,5,5,1515,3052108,2025
1414,Palm Jumeirah,Villa,5,6,4032,12729439,2024
1415,Dubai Marina,Townhouse,3,4,3070,6901732,2024
1416,Dubai Silicon Oasis,Townhouse,5,5,3994,3484647,2025
1417,Palm Jumeirah,Apartment,4,4,3302,11177421,2025
1418,JVC,Penthouse,1,1,2388,2565667,2025
1419,Downtown Dubai,Townhouse,4,4,4353,9608130,2026
1420,Dubai Marina,Villa,4,5,2564,5891926,2026
1421,Palm Jumeirah,Villa,3,2,4767,18505545,2024
1422,Dubai Silicon Oasis,Apartment,4,5,4975,4352404,2026
1423,Dubai Marina,Villa,5,6,3088,5063856,2023
1424,Business Bay,Villa,3,3,3486,7037072,2026
1425,Deira,Apartment,2,2,1538,1034687,2024
1426,Business Bay,Townhouse,5,5,4138,7657526,2024
1427,Deira,Villa,5,6,3472,2049682,2025
1428,Deira,Villa,4,3,4546,3830399,2024
1429,Dubai Silicon Oasis,Townhouse,4,4,1591,1628602,2026
1430,Palm Jumeirah,Apartment,1,1,4012,10195825,2023
1431,Deira,Apartment,3,4,2536,2069527,2025
1432,JVC,Apartment,1,1,1211,1341034,2026
1433,Downtown Dubai,Townhouse,3,2,1146,2155003,2025
1434,Dubai Marina,Townhouse,5,5,2964,4926514,2025
1435,Dubai Marina,Apartment,2,2,1835,3289575,2026
1436,Al Barsha,Townhouse,5,6,823,1002726,2023
1437,Dubai Marina,Penthouse,1,1,2336,4401229,2024
1438,Business Bay,Apartment,1,1,3386,4999154,2023
1439,Palm Jumeirah,Apartment,5,5,1833,5104092,2024
1440,Deira,Penthouse,1,1,4792,3467406,2024
1441,Dubai Marina,Villa,4,3,3974,5862992,2025
1442,Al Barsha,Villa,4,3,2734,3049772,2024
1443,Business Bay,Townhouse,2,2,4696,6487634,2025
1444,Dubai Marina,Apartment,1,1,2363,5063399,2025
1445,Downtown Dubai,Villa,2,3,999,2564668,2025
1446,Al Barsha,Villa,1,1,516,636083,2025
1447,Dubai Silicon Oasis,Penthouse,4,5,4711,3312233,2023
1448,Al Barsha,Townhouse,5,4,4812,5299420,2026
1449,JVC,Villa,5,5,3787,4057628,2025
1450,Dubai Silicon Oasis,Townhouse,5,6,828,700735,2026
1451,JVC,Villa,4,4,1715,1335748,2025
1452,Downtown Dubai,Villa,5,6,541,1011030,2025
1453,Al Barsha,Townhouse,4,3,588,648533,2024
1454,JVC,Villa,4,5,1494,1410221,2024
1455,Palm Jumeirah,Townhouse,5,4,3010,11420964,2025
1456,Deira,Villa,2,2,654,557106,2025
1457,Downtown Dubai,Townhouse,3,2,4928,12596579,2025
1458,Dubai Silicon Oasis,Villa,5,6,2466,2547276,2026
1459,Downtown Dubai,Penthouse,2,1,1576,3977937,2023
1460,Dubai Silicon Oasis,Villa,2,3,2749,1860922,2026
1461,JVC,Apartment,1,1,4024,3037731,2026
1462,Business Bay,Villa,2,2,1803,3702440,2024
1463,JVC,Apartment,3,3,570,502920,2023
1464,Palm Jumeirah,Villa,5,4,586,2218845,2025
1465,Dubai Marina,Penthouse,1,1,4311,6666628,2023
1466,Downtown Dubai,Apartment,4,5,868,1717481,2024
1467,Palm Jumeirah,Apartment,4,5,3305,11764977,2025
1468,Deira,Villa,5,6,2137,1830588,2025
1469,Dubai Silicon Oasis,Villa,4,4,3965,3912973,2024
1470,Al Barsha,Apartment,1,1,631,536078,2026
1471,Dubai Silicon Oasis,Townhouse,3,3,4524,3586269,2024
1472,Al Barsha,Townhouse,5,5,3596,4039002,2024
1473,Al Barsha,Townhouse,5,5,2439,3071671,2024
1474,JVC,Villa,4,4,1312,1085754,2026
1475,Dubai Silicon Oasis,Penthouse,5,6,4893,4306511,2026
1476,Dubai Silicon Oasis,Townhouse,4,4,1754,1223253,2023
1477,Palm Jumeirah,Penthouse,1,1,2630,9260014,2025
1478,Dubai Marina,Apartment,5,6,2182,3392512,2023
1479,Dubai Marina,Townhouse,1,1,1422,3327457,2023
1480,Business Bay,Villa,2,2,2287,3289682,2023
1481,Deira,Apartment,2,2,1054,843060,2026
1482,Palm Jumeirah,Apartment,4,5,357,1272904,2025
1483,Dubai Silicon Oasis,Apartment,1,2,1698,1261946,2025
1484,Palm Jumeirah,Apartment,4,5,871,2423333,2023
1485,Deira,Villa,5,5,2278,1750988,2026
1486,Al Barsha,Penthouse,4,3,4361,4863549,2026
1487,Dubai Silicon Oasis,Villa,2,2,1105,1025672,2024
1488,Palm Jumeirah,Apartment,5,6,355,1161006,2025
1489,Palm Jumeirah,Townhouse,2,3,866,2305032,2025
1490,Dubai Marina,Apartment,4,5,2712,6160929,2026
1491,Deira,Penthouse,3,4,1627,1005996,2025
1492,Downtown Dubai,Villa,1,1,2626,6254507,2024
1493,JVC,Apartment,1,1,486,551124,2024
1494,Palm Jumeirah,Villa,1,1,1898,7154424,2025
1495,Dubai Marina,Penthouse,5,4,2257,3591148,2025
1496,Deira,Penthouse,5,6,2355,1515468,2023
1497,JVC,Villa,3,4,2912,2885304,2026
1498,Palm Jumeirah,Penthouse,5,5,3979,11561965,2026
1499,JVC,Apartment,1,1,2522,2645319,2025
1500,JVC,Villa,5,4,4261,4069604,2025
1501,Business Bay,Villa,2,1,2813,4461914,2025
1502,Dubai Marina,Apartment,1,1,1560,2823497,2025
1503,Downtown Dubai,Villa,4,3,1414,3563594,2023
1504,Al Barsha,Villa,2,1,1849,2205063,2025
1505,Dubai Marina,Townhouse,2,3,3128,5544708,2025
1506,Business Bay,Villa,4,5,1477,2140523,2026
1507,Downtown Dubai,Apartment,2,2,4600,9883581,2023
1508,Palm Jumeirah,Villa,4,3,2581,8635267,2024
1509,Deira,Penthouse,1,2,4364,3604407,2025
1510,Business Bay,Apartment,1,1,3527,7433894,2026
1511,Al Barsha,Penthouse,2,2,1900,2433844,2025
1512,JVC,Apartment,4,4,1411,1352039,2024
1513,Palm Jumeirah,Apartment,2,2,3809,14170665,2025
1514,JVC,Apartment,1,2,1887,1581183,2024
1515,Palm Jumeirah,Villa,4,5,1497,4849497,2025
1516,Dubai Marina,Villa,3,3,4676,9003387,2025
1517,JVC,Penthouse,3,4,2594,2764976,2025
1518,Deira,Townhouse,2,3,575,477590,2025
1519,Al Barsha,Townhouse,1,1,2650,2498079,2023
1520,JVC,Penthouse,1,2,2492,2787645,2025
1521,JVC,Apartment,4,4,4367,4896157,2026
1522,JVC,Apartment,1,1,3658,4194660,2025
1523,JVC,Penthouse,2,3,1239,1147239,2026
1524,Dubai Silicon Oasis,Penthouse,5,6,1049,1085679,2025
1525,Deira,Apartment,2,2,3156,2634373,2025
1526,Business Bay,Apartment,4,3,570,1091669,2024
1527,Business Bay,Villa,2,3,1833,3166359,2026
1528,Palm Jumeirah,Apartment,5,6,992,3634337,2024
1529,Palm Jumeirah,Townhouse,5,4,445,1578061,2024
1530,Business Bay,Townhouse,3,3,4622,8586402,2023
1531,Dubai Silicon Oasis,Villa,4,3,767,796804,2025
1532,JVC,Apartment,3,2,393,327077,2025
1533,Business Bay,Villa,5,5,4687,8931036,2025
1534,Dubai Marina,Penthouse,2,1,1225,2118042,2024
1535,Business Bay,Townhouse,5,5,4146,7252045,2025
1536,Al Barsha,Penthouse,4,4,495,479889,2024
1537,Dubai Silicon Oasis,Townhouse,4,4,1064,823346,2026
1538,Business Bay,Apartment,2,3,864,1451781,2024
1539,Downtown Dubai,Apartment,5,4,3634,6622410,2025
1540,Deira,Apartment,4,5,3233,1855584,2024
1541,Deira,Townhouse,5,4,2561,2083944,2024
1542,Dubai Silicon Oasis,Apartment,5,4,1473,1125907,2025
1543,Palm Jumeirah,Villa,1,1,763,1855480,2026
1544,Dubai Marina,Penthouse,5,4,2996,4533945,2025
1545,Dubai Silicon Oasis,Apartment,5,4,1422,1021479,2025
1546,Deira,Apartment,2,2,3094,1784849,2024
1547,Al Barsha,Villa,5,6,3546,4514318,2025
1548,Dubai Marina,Penthouse,3,3,4299,8389605,2025
1549,Business Bay,Penthouse,2,3,2647,4486455,2026
1550,Business Bay,Villa,2,1,372,674363,2025
1551,JVC,Villa,2,1,1655,1275622,2025
1552,Al Barsha,Townhouse,1,1,4318,4969684,2026
1553,Downtown Dubai,Penthouse,4,5,2829,7996308,2023
1554,Dubai Marina,Apartment,4,5,3228,5027905,2025
1555,Downtown Dubai,Penthouse,4,3,2478,4777237,2025
1556,Dubai Silicon Oasis,Penthouse,3,3,1106,985960,2023
1557,Dubai Marina,Villa,2,2,4519,7125274,2023
1558,Palm Jumeirah,Townhouse,4,5,3944,10211328,2025
1559,Downtown Dubai,Townhouse,5,4,4977,12430217,2023
1560,Business Bay,Apartment,1,1,4328,8161997,2026
1561,Palm Jumeirah,Villa,2,3,1703,4643409,2024
1562,Dubai Marina,Apartment,5,5,1532,3341079,2024
1563,Downtown Dubai,Apartment,5,6,1505,2823042,2025
1564,Palm Jumeirah,Villa,5,5,4622,13398541,2024
1565,Dubai Marina,Townhouse,1,1,2939,6186538,2023
1566,Business Bay,Townhouse,3,2,2463,4634912,2025
1567,Palm Jumeirah,Apartment,1,2,4852,16012116,2025
1568,Downtown Dubai,Penthouse,5,4,3155,7934514,2025
1569,Downtown Dubai,Apartment,3,4,4578,11312736,2025
1570,Business Bay,Villa,2,3,4928,10364225,2025
1571,Deira,Townhouse,1,1,719,545770,2026
1572,Dubai Marina,Penthouse,4,5,2031,3658147,2024
1573,JVC,Penthouse,5,6,3763,4006617,2026
1574,Dubai Silicon Oasis,Apartment,5,6,4131,3072207,2023
1575,JVC,Villa,5,4,1040,1104289,2025
1576,JVC,Penthouse,5,4,1830,1548166,2024
1577,Deira,Apartment,4,3,2899,2110858,2025
1578,Business Bay,Penthouse,5,4,4066,8084486,2023
1579,Business Bay,Townhouse,5,6,875,1656821,2023
1580,Al Barsha,Townhouse,3,2,3143,2649060,2024
1581,Dubai Marina,Townhouse,4,3,1728,3182809,2024
1582,Deira,Penthouse,5,6,1356,1144666,2024
1583,Business Bay,Townhouse,1,1,2746,6061109,2025
1584,Dubai Silicon Oasis,Villa,4,5,2275,1880786,2024
1585,Deira,Townhouse,2,3,3306,1950784,2025
1586,Dubai Silicon Oasis,Townhouse,1,1,1827,1436888,2024
1587,Downtown Dubai,Townhouse,1,2,4178,9604868,2023
1588,Downtown Dubai,Apartment,1,2,713,1312469,2024
1589,Dubai Silicon Oasis,Penthouse,5,4,4357,4294710,2025
1590,Business Bay,Villa,4,3,488,887170,2025
1591,Al Barsha,Townhouse,1,1,3771,3801385,2026
1592,Deira,Townhouse,4,4,1961,1370767,2024
1593,Business Bay,Apartment,4,5,2132,2950820,2025
1594,Dubai Marina,Penthouse,3,2,438,835260,2025
1595,Dubai Marina,Apartment,4,3,3614,6751018,2026
1596,Deira,Penthouse,5,4,1119,762105,2025
1597,Dubai Marina,Penthouse,3,2,3415,6942044,2023
1598,Dubai Marina,Townhouse,4,5,3722,6736555,2026
1599,Downtown Dubai,Penthouse,3,3,4280,10224664,2024
1600,Dubai Silicon Oasis,Penthouse,2,3,3642,3620209,2026
1601,Deira,Penthouse,5,4,1751,1203567,2024
1602,Deira,Penthouse,3,2,3784,2646050,2025
1603,Deira,Penthouse,4,5,4190,3616248,2025
1604,Palm Jumeirah,Penthouse,4,3,1824,5357344,2023
1605,JVC,Penthouse,4,3,927,850720,2025
1606,Business Bay,Apartment,4,4,4488,9158618,2023
1607,Palm Jumeirah,Villa,4,3,1037,3409448,2024
1608,Dubai Silicon Oasis,Villa,3,2,3111,3153167,2024
1609,Dubai Silicon Oasis,Penthouse,4,4,1448,1199327,2026
1610,Deira,Villa,3,3,936,681089,2026
1611,Al Barsha,Villa,2,2,3960,3252998,2025
1612,Al Barsha,Penthouse,4,4,1018,914827,2025
1613,Deira,Townhouse,5,4,3466,2596033,2024
1614,Al Barsha,Townhouse,4,3,3572,3191779,2025
1615,Dubai Marina,Penthouse,4,4,630,1164381,2026
1616,Dubai Marina,Penthouse,5,4,1154,1956013,2026
1617,Business Bay,Townhouse,2,2,4043,5570006,2025
1618,Dubai Marina,Penthouse,1,1,2708,5057456,2024
1619,JVC,Apartment,2,2,914,923890,2026
1620,Downtown Dubai,Townhouse,4,5,4961,10577135,2026
1621,Dubai Silicon Oasis,Apartment,5,5,1582,1503866,2026
1622,Deira,Penthouse,3,3,368,224891,2025
1623,Dubai Marina,Apartment,4,4,4647,7073489,2024
1624,Palm Jumeirah,Townhouse,1,1,427,1623565,2026
1625,Deira,Penthouse,4,5,2923,2579780,2025
1626,JVC,Townhouse,4,3,4967,4484927,2023
1627,Dubai Silicon Oasis,Apartment,3,2,3036,2453005,2023
1628,Dubai Silicon Oasis,Villa,4,5,3068,3007910,2025
1629,Dubai Silicon Oasis,Penthouse,3,3,2155,1836509,2026
1630,Dubai Marina,Penthouse,3,2,940,1452678,2026
1631,Business Bay,Penthouse,4,4,3013,4391876,2026
1632,Al Barsha,Penthouse,4,3,4522,3914086,2025
1633,Business Bay,Villa,2,2,773,1564281,2026
1634,Business Bay,Penthouse,2,3,4443,8315571,2023
1635,JVC,Apartment,3,2,2279,1948305,2023
1636,Business Bay,Villa,2,3,2843,4258138,2023
1637,Deira,Villa,2,1,1119,674994,2026
1638,Dubai Marina,Villa,2,1,3241,6829593,2026
1639,Al Barsha,Penthouse,2,3,1197,1487788,2026
1640,Deira,Penthouse,3,3,1620,1208321,2026
1641,Downtown Dubai,Penthouse,3,4,3705,9669980,2025
1642,Al Barsha,Penthouse,4,5,584,549873,2026
1643,Palm Jumeirah,Apartment,2,3,2429,7963466,2024
1644,JVC,Penthouse,5,4,3114,2855903,2026
1645,Business Bay,Penthouse,3,2,963,1381462,2026
1646,Palm Jumeirah,Townhouse,4,3,1720,5385406,2025
1647,Downtown Dubai,Apartment,1,1,1947,5240283,2023
1648,Palm Jumeirah,Townhouse,1,1,3435,8510809,2024
1649,Deira,Townhouse,3,4,4891,3555693,2026
1650,JVC,Apartment,2,1,4238,4716760,2025
1651,Business Bay,Apartment,3,2,1232,2502883,2025
1652,Palm Jumeirah,Penthouse,1,1,434,1362835,2026
1653,Palm Jumeirah,Apartment,3,3,591,1570297,2024
1654,Business Bay,Villa,4,5,3120,6493491,2024
1655,Dubai Silicon Oasis,Townhouse,4,3,1076,754549,2026
1656,Dubai Silicon Oasis,Penthouse,2,2,1425,1069787,2024
1657,Business Bay,Villa,2,3,4290,6287569,2025
1658,Deira,Apartment,3,3,4413,3180242,2025
1659,Al Barsha,Penthouse,3,4,4251,4738160,2025
1660,Dubai Marina,Penthouse,4,4,1529,3339957,2024
1661,Palm Jumeirah,Penthouse,2,1,3231,9990272,2023
1662,Al Barsha,Villa,4,5,3190,4100298,2026
1663,Dubai Marina,Townhouse,5,5,1211,2393264,2025
1664,JVC,Apartment,2,1,2923,2899570,2026
1665,Al Barsha,Townhouse,5,4,2792,2478302,2025
1666,Dubai Silicon Oasis,Townhouse,2,1,2192,1569573,2024
1667,Dubai Silicon Oasis,Townhouse,2,1,3845,3347651,2024
1668,Palm Jumeirah,Townhouse,4,5,3500,12184616,2025
1669,Dubai Marina,Penthouse,4,4,2826,4590090,2025
1670,Dubai Marina,Penthouse,3,2,3724,6984793,2025
1671,Al Barsha,Apartment,2,1,3898,3812633,2025
1672,Deira,Townhouse,1,1,2986,2130712,2026
1673,Downtown Dubai,Townhouse,5,6,1594,3194924,2024
1674,Downtown Dubai,Townhouse,5,5,3876,7421746,2026
1675,Downtown Dubai,Townhouse,5,4,3686,7786863,2025
1676,Dubai Silicon Oasis,Apartment,3,4,4922,4860803,2025
1677,Al Barsha,Villa,5,6,1046,1257933,2024
1678,Dubai Silicon Oasis,Penthouse,3,2,2299,1564841,2024
1679,Dubai Marina,Apartment,1,2,4647,7058921,2025
1680,Deira,Penthouse,1,2,2742,2008605,2024
1681,Dubai Silicon Oasis,Apartment,2,1,4733,3554259,2026
1682,Palm Jumeirah,Penthouse,2,3,407,1479501,2025
1683,Al Barsha,Apartment,5,5,513,535105,2025
1684,Palm Jumeirah,Apartment,2,2,4051,14903878,2024
1685,Dubai Marina,Townhouse,4,3,2016,3099355,2026
1686,Business Bay,Penthouse,2,1,2769,6049061,2026
1687,JVC,Apartment,4,5,2340,2492557,2024
1688,Dubai Marina,Villa,3,4,2247,4715753,2025
1689,Palm Jumeirah,Villa,1,1,4718,17977109,2026
1690,Dubai Silicon Oasis,Penthouse,3,2,787,651731,2023
1691,Dubai Marina,Villa,1,1,3940,6201560,2024
1692,JVC,Apartment,5,6,4486,4233013,2026
1693,Deira,Penthouse,4,5,3406,2879188,2025
1694,JVC,Apartment,5,6,2186,2419452,2026
1695,Dubai Marina,Villa,5,5,1094,2056382,2024
1696,Downtown Dubai,Apartment,2,1,3524,9040936,2025
1697,Dubai Marina,Villa,4,5,2529,4203849,2025
1698,Dubai Silicon Oasis,Penthouse,1,2,1044,764436,2025
1699,Business Bay,Apartment,5,5,2022,3757524,2026
1700,Dubai Silicon Oasis,Townhouse,4,4,4821,3898744,2025
1701,Deira,Townhouse,4,3,1584,976327,2026
1702,JVC,Townhouse,5,5,1179,1252820,2024
1703,Dubai Silicon Oasis,Apartment,5,4,3521,3002916,2026
1704,JVC,Villa,5,5,1277,1218483,2025
1705,Downtown Dubai,Apartment,1,1,4627,9107048,2023
1706,Al Barsha,Penthouse,1,1,4344,3998957,2025
1707,Palm Jumeirah,Penthouse,5,4,4923,16930501,2024
1708,Business Bay,Villa,2,3,4593,9572352,2024
1709,Palm Jumeirah,Townhouse,3,3,1483,3953408,2026
1710,Dubai Silicon Oasis,Apartment,1,2,1336,1289157,2026
1711,JVC,Penthouse,4,3,1943,2088031,2023
1712,Dubai Silicon Oasis,Penthouse,5,4,2534,2447754,2023
1713,Dubai Silicon Oasis,Apartment,5,4,4441,3875649,2024
1714,Al Barsha,Townhouse,3,3,3760,3669462,2026
1715,Downtown Dubai,Apartment,4,3,3346,8726779,2025
1716,Dubai Marina,Townhouse,3,4,4434,8300230,2025
1717,Dubai Marina,Townhouse,3,4,3353,5497839,2025
1718,Deira,Villa,3,4,2112,1480164,2026
1719,Business Bay,Villa,5,4,2270,3970364,2024
1720,Dubai Silicon Oasis,Townhouse,2,2,2754,2319248,2023
1721,Dubai Marina,Apartment,3,3,762,1712829,2025
1722,JVC,Apartment,4,4,3798,3437282,2026
1723,JVC,Villa,3,3,3385,2871038,2025
1724,Dubai Silicon Oasis,Villa,1,2,3749,3842496,2026
1725,Dubai Marina,Villa,2,3,2832,4694757,2026
1726,Business Bay,Villa,4,3,3990,5464100,2024
1727,Al Barsha,Apartment,4,3,4766,5837923,2025
1728,Dubai Silicon Oasis,Townhouse,4,3,3000,3065334,2026
1729,Dubai Silicon Oasis,Penthouse,5,5,2416,2205452,2023
1730,Deira,Villa,4,4,836,587438,2025
1731,Downtown Dubai,Townhouse,3,4,3970,9361776,2024
1732,Dubai Marina,Apartment,2,1,4553,9965612,2026
1733,Business Bay,Villa,2,1,3602,7609366,2024
1734,Business Bay,Villa,5,4,4374,6329820,2024
1735,Palm Jumeirah,Penthouse,3,2,4354,16118486,2025
1736,Dubai Marina,Villa,4,3,4061,8104191,2025
1737,Deira,Townhouse,1,1,2688,1535647,2023
1738,Business Bay,Apartment,1,2,814,1182101,2024
1739,Dubai Marina,Penthouse,2,3,365,540557,2026
1740,Dubai Silicon Oasis,Townhouse,1,2,1300,1325250,2026
1741,JVC,Apartment,4,4,2354,2146690,2025
1742,Downtown Dubai,Villa,4,4,3807,9697103,2023
1743,Business Bay,Townhouse,3,4,2469,3361444,2025
1744,Dubai Silicon Oasis,Villa,2,1,457,437471,2025
1745,Al Barsha,Penthouse,3,3,1328,1382471,2025
1746,Dubai Marina,Townhouse,1,2,4903,11135901,2024
1747,Deira,Townhouse,3,3,4944,3670001,2024
1748,Deira,Villa,1,1,2103,1758276,2023
1749,Dubai Silicon Oasis,Penthouse,1,1,4093,3650082,2025
1750,Dubai Silicon Oasis,Townhouse,1,2,3694,3133307,2024
1751,Deira,Townhouse,1,1,4680,4174023,2025
1752,Deira,Townhouse,3,3,4477,3283699,2025
1753,JVC,Townhouse,3,2,3273,3670914,2025
1754,Dubai Silicon Oasis,Penthouse,4,3,2185,1429931,2025
1755,Dubai Silicon Oasis,Apartment,3,4,3263,2946383,2025
1756,Dubai Silicon Oasis,Townhouse,1,1,1833,1841550,2024
1757,Dubai Silicon Oasis,Apartment,1,1,1968,1967429,2023
1758,Deira,Villa,4,4,3180,2320664,2025
1759,Dubai Silicon Oasis,Villa,5,4,3007,2492318,2025
1760,Al Barsha,Apartment,2,3,3051,3677238,2025
1761,Downtown Dubai,Townhouse,2,3,2138,4550770,2025
1762,Dubai Marina,Villa,2,1,2252,5142318,2023
1763,Dubai Silicon Oasis,Villa,2,1,397,293888,2024
1764,Business Bay,Penthouse,2,3,3148,4480353,2025
1765,Al Barsha,Villa,3,4,3027,3589906,2025
1766,JVC,Apartment,4,5,4699,4239089,2025
1767,JVC,Penthouse,4,5,2694,2370988,2023
1768,Al Barsha,Apartment,5,6,2524,2424188,2026
1769,Palm Jumeirah,Penthouse,2,2,664,2570120,2024
1770,Deira,Townhouse,3,4,1264,960749,2025
1771,JVC,Villa,2,3,1921,2240580,2025
1772,Palm Jumeirah,Townhouse,1,1,2104,6133941,2025
1773,Business Bay,Penthouse,2,1,2036,3485375,2026
1774,Dubai Silicon Oasis,Penthouse,2,2,2182,1581306,2023
1775,Business Bay,Villa,3,4,3925,6773802,2023
1776,Dubai Marina,Apartment,1,2,959,1434476,2023
1777,Deira,Apartment,4,3,1895,1061569,2026
1778,Dubai Silicon Oasis,Penthouse,5,5,1107,909100,2026
1779,Dubai Silicon Oasis,Townhouse,5,6,1781,1671307,2025
1780,Dubai Marina,Townhouse,1,1,3533,6477256,2025
1781,Dubai Silicon Oasis,Townhouse,1,2,567,480363,2023
1782,JVC,Penthouse,5,4,1928,1774776,2026
1783,Al Barsha,Townhouse,5,4,460,489164,2024
1784,Deira,Villa,3,2,4790,3982700,2024
1785,Dubai Silicon Oasis,Apartment,2,3,3731,3587410,2026
1786,JVC,Villa,3,4,1482,1625940,2024
1787,Palm Jumeirah,Penthouse,3,2,1271,3455397,2026
1788,Deira,Apartment,5,5,809,582678,2026
1789,Downtown Dubai,Apartment,3,2,2548,6813622,2026
1790,Al Barsha,Penthouse,1,2,3853,4896929,2025
1791,Downtown Dubai,Townhouse,4,5,3066,7227425,2024
1792,Al Barsha,Apartment,4,5,4446,4652738,2025
1793,Downtown Dubai,Apartment,2,2,1948,5066853,2026
1794,Downtown Dubai,Apartment,1,1,1643,4683969,2025
1795,Business Bay,Apartment,1,1,2572,4429092,2026
1796,Downtown Dubai,Villa,5,6,1289,2502734,2026
1797,Dubai Marina,Penthouse,3,3,4886,10704620,2025
1798,Dubai Marina,Penthouse,3,2,1213,2522291,2026
1799,JVC,Villa,5,6,2576,2022891,2024
1800,Business Bay,Villa,1,1,2777,4540347,2026
1801,Dubai Marina,Penthouse,2,3,615,1191809,2026
1802,Downtown Dubai,Villa,5,4,2528,6483339,2023
1803,Palm Jumeirah,Apartment,3,3,2464,8798869,2025
1804,JVC,Townhouse,1,1,1556,1229363,2025
1805,Al Barsha,Villa,4,5,945,858414,2026
1806,Al Barsha,Penthouse,1,1,560,656354,2023
1807,Dubai Marina,Penthouse,4,4,389,600810,2025
1808,Dubai Silicon Oasis,Penthouse,4,4,2588,2172015,2025
1809,Deira,Penthouse,5,6,767,576091,2024
1810,Al Barsha,Townhouse,3,2,4810,4664147,2026
1811,Business Bay,Townhouse,2,1,1488,3030886,2025
1812,Dubai Marina,Apartment,5,4,3384,5041734,2025
1813,Dubai Silicon Oasis,Apartment,3,4,3481,3310353,2026
1814,Palm Jumeirah,Apartment,4,5,2654,8941456,2023
1815,Dubai Marina,Penthouse,1,1,4458,8454578,2024
1816,Downtown Dubai,Villa,4,3,864,2349743,2024
1817,Downtown Dubai,Townhouse,3,4,1438,2850793,2026
1818,Business Bay,Villa,2,3,1523,3107922,2026
1819,Business Bay,Penthouse,4,5,979,1487696,2025
1820,Business Bay,Villa,1,2,1720,3787232,2024
1821,Al Barsha,Penthouse,4,3,1803,1471937,2025
1822,Dubai Silicon Oasis,Townhouse,5,6,3906,3364155,2025
1823,Deira,Apartment,3,3,1752,1084147,2025
1824,Deira,Villa,1,1,4426,3110554,2024
1825,Al Barsha,Villa,3,2,3942,3445202,2023
1826,JVC,Townhouse,3,3,4542,3666399,2026
1827,Palm Jumeirah,Villa,3,4,839,2090343,2025
1828,Deira,Apartment,2,2,4928,2773484,2023
1829,JVC,Penthouse,4,5,3204,3343975,2026
1830,Dubai Silicon Oasis,Penthouse,2,3,4918,4039567,2025
1831,Downtown Dubai,Villa,3,2,2000,3620302,2025
1832,Dubai Marina,Penthouse,3,4,4781,10924933,2024
1833,JVC,Apartment,4,5,3087,3147272,2026
1834,Al Barsha,Villa,4,4,683,636649,2023
1835,JVC,Apartment,5,5,2257,2070600,2026
1836,Downtown Dubai,Villa,4,4,990,2275211,2025
1837,Al Barsha,Townhouse,4,5,4726,5127539,2024
1838,Downtown Dubai,Penthouse,5,6,1765,4771139,2024
1839,Downtown Dubai,Penthouse,2,1,1383,3331495,2026
1840,Dubai Silicon Oasis,Penthouse,2,1,2920,3011952,2023
1841,JVC,Townhouse,3,2,2327,2436518,2023
1842,Dubai Marina,Villa,3,3,800,1863732,2025
1843,Business Bay,Penthouse,4,5,4146,7579455,2023
1844,Deira,Apartment,1,1,4282,3414711,2025
1845,Al Barsha,Penthouse,1,1,3804,4446683,2025
1846,Dubai Marina,Penthouse,4,5,3217,6817699,2023
1847,JVC,Apartment,5,5,2221,1623536,2024
1848,Palm Jumeirah,Townhouse,2,2,2871,7439368,2023
1849,Deira,Penthouse,2,3,2772,1773256,2026
1850,Palm Jumeirah,Townhouse,3,2,1118,3138496,2024
1851,JVC,Penthouse,3,3,730,823013,2025
1852,Al Barsha,Villa,1,1,1527,1773307,2025
1853,Dubai Marina,Townhouse,3,3,2462,3862763,2026
1854,Al Barsha,Penthouse,5,5,1095,1109429,2024
1855,Dubai Silicon Oasis,Apartment,4,4,846,623712,2024
1856,Deira,Townhouse,5,6,4311,3666299,2025
1857,Business Bay,Penthouse,4,3,2093,4479286,2025
1858,Business Bay,Villa,5,6,3066,4597916,2026
1859,Business Bay,Penthouse,2,3,2786,4775441,2023
1860,Downtown Dubai,Townhouse,1,1,3768,10580998,2026
1861,Downtown Dubai,Villa,1,1,3790,9409805,2023
1862,Deira,Villa,5,4,1726,1490977,2025
1863,Palm Jumeirah,Villa,4,4,4292,12603632,2025
1864,Business Bay,Villa,2,3,2076,3193400,2023
1865,Business Bay,Townhouse,5,5,4233,8244225,2026
1866,Dubai Marina,Townhouse,2,3,2232,3490142,2025
1867,Al Barsha,Villa,3,2,866,1056477,2024
1868,Dubai Silicon Oasis,Townhouse,2,2,3884,3658475,2023
1869,Downtown Dubai,Townhouse,1,2,490,1026744,2026
1870,JVC,Penthouse,2,2,3941,3721959,2026
1871,Deira,Penthouse,2,3,550,461844,2023
1872,Dubai Marina,Townhouse,3,2,1311,2990940,2024
1873,Dubai Marina,Apartment,1,2,3155,5543159,2025
1874,Dubai Silicon Oasis,Villa,2,3,4728,4519952,2025
1875,Downtown Dubai,Villa,3,3,2249,4439332,2024
1876,Palm Jumeirah,Villa,2,2,911,3421087,2025
1877,Dubai Silicon Oasis,Penthouse,4,5,1433,1310478,2025
1878,Deira,Townhouse,4,4,4516,2770379,2024
1879,JVC,Penthouse,5,4,3729,3926349,2024
1880,Downtown Dubai,Apartment,5,6,816,2086074,2023
1881,Deira,Townhouse,2,1,2139,1753560,2023
1882,Business Bay,Townhouse,4,4,1580,2611970,2026
1883,Dubai Silicon Oasis,Penthouse,4,3,1176,1100642,2023
1884,Deira,Villa,3,4,4286,3640097,2023
1885,Dubai Marina,Townhouse,4,5,3222,5646284,2026
1886,JVC,Villa,1,1,1184,963279,2026
1887,Deira,Townhouse,2,2,3375,2938808,2026
1888,Deira,Apartment,5,5,2273,1766673,2023
1889,Deira,Townhouse,5,5,635,457921,2025
1890,Downtown Dubai,Villa,1,2,2441,6658360,2025
1891,Downtown Dubai,Penthouse,3,2,1211,2312533,2026
1892,Downtown Dubai,Apartment,2,3,1490,3950948,2023
1893,Deira,Apartment,1,1,4437,3246940,2024
1894,Dubai Marina,Townhouse,1,2,3652,5398648,2024
1895,Al Barsha,Villa,3,3,973,1251576,2025
1896,JVC,Villa,4,5,4308,4610120,2024
1897,Business Bay,Penthouse,3,3,3020,4658478,2025
1898,Downtown Dubai,Penthouse,2,2,4416,12259103,2025
1899,Business Bay,Apartment,4,3,3823,8238732,2026
1900,Al Barsha,Townhouse,4,3,1927,2312848,2026
1901,Downtown Dubai,Townhouse,5,4,2837,5389980,2025
1902,Palm Jumeirah,Penthouse,2,2,2818,7551033,2024
1903,Dubai Marina,Apartment,2,3,3697,7832573,2026
1904,Downtown Dubai,Penthouse,3,4,1505,4161605,2024
1905,Deira,Townhouse,3,4,1898,1205716,2023
1906,Palm Jumeirah,Penthouse,3,3,1488,4599767,2025
1907,Palm Jumeirah,Townhouse,5,5,1727,4545793,2025
1908,Downtown Dubai,Penthouse,1,2,1099,2512103,2023
1909,Downtown Dubai,Apartment,3,2,519,1280259,2024
1910,Business Bay,Apartment,3,4,4721,6495017,2023
1911,Downtown Dubai,Townhouse,2,3,695,1714717,2025
1912,Dubai Silicon Oasis,Villa,4,5,4479,4012735,2025
1913,JVC,Apartment,5,4,364,336610,2025
1914,Deira,Townhouse,3,4,3964,3462121,2025
1915,Downtown Dubai,Penthouse,1,1,1877,3581880,2026
1916,Deira,Townhouse,1,1,2757,1593433,2025
1917,Downtown Dubai,Townhouse,3,2,1662,3831598,2025
1918,JVC,Townhouse,4,4,2631,2525406,2025
1919,Business Bay,Villa,2,2,2449,3885793,2025
1920,Dubai Marina,Townhouse,2,3,2813,6485272,2026
1921,Dubai Marina,Penthouse,5,5,2178,3633676,2023
1922,Al Barsha,Apartment,1,1,2845,2660305,2026
1923,JVC,Villa,1,2,4188,4543745,2025
1924,Palm Jumeirah,Apartment,1,1,2370,8968638,2026
1925,Deira,Penthouse,5,6,2030,1517727,2025
1926,Palm Jumeirah,Townhouse,3,4,962,2336294,2025
1927,Deira,Townhouse,1,1,2022,1383861,2024
1928,Dubai Silicon Oasis,Townhouse,2,3,934,681423,2025
1929,Deira,Townhouse,5,6,1198,885149,2025
1930,JVC,Penthouse,4,4,4777,4906730,2026
1931,JVC,Apartment,2,3,765,685896,2026
1932,Al Barsha,Townhouse,2,1,2591,2768949,2025
1933,Business Bay,Penthouse,1,1,4229,8482871,2026
1934,Palm Jumeirah,Apartment,4,4,4782,13242412,2026
1935,Al Barsha,Townhouse,1,1,1032,926719,2026
1936,Downtown Dubai,Apartment,2,3,1110,2937280,2024
1937,Downtown Dubai,Apartment,2,3,2082,3749111,2024
1938,Dubai Marina,Villa,4,4,2928,4613172,2026
1939,Dubai Marina,Penthouse,4,4,4813,6984245,2025
1940,Palm Jumeirah,Villa,4,4,1315,4251496,2025
1941,Palm Jumeirah,Villa,2,1,1114,3676343,2025
1942,JVC,Penthouse,2,2,1527,1464337,2023
1943,Downtown Dubai,Penthouse,2,1,4415,9782297,2024
1944,Deira,Townhouse,1,2,489,364383,2024
1945,Dubai Marina,Apartment,4,5,2117,3417989,2025
1946,Deira,Penthouse,3,4,903,766814,2025
1947,Dubai Silicon Oasis,Villa,3,4,1080,1114893,2025
1948,Business Bay,Townhouse,5,5,4613,8393489,2023
1949,Business Bay,Townhouse,1,1,357,599118,2023
1950,Palm Jumeirah,Villa,5,5,1845,6619258,2025
1951,Dubai Marina,Townhouse,4,4,4606,7433000,2024
1952,Deira,Townhouse,2,1,3177,2135804,2026
1953,JVC,Apartment,4,5,683,780663,2025
1954,Business Bay,Apartment,4,4,2512,3814095,2024
1955,Dubai Marina,Penthouse,2,3,4864,7494957,2025
1956,Dubai Silicon Oasis,Apartment,2,1,2212,1899093,2025
1957,JVC,Villa,5,5,2808,2764020,2023
1958,Dubai Marina,Villa,1,1,2823,5582299,2025
1959,Al Barsha,Villa,1,2,3421,3018140,2023
1960,Dubai Silicon Oasis,Villa,4,4,1220,1132718,2024
1961,Palm Jumeirah,Penthouse,5,4,4254,11755595,2024
1962,Dubai Marina,Apartment,3,3,4947,11344916,2025
1963,Dubai Silicon Oasis,Penthouse,1,2,1012,739957,2025
1964,Downtown Dubai,Townhouse,3,2,4155,7391922,2026
1965,Downtown Dubai,Penthouse,2,2,4148,9891444,2025
1966,Deira,Townhouse,5,4,3798,2396525,2024
1967,JVC,Penthouse,4,5,2074,2079927,2025
1968,Dubai Marina,Apartment,2,1,2529,4163472,2025
1969,Deira,Townhouse,4,4,4252,3018195,2025
1970,JVC,Townhouse,4,5,1060,848828,2025
1971,Al Barsha,Penthouse,4,5,4203,4263547,2025
1972,Downtown Dubai,Apartment,2,1,4631,8846008,2025
1973,Dubai Silicon Oasis,Townhouse,3,2,3520,2728666,2025
1974,Deira,Townhouse,1,1,1937,1219585,2026
1975,Downtown Dubai,Apartment,3,3,2950,7840250,2025
1976,Palm Jumeirah,Townhouse,2,3,582,2033526,2025
1977,Dubai Silicon Oasis,Villa,3,2,4682,3308899,2024
1978,Dubai Marina,Villa,5,4,1942,2941380,2023
1979,Al Barsha,Townhouse,5,5,615,499916,2024
1980,Business Bay,Townhouse,3,4,4044,6279001,2024
1981,Dubai Silicon Oasis,Townhouse,4,4,3407,2834865,2023
1982,Downtown Dubai,Villa,1,1,3245,7138583,2025
1983,Deira,Penthouse,3,4,601,540914,2024
1984,Dubai Silicon Oasis,Apartment,4,5,3841,3675446,2023
1985,JVC,Villa,4,4,3313,2501924,2025
1986,Dubai Marina,Villa,5,5,4040,6395478,2026
1987,Business Bay,Villa,3,3,4197,5802810,2024
1988,Palm Jumeirah,Villa,5,4,1335,3480798,2026
1989,Deira,Penthouse,5,5,1329,990498,2026
1990,Business Bay,Apartment,3,4,4645,6620180,2026
1991,Dubai Silicon Oasis,Townhouse,1,1,2819,1871667,2025
1992,Palm Jumeirah,Villa,2,3,2386,6149300,2026
1993,Deira,Apartment,4,4,1685,1338386,2024
1994,Dubai Silicon Oasis,Apartment,3,3,3321,2151155,2025
1995,Dubai Silicon Oasis,Villa,5,4,3855,3962363,2024
1996,JVC,Villa,5,6,360,320887,2024
1997,JVC,Villa,1,1,2919,2543804,2026
1998,Deira,Townhouse,5,5,4969,3608410,2025
1999,Palm Jumeirah,Villa,2,1,1654,5254415,2023
2000,Business Bay,Penthouse,5,6,1656,2843370,2024
2001,Deira,Villa,3,2,4433,3237038,2025
2002,Deira,Penthouse,3,4,638,433142,2026
2003,Dubai Silicon Oasis,Penthouse,1,1,2198,1689828,2026
2004,JVC,Townhouse,1,1,2480,1816083,2023
2005,Al Barsha,Apartment,3,4,4060,4611755,2023
2006,Downtown Dubai,Penthouse,3,4,949,2314610,2023
2007,Dubai Silicon Oasis,Penthouse,3,2,2368,2149026,2025
2008,Dubai Marina,Townhouse,1,2,1058,2419592,2025
2009,Al Barsha,Villa,3,4,4012,4158607,2025
2010,Dubai Marina,Townhouse,1,2,3290,7348522,2025
2011,Dubai Silicon Oasis,Townhouse,1,1,2659,2173938,2023
2012,Dubai Silicon Oasis,Penthouse,3,2,2177,1809186,2024
2013,Al Barsha,Townhouse,4,4,1062,1185697,2024
2014,Al Barsha,Penthouse,4,5,4636,4209259,2025
2015,Business Bay,Penthouse,5,5,3361,5191913,2025
2016,Downtown Dubai,Penthouse,5,5,1834,4256374,2026
2017,Dubai Silicon Oasis,Villa,2,3,2274,1517767,2023
2018,Palm Jumeirah,Penthouse,4,4,3726,10265081,2026
2019,Al Barsha,Penthouse,1,1,3695,4421828,2024
2020,Deira,Villa,5,6,2494,1801432,2024
2021,Deira,Apartment,2,2,1758,1000860,2023
2022,JVC,Penthouse,4,4,3418,2554386,2024
2023,Business Bay,Townhouse,5,5,3410,7302815,2024
2024,Business Bay,Villa,4,5,3138,6819535,2024
2025,Palm Jumeirah,Townhouse,5,6,688,2312819,2025
2026,Deira,Apartment,1,2,2548,1591814,2026
2027,Downtown Dubai,Penthouse,1,2,3204,6936323,2025
2028,Downtown Dubai,Apartment,4,3,4767,9991697,2026
2029,Dubai Marina,Villa,3,4,2793,5995567,2025
2030,Palm Jumeirah,Townhouse,1,2,1943,6228547,2026
2031,Deira,Townhouse,4,3,2934,2443669,2023
2032,Downtown Dubai,Apartment,1,1,1174,2531803,2026
2033,Deira,Townhouse,5,6,771,666397,2025
2034,Dubai Marina,Apartment,1,1,3503,6397340,2025
2035,Al Barsha,Penthouse,3,4,4935,4977870,2025
2036,Deira,Villa,5,5,4283,3131663,2023
2037,Deira,Villa,3,2,3064,2350492,2024
2038,Deira,Townhouse,4,3,537,468768,2025
2039,JVC,Apartment,4,5,4944,4578094,2026
2040,Dubai Silicon Oasis,Apartment,5,6,2440,2469412,2026
2041,Deira,Penthouse,3,3,1696,1183441,2023
2042,Downtown Dubai,Townhouse,5,5,4500,9526634,2024
2043,Dubai Silicon Oasis,Apartment,3,3,3820,2895629,2025
2044,Deira,Townhouse,5,6,3835,2175991,2024
2045,JVC,Penthouse,4,5,1641,1808570,2024
2046,Dubai Silicon Oasis,Penthouse,1,2,4961,3332271,2024
2047,Downtown Dubai,Villa,4,5,2455,5223661,2025
2048,Deira,Townhouse,5,6,2821,1827048,2024
2049,Deira,Penthouse,1,1,3841,3151743,2023
2050,Dubai Silicon Oasis,Villa,5,4,3418,3462553,2023
2051,Palm Jumeirah,Penthouse,1,1,1151,4172449,2025
2052,Dubai Silicon Oasis,Penthouse,5,6,1756,1348606,2024
2053,JVC,Villa,4,4,2029,1877009,2025
2054,Al Barsha,Penthouse,1,1,4756,4392253,2026
2055,Downtown Dubai,Apartment,4,5,3672,10194860,2024
2056,Dubai Silicon Oasis,Villa,1,2,2053,1411433,2024
2057,Al Barsha,Villa,3,3,3766,4805330,2023
2058,Deira,Apartment,5,5,3784,3196647,2026
2059,Dubai Marina,Townhouse,2,1,2183,4541556,2025
2060,Business Bay,Townhouse,1,2,2224,4487797,2026
2061,Downtown Dubai,Villa,3,2,4508,9616832,2026
2062,Dubai Silicon Oasis,Penthouse,2,2,2962,2246246,2026
2063,Business Bay,Apartment,1,1,1045,1759997,2026
2064,Al Barsha,Penthouse,3,2,3696,3292421,2024
2065,Dubai Silicon Oasis,Townhouse,2,2,3091,2901039,2025
2066,Dubai Marina,Penthouse,1,2,2716,5072237,2026
2067,Al Barsha,Apartment,2,3,3721,4624849,2025
2068,JVC,Penthouse,1,1,4567,5093445,2026
2069,Dubai Marina,Apartment,5,4,1886,2980386,2026
2070,JVC,Townhouse,5,6,2299,1881658,2025
2071,Palm Jumeirah,Penthouse,2,1,1231,3712647,2025
2072,Al Barsha,Apartment,5,6,3358,2885889,2025
2073,Deira,Apartment,3,3,2222,1780492,2024
2074,Downtown Dubai,Apartment,5,5,1941,4991000,2024
2075,JVC,Apartment,1,1,3588,3748052,2025
2076,JVC,Apartment,2,2,2247,2093293,2026
2077,Deira,Penthouse,4,3,2509,2145510,2026
2078,Palm Jumeirah,Apartment,2,2,2396,7927809,2024
2079,Dubai Marina,Penthouse,5,5,1552,3622756,2026
2080,Dubai Marina,Apartment,3,4,935,2032591,2023
2081,Dubai Marina,Townhouse,3,3,4196,8769778,2025
2082,Dubai Silicon Oasis,Villa,3,4,776,534913,2026
2083,Palm Jumeirah,Townhouse,4,3,1860,6786954,2026
2084,Business Bay,Penthouse,1,1,3453,5592949,2025
2085,Al Barsha,Apartment,4,3,960,969078,2025
2086,Downtown Dubai,Apartment,4,5,3398,7710185,2024
2087,Dubai Marina,Apartment,5,4,3758,6532078,2025
2088,JVC,Penthouse,5,4,3432,2638512,2024
2089,Downtown Dubai,Townhouse,4,5,1768,3499402,2023
2090,Al Barsha,Penthouse,3,3,441,529964,2026
2091,Al Barsha,Penthouse,3,3,4476,5040580,2023
2092,Deira,Apartment,2,3,1868,1662509,2025
2093,Dubai Silicon Oasis,Apartment,5,6,4093,3963773,2025
2094,Business Bay,Apartment,2,3,1269,2159694,2023
2095,Downtown Dubai,Apartment,3,3,1105,2900433,2024
2096,JVC,Villa,1,1,3968,3886231,2023
2097,Downtown Dubai,Apartment,2,1,4719,9791600,2024
2098,Dubai Silicon Oasis,Penthouse,2,2,4351,4481685,2025
2099,Palm Jumeirah,Villa,3,4,3843,14575486,2025
2100,Al Barsha,Townhouse,3,2,1497,1281580,2025
2101,JVC,Penthouse,4,5,4596,5045211,2026
2102,Deira,Apartment,3,2,3455,2028742,2026
2103,JVC,Villa,1,1,1150,1308663,2025
2104,Business Bay,Townhouse,3,3,951,1797904,2025
2105,Deira,Penthouse,1,1,4400,2720536,2025
2106,Dubai Silicon Oasis,Penthouse,5,6,1629,1575088,2024
2107,Palm Jumeirah,Apartment,4,4,3911,12412234,2024
2108,Deira,Villa,2,2,994,577357,2024
2109,Palm Jumeirah,Penthouse,2,2,1654,5950498,2025
2110,Business Bay,Townhouse,1,1,1668,3386185,2025
2111,Dubai Silicon Oasis,Apartment,2,3,1657,1379989,2026
2112,Dubai Silicon Oasis,Villa,1,2,3487,3251431,2023
2113,JVC,Penthouse,5,4,4601,3395845,2024
2114,Dubai Silicon Oasis,Apartment,1,1,4583,3516273,2024
2115,Business Bay,Villa,4,3,3798,7338643,2026
2116,Deira,Penthouse,3,2,1291,827159,2025
2117,Palm Jumeirah,Townhouse,2,2,4816,14812171,2025
2118,Al Barsha,Apartment,5,6,2870,3633343,2025
2119,Al Barsha,Villa,1,1,2888,3504229,2023
2120,Business Bay,Penthouse,5,4,3611,6623646,2026
2121,Deira,Villa,4,3,3926,2991025,2026
2122,Palm Jumeirah,Townhouse,4,4,4781,17835563,2025
2123,Al Barsha,Villa,5,4,3058,3766017,2024
2124,Downtown Dubai,Apartment,3,3,3186,5916804,2025
2125,Deira,Villa,2,1,3816,2758785,2025
2126,Palm Jumeirah,Townhouse,1,1,1536,4126126,2026
2127,Business Bay,Penthouse,5,5,1780,2546711,2023
2128,JVC,Apartment,3,2,3258,2774441,2026
2129,Deira,Penthouse,5,5,648,501374,2026
2130,JVC,Apartment,2,1,1840,1982538,2024
2131,Dubai Marina,Townhouse,5,4,3688,8339411,2025
2132,Dubai Silicon Oasis,Villa,5,5,4888,3955283,2024
2133,Business Bay,Villa,2,1,2765,4752964,2024
2134,Downtown Dubai,Penthouse,3,4,2208,4258299,2025
2135,Downtown Dubai,Townhouse,4,5,2397,4732458,2023
2136,Al Barsha,Penthouse,2,2,3537,3010862,2023
2137,JVC,Apartment,1,1,2881,3339526,2025
2138,JVC,Villa,2,2,458,356057,2026
2139,Business Bay,Apartment,3,3,2857,5722988,2023
2140,Dubai Marina,Villa,1,1,2210,3814433,2023
2141,Palm Jumeirah,Villa,2,3,3608,11566243,2023
2142,Dubai Marina,Penthouse,5,6,4419,9834215,2023
2143,Al Barsha,Apartment,1,1,4825,6118503,2026
2144,Business Bay,Townhouse,1,1,3187,4985091,2025
2145,Downtown Dubai,Penthouse,3,2,2035,5621476,2025
2146,Business Bay,Apartment,1,2,2414,3800226,2025
2147,Downtown Dubai,Villa,1,1,1170,3094973,2026
2148,JVC,Villa,1,1,4702,3417708,2025
2149,Downtown Dubai,Apartment,1,1,4289,10073808,2026
2150,Deira,Villa,5,6,4321,3517442,2025
2151,Dubai Silicon Oasis,Villa,1,1,1875,1829204,2026
2152,Business Bay,Villa,3,2,1848,3834525,2025
2153,Dubai Marina,Apartment,4,5,4333,7405014,2026
2154,Dubai Marina,Townhouse,4,3,2882,6362979,2024
2155,Al Barsha,Villa,4,5,3626,3487572,2025
2156,JVC,Townhouse,2,2,2627,2167788,2025
2157,JVC,Villa,5,4,2408,1735356,2025
2158,Dubai Marina,Townhouse,1,1,3289,5433900,2025
2159,Deira,Townhouse,1,2,4130,2484003,2024
2160,Dubai Marina,Villa,5,6,1903,3896283,2026
2161,Dubai Silicon Oasis,Penthouse,1,1,4112,2869826,2025
2162,Downtown Dubai,Townhouse,1,1,1485,3569823,2024
2163,Dubai Marina,Townhouse,1,2,2223,3454144,2025
2164,Deira,Townhouse,1,2,4593,3704468,2025
2165,JVC,Penthouse,1,2,4788,4062596,2023
2166,Deira,Penthouse,3,2,4646,3103731,2024
2167,Dubai Marina,Townhouse,4,4,1819,3667734,2025
2168,Al Barsha,Apartment,1,2,4271,5421917,2026
2169,JVC,Apartment,5,4,4702,5483568,2024
2170,Al Barsha,Villa,1,1,4898,4793338,2024
2171,Dubai Silicon Oasis,Townhouse,4,5,447,455283,2025
2172,Palm Jumeirah,Villa,5,6,3814,12656691,2024
2173,JVC,Penthouse,3,2,4984,5621507,2026
2174,JVC,Villa,3,4,3905,2860543,2026
2175,Deira,Townhouse,1,1,1434,819689,2026
2176,Dubai Marina,Townhouse,2,2,3896,5871726,2024
2177,Downtown Dubai,Villa,5,5,839,2219014,2024
2178,Deira,Townhouse,2,3,2584,1571807,2025
2179,Dubai Marina,Townhouse,1,1,3261,5214099,2024
2180,JVC,Villa,4,4,2472,2431038,2024
2181,Deira,Penthouse,4,5,3604,3225962,2025
2182,JVC,Townhouse,1,1,1467,1430619,2025
2183,Dubai Silicon Oasis,Penthouse,1,2,3168,2955865,2024
2184,Dubai Silicon Oasis,Townhouse,1,1,3348,2394133,2024
2185,Dubai Marina,Penthouse,1,2,3297,7460308,2024
2186,Downtown Dubai,Townhouse,4,5,1695,3087382,2025
2187,Dubai Silicon Oasis,Townhouse,1,2,1770,1333035,2024
2188,Dubai Marina,Penthouse,4,4,1548,2861248,2025
2189,Business Bay,Villa,1,1,2497,3875959,2025
2190,Dubai Silicon Oasis,Penthouse,5,4,3074,2783520,2025
2191,Palm Jumeirah,Townhouse,4,5,2035,6956013,2026
2192,JVC,Townhouse,2,3,2256,1839398,2026
2193,Dubai Marina,Apartment,3,2,1681,2433637,2023
2194,Business Bay,Apartment,1,1,1367,1945472,2024
2195,Palm Jumeirah,Townhouse,1,2,3407,8178986,2026
2196,Dubai Marina,Penthouse,3,4,4144,9344116,2026
2197,Palm Jumeirah,Townhouse,1,1,1701,5668580,2023
2198,Business Bay,Villa,4,3,4351,6429342,2026
2199,JVC,Penthouse,2,3,3005,2288700,2026
2200,Dubai Silicon Oasis,Townhouse,1,1,1129,1091785,2026
2201,Dubai Silicon Oasis,Townhouse,3,4,2051,1978016,2024
2202,Deira,Penthouse,3,4,384,339679,2025
2203,Palm Jumeirah,Penthouse,4,4,532,1403900,2025
2204,Business Bay,Villa,1,1,1913,3450924,2024
2205,Dubai Marina,Apartment,3,4,2463,3815995,2024
2206,JVC,Villa,5,6,4058,4374677,2023
2207,Dubai Marina,Apartment,2,3,974,1764144,2026
2208,JVC,Apartment,5,5,4252,4392832,2025
2209,Business Bay,Townhouse,4,5,1440,1995503,2025
2210,Palm Jumeirah,Penthouse,3,4,993,3541928,2024
2211,JVC,Townhouse,5,4,3604,2967060,2026
2212,JVC,Villa,5,4,3950,4342084,2026
2213,Deira,Apartment,2,1,3162,1976409,2025
2214,Downtown Dubai,Penthouse,5,6,888,2334646,2024
2215,Downtown Dubai,Townhouse,1,1,886,1690059,2024
2216,Deira,Apartment,1,1,2163,1713520,2025
2217,Palm Jumeirah,Villa,1,2,2445,8725931,2026
2218,Al Barsha,Apartment,2,2,4993,4958630,2026
2219,Deira,Villa,5,4,1682,1085758,2023
2220,Dubai Silicon Oasis,Apartment,4,4,1245,968374,2024
2221,Deira,Apartment,4,3,4748,3151756,2024
2222,Al Barsha,Penthouse,1,1,1065,1189107,2024
2223,Downtown Dubai,Apartment,3,4,472,853856,2025
2224,Palm Jumeirah,Apartment,2,2,2316,5702350,2025
2225,Dubai Silicon Oasis,Apartment,3,4,2215,1672566,2026
2226,Al Barsha,Penthouse,2,1,3231,3032250,2024
2227,Business Bay,Penthouse,2,3,4431,6693068,2024
2228,Dubai Silicon Oasis,Townhouse,5,5,4687,4343564,2025
2229,JVC,Penthouse,3,2,1696,1239255,2026
2230,Dubai Marina,Penthouse,3,3,4910,11154593,2026
2231,Al Barsha,Villa,1,1,3291,3879244,2026
2232,Business Bay,Villa,4,4,673,1145791,2025
2233,Dubai Marina,Apartment,3,3,4713,10430062,2024
2234,Downtown Dubai,Townhouse,2,1,991,2418009,2025
2235,Dubai Marina,Penthouse,4,5,3086,6027595,2026
2236,Dubai Silicon Oasis,Apartment,1,1,4026,3080723,2024
2237,Al Barsha,Townhouse,3,2,1509,1707512,2024
2238,Dubai Silicon Oasis,Villa,5,5,1608,1118971,2023
2239,Downtown Dubai,Penthouse,3,4,2564,5993065,2025
2240,Al Barsha,Townhouse,1,2,4464,3830357,2025
2241,Palm Jumeirah,Villa,2,2,1389,4261063,2023
2242,JVC,Apartment,1,2,3435,3425801,2024
2243,Deira,Townhouse,3,2,2454,1507801,2025
2244,Dubai Silicon Oasis,Penthouse,2,2,870,634097,2025
2245,Business Bay,Apartment,1,1,3655,7497388,2024
2246,Dubai Marina,Apartment,4,5,4221,7049667,2025
2247,Al Barsha,Penthouse,1,2,3026,2565376,2023
2248,Downtown Dubai,Villa,2,1,1170,2484798,2023
2249,Downtown Dubai,Townhouse,5,4,1074,2995014,2024
2250,Palm Jumeirah,Townhouse,1,2,2319,7978922,2024
2251,Al Barsha,Villa,2,2,2704,2941187,2023
2252,Al Barsha,Villa,2,1,2917,3559352,2023
2253,Al Barsha,Townhouse,3,2,1483,1675928,2024
2254,Dubai Silicon Oasis,Apartment,2,2,2678,2582819,2025
2255,Downtown Dubai,Apartment,5,4,1722,4275506,2026
2256,JVC,Penthouse,1,1,3540,3925562,2024
2257,Deira,Apartment,5,4,4053,3154866,2025
2258,Business Bay,Apartment,3,2,3384,5364126,2024
2259,Deira,Townhouse,1,2,355,203908,2026
2260,Business Bay,Townhouse,1,2,4962,7192529,2024
2261,Business Bay,Villa,1,2,460,825966,2023
2262,Dubai Marina,Apartment,2,1,4997,11566013,2025
2263,Palm Jumeirah,Villa,2,1,497,1758978,2024
2264,Al Barsha,Apartment,4,3,2751,3267421,2024
2265,Al Barsha,Townhouse,2,2,842,953054,2024
2266,JVC,Villa,4,3,792,892243,2025
2267,Deira,Penthouse,2,1,3527,2883007,2023
2268,Downtown Dubai,Penthouse,2,3,3734,7633041,2024
2269,Deira,Villa,2,2,899,660602,2026
2270,Business Bay,Townhouse,2,3,4891,8332755,2024
2271,Dubai Silicon Oasis,Townhouse,5,4,1840,1299327,2024
2272,Deira,Villa,2,3,1830,1167232,2025
2273,Dubai Marina,Townhouse,2,3,1730,2935189,2023
2274,Al Barsha,Apartment,5,6,2494,2211733,2026
2275,Deira,Penthouse,4,4,1176,748004,2024
2276,Downtown Dubai,Penthouse,1,2,2325,6435676,2023
2277,JVC,Penthouse,5,5,1326,1159530,2026
2278,Downtown Dubai,Apartment,1,1,589,1572788,2026
2279,JVC,Penthouse,1,1,2064,1545885,2025
2280,Dubai Silicon Oasis,Townhouse,3,2,3476,3589747,2024
2281,Dubai Silicon Oasis,Penthouse,4,5,3898,3687183,2025
2282,Palm Jumeirah,Apartment,1,1,1993,7493827,2026
2283,JVC,Villa,4,3,1855,1774604,2025
2284,JVC,Apartment,1,1,4011,4033229,2026
2285,Dubai Silicon Oasis,Penthouse,4,4,3517,2758480,2025
2286,Downtown Dubai,Apartment,1,2,4219,9430453,2026
2287,Al Barsha,Apartment,3,2,4563,5363219,2024
2288,Dubai Silicon Oasis,Apartment,4,3,4168,2750827,2026
2289,Al Barsha,Penthouse,2,3,4704,3849168,2026
2290,Deira,Townhouse,4,3,2287,1981050,2026
2291,Dubai Silicon Oasis,Apartment,4,4,2185,1494546,2026
2292,Downtown Dubai,Villa,4,5,1845,4710530,2026
2293,Dubai Silicon Oasis,Villa,2,2,1443,1038696,2025
2294,Dubai Marina,Penthouse,4,3,3832,6781061,2025
2295,Dubai Marina,Apartment,4,5,3672,6257803,2026
2296,Downtown Dubai,Apartment,2,1,4076,9372228,2025
2297,Palm Jumeirah,Townhouse,4,3,1128,4105911,2025
2298,Downtown Dubai,Villa,5,4,2634,7172612,2025
2299,Deira,Apartment,5,5,1382,881322,2026
2300,Dubai Marina,Villa,4,5,4502,7850964,2023
2301,Deira,Villa,4,4,1593,1358702,2025
2302,Downtown Dubai,Apartment,5,4,1019,1893911,2025
2303,Palm Jumeirah,Apartment,2,2,2999,7723460,2026
2304,Dubai Marina,Apartment,4,3,4437,8304392,2024
2305,Dubai Silicon Oasis,Penthouse,1,1,4608,4405514,2025
2306,Business Bay,Apartment,2,1,796,1309881,2023
2307,Palm Jumeirah,Townhouse,5,6,1865,4670235,2025
2308,Business Bay,Apartment,2,3,1063,2320196,2026
2309,Palm Jumeirah,Penthouse,5,6,1781,6782701,2025
2310,Business Bay,Villa,3,2,2832,5420777,2025
2311,Dubai Marina,Penthouse,2,1,1654,3396801,2024
2312,Al Barsha,Apartment,1,1,663,839920,2025
2313,Deira,Villa,3,4,2721,2136943,2026
2314,JVC,Villa,3,4,595,639497,2025
2315,Dubai Marina,Apartment,3,2,1404,2607458,2023
2316,Dubai Silicon Oasis,Villa,1,2,352,257382,2025
2317,JVC,Villa,2,2,753,824263,2025
2318,Dubai Silicon Oasis,Villa,1,1,2378,2172904,2025
2319,Al Barsha,Townhouse,2,1,4305,4067282,2025
2320,Dubai Silicon Oasis,Apartment,5,4,3952,3514553,2026
2321,Deira,Apartment,1,2,809,684227,2026
2322,Downtown Dubai,Villa,4,3,511,1051321,2023
2323,Dubai Marina,Townhouse,1,1,1922,4096429,2025
2324,Downtown Dubai,Villa,3,4,3382,6221451,2025
2325,Business Bay,Villa,5,4,3822,7228191,2026
2326,Palm Jumeirah,Penthouse,2,1,4177,16283618,2024
2327,Dubai Silicon Oasis,Townhouse,1,2,1941,1914893,2023
2328,Downtown Dubai,Apartment,3,4,1131,3079966,2025
2329,Deira,Villa,2,2,472,376715,2025
2330,Dubai Marina,Apartment,5,6,1032,1914430,2024
2331,Business Bay,Penthouse,5,6,653,1263968,2026
2332,Dubai Marina,Penthouse,4,4,4352,7524926,2024
2333,JVC,Villa,4,5,1598,1548055,2023
2334,Palm Jumeirah,Villa,4,3,4177,13406164,2023
2335,Deira,Townhouse,4,3,2922,2192393,2024
2336,Al Barsha,Apartment,3,4,2856,2873118,2023
2337,Palm Jumeirah,Penthouse,5,4,2464,7217555,2024
2338,JVC,Penthouse,2,3,4159,3612754,2023
2339,Dubai Silicon Oasis,Apartment,1,1,552,402900,2025
2340,Dubai Silicon Oasis,Townhouse,4,5,781,636842,2025
2341,Dubai Silicon Oasis,Apartment,4,4,2318,1592693,2025
2342,Al Barsha,Townhouse,5,4,2184,2731718,2026
2343,Al Barsha,Townhouse,2,2,2887,2410188,2026
2344,Dubai Marina,Apartment,3,4,3780,8292098,2025
2345,Palm Jumeirah,Penthouse,3,4,3082,8512091,2024
2346,Business Bay,Villa,2,3,1547,3225860,2025
2347,JVC,Villa,4,5,1871,1953548,2024
2348,Dubai Marina,Villa,3,4,3848,8730641,2026
2349,Downtown Dubai,Penthouse,4,5,1286,3494391,2025
2350,Dubai Silicon Oasis,Penthouse,3,3,2694,2479651,2024
2351,Dubai Silicon Oasis,Penthouse,2,2,2855,2000417,2025
2352,Deira,Villa,5,5,3838,2886812,2026
2353,Dubai Marina,Townhouse,3,4,3671,6408997,2025
2354,Deira,Townhouse,4,4,2510,2183753,2025
2355,Downtown Dubai,Apartment,3,4,1787,4859659,2025
2356,Deira,Penthouse,2,3,2060,1380021,2025
2357,Dubai Marina,Penthouse,5,4,2263,4626770,2024
2358,JVC,Penthouse,2,3,1369,1194080,2025
2359,Dubai Marina,Villa,5,6,3258,6680110,2023
2360,Dubai Silicon Oasis,Apartment,3,3,1318,1167152,2025
2361,Palm Jumeirah,Apartment,1,1,3366,10658176,2023
2362,Dubai Silicon Oasis,Townhouse,1,1,3844,3810797,2026
2363,Dubai Marina,Penthouse,5,6,4822,8011488,2025
2364,Deira,Townhouse,3,2,902,756880,2024
2365,Business Bay,Townhouse,2,2,3882,7554688,2026
2366,Business Bay,Penthouse,5,5,749,1197709,2025
2367,Al Barsha,Penthouse,4,3,1918,1938796,2025
2368,Dubai Marina,Penthouse,4,5,1169,1755969,2024
2369,Dubai Silicon Oasis,Villa,4,4,1104,970449,2025
2370,Dubai Marina,Townhouse,1,1,1165,2608553,2025
2371,JVC,Villa,1,1,554,428252,2024
2372,Downtown Dubai,Townhouse,4,4,4177,7958013,2025
2373,Palm Jumeirah,Apartment,1,1,634,1972913,2024
2374,Palm Jumeirah,Apartment,4,5,2203,6216524,2026
2375,Deira,Apartment,1,1,3601,2365587,2026
2376,Al Barsha,Townhouse,2,2,4955,5546305,2024
2377,Al Barsha,Penthouse,4,4,4319,4341148,2024
2378,Dubai Silicon Oasis,Townhouse,4,3,988,966124,2024
2379,Business Bay,Townhouse,4,4,4942,8522825,2026
2380,Downtown Dubai,Townhouse,4,4,3388,8255888,2024
2381,Downtown Dubai,Penthouse,1,1,1184,2602053,2026
2382,JVC,Townhouse,5,5,2436,2034572,2026
2383,Palm Jumeirah,Townhouse,2,2,4618,14348117,2024
2384,Dubai Marina,Villa,1,1,2177,4546517,2026
2385,Dubai Silicon Oasis,Penthouse,5,6,1203,1228411,2025
2386,Dubai Silicon Oasis,Villa,1,1,4419,2902694,2024
2387,Downtown Dubai,Penthouse,3,2,4781,11211491,2026
2388,Al Barsha,Penthouse,3,3,4886,5462464,2025
2389,Palm Jumeirah,Penthouse,4,3,4794,12122016,2023
2390,Business Bay,Villa,1,1,4408,9101617,2025
2391,Deira,Villa,1,1,2463,1617164,2025
2392,Palm Jumeirah,Penthouse,3,3,1244,4618185,2025
2393,JVC,Penthouse,3,2,3219,3118158,2024
2394,Palm Jumeirah,Townhouse,4,3,1376,3616290,2025
2395,Downtown Dubai,Penthouse,4,3,2550,6561514,2024
2396,JVC,Villa,1,1,3400,2688559,2025
2397,Dubai Silicon Oasis,Penthouse,5,5,4751,4409647,2024
2398,Downtown Dubai,Villa,3,2,1694,4487436,2025
2399,Palm Jumeirah,Townhouse,5,4,1521,4963469,2026
2400,JVC,Townhouse,5,4,3766,3170940,2023
2401,Business Bay,Penthouse,1,2,380,658060,2023
2402,Downtown Dubai,Penthouse,3,4,2983,6982673,2026
2403,Palm Jumeirah,Penthouse,3,2,3818,12976128,2024
2404,Palm Jumeirah,Apartment,3,2,2911,9754435,2024
2405,Palm Jumeirah,Apartment,2,3,2135,6406358,2025
2406,JVC,Penthouse,3,4,4202,4459056,2025
2407,Palm Jumeirah,Apartment,3,4,2075,7381033,2023
2408,Deira,Penthouse,1,1,3653,2935974,2026
2409,Deira,Townhouse,2,2,2508,1643377,2024
2410,Palm Jumeirah,Villa,1,1,473,1468236,2026
2411,JVC,Apartment,5,5,2816,2575909,2026
2412,Palm Jumeirah,Apartment,4,3,579,2098984,2024
2413,Palm Jumeirah,Penthouse,2,1,4678,16898198,2026
2414,Dubai Silicon Oasis,Apartment,2,2,3147,3104302,2025
2415,Business Bay,Townhouse,1,2,2079,3235962,2026
2416,JVC,Apartment,2,2,2610,2758259,2025
2417,Deira,Villa,5,6,3229,2791921,2024
2418,Deira,Apartment,1,2,1559,963885,2025
2419,Business Bay,Townhouse,1,2,1691,2357163,2025
2420,Dubai Marina,Apartment,5,4,2296,3524262,2025
2421,Deira,Townhouse,3,2,1552,1198409,2025
2422,Deira,Penthouse,1,1,3874,2741152,2026
2423,Dubai Silicon Oasis,Townhouse,3,4,832,597393,2024
2424,Palm Jumeirah,Townhouse,4,5,4193,13385965,2026
2425,Palm Jumeirah,Penthouse,2,3,1970,7049219,2024
2426,Downtown Dubai,Penthouse,2,1,2959,7993440,2023
2427,Business Bay,Townhouse,4,4,1083,2164876,2024
2428,Dubai Marina,Townhouse,3,2,2141,4789331,2026
2429,Palm Jumeirah,Villa,5,4,3858,12755620,2026
2430,Deira,Townhouse,2,1,1608,1371585,2025
2431,Al Barsha,Apartment,2,3,965,973292,2026
2432,Deira,Penthouse,1,1,2776,2382828,2024
2433,Al Barsha,Penthouse,4,4,1105,1378936,2024
2434,Deira,Villa,3,4,1813,1450840,2023
2435,Al Barsha,Penthouse,2,3,2444,2481938,2025
2436,Business Bay,Townhouse,4,4,2973,4755084,2025
2437,Palm Jumeirah,Penthouse,2,2,3323,9596057,2023
2438,Deira,Penthouse,1,1,3496,2119709,2023
2439,Palm Jumeirah,Townhouse,3,4,4275,10562425,2024
2440,Palm Jumeirah,Penthouse,3,4,657,1985208,2024
2441,Al Barsha,Villa,3,3,2034,1670594,2025
2442,Downtown Dubai,Villa,3,3,354,965940,2025
2443,JVC,Apartment,5,5,393,397905,2024
2444,Palm Jumeirah,Penthouse,2,2,1337,4900774,2023
2445,Deira,Villa,2,3,3131,2240373,2025
2446,Palm Jumeirah,Townhouse,3,2,4509,12336305,2026
2447,Downtown Dubai,Apartment,1,2,3946,8204944,2025
2448,Al Barsha,Villa,1,1,3355,4117814,2025
2449,Palm Jumeirah,Townhouse,3,2,3968,10248708,2026
2450,Business Bay,Villa,3,2,1149,2244601,2026
2451,Dubai Silicon Oasis,Townhouse,4,4,4255,3107324,2024
2452,Business Bay,Villa,1,1,4489,7452612,2026
2453,Downtown Dubai,Townhouse,5,4,792,1396574,2025
2454,Dubai Silicon Oasis,Villa,3,2,2535,2108196,2025
2455,Business Bay,Villa,1,2,4209,6183441,2025
2456,Dubai Silicon Oasis,Apartment,2,3,2563,2521630,2025
2457,Palm Jumeirah,Townhouse,2,1,4258,10843388,2026
2458,Downtown Dubai,Apartment,3,4,4700,9566405,2024
2459,Business Bay,Townhouse,3,3,2557,3509683,2025
2460,Dubai Silicon Oasis,Penthouse,3,4,626,649256,2023
2461,Dubai Silicon Oasis,Villa,3,2,1931,1731286,2025
2462,Downtown Dubai,Penthouse,5,4,1350,3331711,2024
2463,Dubai Silicon Oasis,Villa,5,4,2554,2164628,2025
2464,Al Barsha,Penthouse,3,4,3073,3792167,2026
2465,Deira,Townhouse,5,5,2507,1530437,2024
2466,Downtown Dubai,Townhouse,5,4,1259,3313860,2023
2467,Palm Jumeirah,Villa,5,6,1750,6318699,2025
2468,Business Bay,Penthouse,2,3,3509,4879998,2025
2469,Dubai Marina,Townhouse,3,3,475,740719,2023
2470,Dubai Silicon Oasis,Villa,2,3,1345,1155166,2024
2471,Palm Jumeirah,Penthouse,1,1,4499,11406257,2024
2472,Dubai Marina,Villa,1,1,811,1373939,2024
2473,JVC,Penthouse,4,5,2278,2053965,2026
2474,Al Barsha,Villa,3,3,1312,1152734,2024
2475,Business Bay,Penthouse,5,4,836,1637326,2025
2476,Business Bay,Villa,4,5,2315,4122556,2024
2477,Downtown Dubai,Townhouse,1,2,2774,6834575,2026
2478,Dubai Marina,Townhouse,5,6,1169,2182370,2026
2479,Dubai Silicon Oasis,Townhouse,3,3,711,572350,2025
2480,Dubai Silicon Oasis,Villa,3,2,976,816868,2025
2481,Dubai Marina,Apartment,5,4,3379,7601274,2024
2482,Palm Jumeirah,Penthouse,4,5,4350,13024153,2023
2483,Deira,Apartment,1,2,1188,932332,2025
2484,Dubai Silicon Oasis,Apartment,1,1,1839,1790422,2025
2485,Palm Jumeirah,Penthouse,3,3,1948,6490018,2024
2486,Al Barsha,Apartment,1,1,2027,1850716,2025
2487,Dubai Marina,Penthouse,1,1,1485,2301399,2025
2488,Dubai Marina,Villa,4,4,607,1196876,2026
2489,Business Bay,Townhouse,1,2,2791,5521396,2026
2490,JVC,Apartment,1,2,2011,2143588,2025
2491,Al Barsha,Townhouse,3,2,1941,2226135,2025
2492,JVC,Penthouse,1,1,1581,1140777,2025
2493,Business Bay,Townhouse,2,3,4671,9424976,2024
2494,Palm Jumeirah,Townhouse,5,4,3188,10542505,2025
2495,Dubai Silicon Oasis,Townhouse,4,5,2296,2376985,2023
2496,Dubai Marina,Villa,5,5,1305,2777207,2026
2497,Palm Jumeirah,Townhouse,2,2,4075,12409641,2024
2498,Business Bay,Townhouse,4,3,4480,8667579,2024
2499,Dubai Marina,Apartment,2,3,500,997171,2024
2500,Al Barsha,Villa,2,2,4672,4525751,2026
2501,Dubai Silicon Oasis,Townhouse,1,1,3602,3073988,2024
2502,Downtown Dubai,Apartment,5,5,814,1615642,2025
2503,Al Barsha,Villa,1,1,3852,3250760,2024
2504,Deira,Villa,2,3,849,693258,2025
2505,Deira,Townhouse,3,2,586,406944,2025
2506,Business Bay,Villa,3,2,886,1774087,2026
2507,JVC,Penthouse,2,3,2488,2338102,2024
2508,Dubai Marina,Townhouse,2,1,3230,7005257,2024
2509,Dubai Marina,Townhouse,2,3,2244,4725073,2024
2510,Downtown Dubai,Penthouse,5,5,917,2384698,2025
2511,Palm Jumeirah,Apartment,3,4,1276,3884140,2026
2512,Downtown Dubai,Villa,5,4,4313,12151002,2024
2513,Deira,Apartment,5,6,4826,3387075,2026
2514,Palm Jumeirah,Townhouse,4,3,3857,13845533,2023
2515,JVC,Villa,5,6,830,780461,2026
2516,Dubai Marina,Townhouse,1,1,4162,6873863,2025
2517,Palm Jumeirah,Penthouse,5,4,3567,11925804,2026
2518,Al Barsha,Villa,3,3,2796,2892614,2025
2519,Business Bay,Villa,4,3,1016,1609810,2025
2520,Al Barsha,Villa,2,1,4984,4940468,2023
2521,JVC,Villa,1,2,2408,1907068,2024
2522,Dubai Marina,Villa,5,5,555,1292229,2026
2523,Deira,Villa,3,4,1326,1041061,2023
2524,Dubai Silicon Oasis,Villa,1,2,2215,1571360,2026
2525,Dubai Silicon Oasis,Villa,4,4,639,604388,2024
2526,Dubai Silicon Oasis,Villa,1,1,1856,1634674,2024
2527,Dubai Marina,Villa,3,2,2528,5284268,2025
2528,Dubai Marina,Villa,4,3,4761,9360305,2023
2529,Palm Jumeirah,Townhouse,4,5,751,1870516,2025
2530,Dubai Silicon Oasis,Villa,3,2,3032,2186969,2026
2531,Dubai Silicon Oasis,Apartment,2,2,4608,4366069,2023
2532,JVC,Penthouse,5,4,4098,4341657,2024
2533,Business Bay,Penthouse,1,2,4650,9303692,2023
2534,Deira,Villa,1,1,1142,645601,2025
2535,Dubai Silicon Oasis,Townhouse,1,1,4076,3921357,2025
2536,Downtown Dubai,Penthouse,5,6,4900,10990900,2026
2537,Dubai Silicon Oasis,Villa,3,2,1866,1711988,2024
2538,Al Barsha,Apartment,1,1,2668,2497354,2023
2539,Dubai Marina,Villa,1,1,2818,6009598,2023
2540,Al Barsha,Villa,1,1,2645,3415067,2024
2541,Deira,Villa,5,4,1697,1100909,2025
2542,Dubai Silicon Oasis,Townhouse,3,2,4864,4638694,2026
2543,Downtown Dubai,Villa,1,2,4797,11634862,2024
2544,Dubai Silicon Oasis,Townhouse,2,1,2120,1588385,2026
2545,Dubai Marina,Apartment,4,3,4094,6979947,2025
2546,Dubai Marina,Penthouse,3,4,2198,4612445,2026
2547,Business Bay,Villa,5,4,4045,6478852,2026
2548,Deira,Villa,1,1,3069,1769977,2026
2549,Downtown Dubai,Apartment,1,1,2536,6901359,2025
2550,JVC,Villa,1,1,945,930850,2024
2551,Business Bay,Penthouse,2,3,3393,6801955,2024
2552,Downtown Dubai,Townhouse,4,4,1843,4466595,2024
2553,Downtown Dubai,Townhouse,4,5,1358,3161564,2025
2554,Downtown Dubai,Townhouse,2,1,1248,3253511,2026
2555,Dubai Silicon Oasis,Villa,4,4,4915,3208819,2025
2556,Dubai Silicon Oasis,Penthouse,4,3,830,634746,2025
2557,Deira,Villa,1,1,4063,3167571,2024
2558,Deira,Penthouse,4,4,4377,3897242,2025
2559,Downtown Dubai,Penthouse,3,4,494,1083349,2024
2560,Dubai Marina,Apartment,1,1,3090,7161884,2023
2561,Business Bay,Apartment,2,3,3034,6074036,2023
2562,Dubai Silicon Oasis,Penthouse,4,3,2017,1682094,2026
2563,Business Bay,Apartment,4,3,3450,5950507,2024
2564,Al Barsha,Townhouse,2,2,2250,1945622,2026
2565,JVC,Apartment,4,4,2394,2386428,2025
2566,JVC,Townhouse,2,2,2356,1751825,2025
2567,Al Barsha,Townhouse,3,4,4073,4132209,2026
2568,Business Bay,Villa,1,1,3294,5145400,2026
2569,Deira,Penthouse,5,6,2112,1889606,2024
2570,Deira,Penthouse,5,6,4659,3201396,2024
2571,Deira,Apartment,1,2,4079,2982723,2024
2572,Deira,Townhouse,3,2,4687,3240697,2025
2573,Al Barsha,Townhouse,4,4,3746,3253793,2024
2574,Business Bay,Villa,3,4,2170,3601537,2025
2575,JVC,Penthouse,2,3,3944,4222247,2024
2576,Palm Jumeirah,Villa,5,6,1881,6267103,2026
2577,JVC,Villa,2,3,1609,1475190,2026
2578,Dubai Marina,Townhouse,2,2,2447,5330822,2025
2579,JVC,Apartment,2,1,4857,3506107,2025
2580,Palm Jumeirah,Penthouse,5,4,2990,10883304,2023
2581,Palm Jumeirah,Villa,3,2,2134,5312173,2023
2582,JVC,Villa,4,5,2497,2775721,2025
2583,Deira,Townhouse,5,4,1704,1519371,2026
2584,JVC,Penthouse,5,5,3413,3715481,2023
2585,Deira,Penthouse,5,6,1979,1121811,2025
2586,JVC,Villa,5,4,2927,2800534,2026
2587,Dubai Silicon Oasis,Townhouse,5,5,2069,2010071,2024
2588,Deira,Villa,5,5,1841,1382141,2026
2589,Palm Jumeirah,Townhouse,4,5,4861,14290878,2026
2590,Business Bay,Townhouse,1,1,1957,3444498,2023
2591,Al Barsha,Townhouse,1,1,677,568914,2025
2592,Business Bay,Apartment,4,5,2110,3759738,2023
2593,Al Barsha,Apartment,2,3,2824,2298519,2025
2594,Downtown Dubai,Apartment,5,6,790,1950136,2026
2595,Al Barsha,Apartment,5,6,1771,1762545,2023
2596,Dubai Silicon Oasis,Townhouse,4,5,1122,803954,2026
2597,Downtown Dubai,Apartment,4,5,2678,4764486,2026
2598,Downtown Dubai,Apartment,2,3,3712,10298316,2025
2599,Dubai Silicon Oasis,Villa,3,2,4853,4185846,2024
2600,Business Bay,Apartment,5,5,2159,4123496,2024
2601,Deira,Penthouse,5,4,4364,3634230,2025
2602,Downtown Dubai,Apartment,2,2,1347,3299139,2024
2603,Business Bay,Apartment,5,5,3979,6808619,2023
2604,Deira,Apartment,3,4,2966,2312459,2023
2605,Dubai Silicon Oasis,Apartment,5,5,3875,2871400,2025
2606,Business Bay,Villa,3,4,3863,7096906,2023
2607,Dubai Marina,Apartment,4,5,2825,4590705,2024
2608,Business Bay,Villa,1,2,1547,3310285,2025
2609,Deira,Apartment,2,1,2796,2064422,2024
2610,Dubai Silicon Oasis,Penthouse,4,5,4194,3076450,2024
2611,Al Barsha,Penthouse,5,4,4863,5445666,2023
2612,Al Barsha,Townhouse,1,1,4662,3940134,2023
2613,Downtown Dubai,Townhouse,1,1,1193,2669243,2024
2614,Palm Jumeirah,Townhouse,4,3,3127,11566607,2023
2615,Palm Jumeirah,Penthouse,3,4,836,2969294,2025
2616,Business Bay,Apartment,5,6,3460,6774415,2023
2617,Dubai Silicon Oasis,Townhouse,1,1,4964,4111389,2024
2618,Dubai Silicon Oasis,Apartment,2,1,594,486338,2025
2619,Downtown Dubai,Villa,1,1,3403,6031615,2025
2620,Dubai Silicon Oasis,Penthouse,4,3,4746,4176552,2024
2621,Al Barsha,Townhouse,5,6,4289,4668594,2026
2622,Deira,Townhouse,1,1,2175,1222018,2026
2623,Business Bay,Apartment,2,1,833,1229913,2025
2624,Al Barsha,Penthouse,5,5,4646,3745689,2025
2625,Palm Jumeirah,Townhouse,1,2,4634,12881446,2023
2626,Dubai Silicon Oasis,Villa,5,5,3042,1951568,2025
2627,Deira,Villa,5,5,4901,3460494,2025
2628,Dubai Silicon Oasis,Townhouse,1,1,371,308136,2026
2629,Business Bay,Penthouse,1,2,3217,5570297,2026
2630,Dubai Marina,Townhouse,4,3,529,856689,2023
2631,Business Bay,Penthouse,1,2,4700,8483619,2026
2632,Dubai Silicon Oasis,Apartment,3,2,3513,3392285,2026
2633,Deira,Townhouse,1,1,4597,3042870,2025
2634,Deira,Penthouse,3,3,2966,1985444,2026
2635,Deira,Townhouse,2,1,737,552741,2024
2636,Palm Jumeirah,Villa,4,3,473,1301048,2024
2637,Dubai Marina,Villa,5,4,1910,3331054,2026
2638,Business Bay,Villa,3,4,3807,6641584,2023
2639,Dubai Marina,Villa,4,5,1052,1880631,2025
2640,JVC,Apartment,4,3,4312,4692337,2026
2641,Deira,Apartment,5,5,1463,1254007,2026
2642,Al Barsha,Townhouse,2,2,2658,2661825,2024
2643,Downtown Dubai,Apartment,2,2,1294,2914819,2025
2644,Deira,Penthouse,2,2,2515,2250706,2023
2645,Downtown Dubai,Penthouse,4,5,2452,5672447,2026
2646,Downtown Dubai,Villa,5,5,375,1069625,2025
2647,Dubai Silicon Oasis,Villa,2,2,2990,2825912,2025
2648,Palm Jumeirah,Penthouse,1,2,4007,11204967,2026
2649,Downtown Dubai,Apartment,4,4,4703,9462445,2025
2650,Downtown Dubai,Villa,3,2,1887,3651290,2025
2651,Dubai Marina,Townhouse,2,1,4444,9623620,2025
2652,Business Bay,Penthouse,1,1,4436,7190014,2025
2653,Dubai Marina,Villa,5,4,4945,10128414,2025
2654,Palm Jumeirah,Townhouse,5,6,2084,6690065,2026
2655,Business Bay,Apartment,4,4,4306,8879392,2023
2656,Deira,Penthouse,3,2,2977,2449434,2024
2657,Downtown Dubai,Townhouse,2,2,620,1134676,2025
2658,Downtown Dubai,Townhouse,3,4,1607,3426558,2023
2659,Dubai Marina,Apartment,1,2,3475,6630608,2026
2660,Dubai Marina,Villa,2,3,1096,2370949,2025
2661,Dubai Marina,Townhouse,3,4,2371,4937903,2023
2662,JVC,Villa,3,3,3953,3823467,2025
2663,Al Barsha,Penthouse,1,2,1046,1259580,2024
2664,Palm Jumeirah,Penthouse,5,6,2659,8116312,2025
2665,JVC,Apartment,2,2,1349,1005068,2024
2666,Dubai Silicon Oasis,Penthouse,3,3,2844,2810481,2023
2667,Al Barsha,Villa,3,4,1469,1561982,2023
2668,Al Barsha,Townhouse,3,3,4839,5827131,2025
2669,Dubai Silicon Oasis,Villa,5,4,706,562563,2025
2670,Deira,Townhouse,4,3,4830,3699747,2025
2671,Dubai Silicon Oasis,Villa,5,5,4032,3114466,2023
2672,JVC,Villa,2,1,4328,3913848,2025
2673,Al Barsha,Townhouse,2,1,4309,3764769,2025
2674,Dubai Marina,Apartment,3,2,1222,2575295,2026
2675,JVC,Villa,3,3,4679,3959032,2024
2676,Dubai Silicon Oasis,Apartment,2,2,3113,2368035,2025
2677,Downtown Dubai,Apartment,3,3,4824,10369708,2025
2678,Palm Jumeirah,Townhouse,1,1,4433,13512622,2025
2679,JVC,Villa,3,4,3045,2981888,2025
2680,Dubai Marina,Townhouse,4,3,2091,4296013,2023
2681,Downtown Dubai,Penthouse,3,3,895,2240416,2024
2682,Palm Jumeirah,Townhouse,5,5,820,2489127,2026
2683,Deira,Villa,5,4,2162,1575366,2025
2684,Deira,Townhouse,5,4,4120,2509542,2025
2685,Downtown Dubai,Penthouse,1,1,2699,6298539,2025
2686,JVC,Villa,5,4,2590,2887009,2023
2687,Dubai Marina,Villa,2,1,1486,2755645,2024
2688,Dubai Marina,Apartment,3,2,2974,6793247,2025
2689,Business Bay,Apartment,3,2,3317,4950343,2023
2690,Palm Jumeirah,Apartment,2,3,4916,17232370,2026
2691,JVC,Apartment,5,6,3741,3885383,2023
2692,Dubai Marina,Apartment,4,4,3173,6515362,2025
2693,Downtown Dubai,Penthouse,5,4,4581,11402763,2024
2694,Business Bay,Townhouse,5,6,2326,3207465,2026
2695,JVC,Apartment,3,2,4697,4950426,2026
2696,Al Barsha,Penthouse,4,3,2070,2173173,2024
2697,Palm Jumeirah,Penthouse,3,3,944,3007847,2025
2698,Dubai Silicon Oasis,Penthouse,3,3,2291,1512859,2026
2699,Downtown Dubai,Penthouse,4,3,948,1864923,2025
2700,JVC,Apartment,4,5,900,1016957,2023
2701,Dubai Marina,Townhouse,5,4,4447,7666519,2026
2702,Dubai Marina,Penthouse,4,3,4045,7258720,2024
2703,Dubai Silicon Oasis,Apartment,4,4,1378,986208,2024
2704,Business Bay,Townhouse,5,5,4245,8054302,2026
2705,Deira,Apartment,1,2,670,548894,2026
2706,JVC,Villa,4,3,1672,1896997,2023
2707,Dubai Marina,Penthouse,2,2,3633,7069299,2024
2708,Dubai Silicon Oasis,Townhouse,3,2,1762,1321944,2024
2709,Deira,Villa,4,3,3746,2190800,2026
2710,Deira,Penthouse,2,2,4415,2883605,2026
2711,Palm Jumeirah,Apartment,5,6,657,2186198,2026
2712,Business Bay,Villa,3,2,461,1008662,2023
2713,Business Bay,Villa,2,3,4721,6738368,2023
2714,Al Barsha,Townhouse,2,2,2770,2753887,2025
2715,Downtown Dubai,Villa,3,3,2705,6746159,2024
2716,JVC,Villa,5,6,2506,2452263,2023
2717,JVC,Townhouse,1,1,2366,2397377,2024
2718,Palm Jumeirah,Apartment,3,2,3559,11014438,2025
2719,Dubai Silicon Oasis,Apartment,5,6,3045,2274050,2025
2720,Dubai Silicon Oasis,Apartment,3,2,1109,923908,2026
2721,Palm Jumeirah,Villa,3,4,3263,9698628,2023
2722,Downtown Dubai,Apartment,2,3,3457,8781565,2026
2723,Dubai Silicon Oasis,Apartment,1,2,878,622194,2025
2724,JVC,Townhouse,4,4,2101,1981803,2024
2725,JVC,Townhouse,5,5,4025,4635102,2025
2726,Dubai Silicon Oasis,Apartment,3,4,3227,2751719,2026
2727,JVC,Villa,3,2,984,813516,2023
2728,Business Bay,Townhouse,1,1,536,1155333,2026
2729,Dubai Silicon Oasis,Penthouse,5,5,3052,2251347,2025
2730,JVC,Penthouse,5,5,2497,2641903,2025
2731,Palm Jumeirah,Apartment,5,6,4818,12354782,2026
2732,Dubai Marina,Penthouse,2,3,2778,6130714,2025
2733,Dubai Silicon Oasis,Villa,4,4,4681,3333947,2025
2734,Business Bay,Villa,3,2,1346,2281540,2024
2735,Deira,Townhouse,2,1,2430,2182060,2025
2736,Palm Jumeirah,Apartment,2,3,999,3265822,2026
2737,Business Bay,Villa,2,2,3020,4784877,2026
2738,Business Bay,Villa,3,3,1226,1668013,2026
2739,Dubai Marina,Townhouse,1,1,2639,3816285,2026
2740,JVC,Apartment,4,5,1950,1644950,2025
2741,Business Bay,Apartment,3,2,1213,2192893,2026
2742,JVC,Villa,5,4,800,750560,2024
2743,JVC,Penthouse,2,3,2731,3099266,2025
2744,Deira,Townhouse,1,1,4755,3934443,2025
2745,Al Barsha,Townhouse,2,3,1274,1608256,2025
2746,Dubai Silicon Oasis,Townhouse,5,4,2233,1886240,2025
2747,Dubai Silicon Oasis,Townhouse,2,1,1394,1141221,2026
2748,Deira,Apartment,4,5,4111,3116676,2026
2749,Business Bay,Penthouse,5,6,2279,3820342,2026
2750,Deira,Apartment,2,1,4881,3093499,2026
2751,Downtown Dubai,Townhouse,4,5,1490,3993686,2026
2752,Al Barsha,Penthouse,2,1,725,826692,2025
2753,Palm Jumeirah,Townhouse,2,1,3058,8832993,2024
2754,Downtown Dubai,Penthouse,2,3,3380,7608073,2026
2755,Business Bay,Apartment,4,3,4956,7689881,2024
2756,JVC,Townhouse,5,4,4402,4284367,2025
2757,JVC,Apartment,2,1,4461,3931306,2023
2758,Dubai Marina,Townhouse,2,2,3299,7350230,2025
2759,Dubai Marina,Apartment,5,4,2023,3875110,2024
2760,JVC,Townhouse,3,2,2344,2121973,2025
2761,JVC,Villa,3,2,971,1026666,2026
2762,Dubai Silicon Oasis,Apartment,4,4,2354,2358803,2023
2763,JVC,Penthouse,1,1,2044,2223542,2023
2764,JVC,Penthouse,5,4,516,486439,2026
2765,Dubai Silicon Oasis,Apartment,2,2,1300,1017350,2024
2766,Al Barsha,Apartment,4,4,2835,3206568,2025
2767,Dubai Marina,Apartment,3,3,2067,4496099,2026
2768,Dubai Marina,Townhouse,4,4,4969,11531934,2025
2769,Dubai Marina,Penthouse,4,3,2575,4767679,2023
2770,Business Bay,Apartment,1,1,4807,9267915,2025
2771,Palm Jumeirah,Villa,1,2,3422,9717298,2026
2772,JVC,Townhouse,5,4,537,407775,2024
2773,Dubai Marina,Villa,3,2,1296,2161406,2025
2774,Downtown Dubai,Penthouse,2,1,3631,6448435,2024
2775,Palm Jumeirah,Penthouse,1,2,2884,9125383,2026
2776,JVC,Townhouse,1,2,1753,1556524,2024
2777,Dubai Marina,Townhouse,5,6,2777,5694092,2024
2778,Deira,Villa,5,4,4548,3526336,2024
2779,Palm Jumeirah,Villa,2,2,2157,5719931,2026
2780,Business Bay,Townhouse,2,1,559,1080406,2025
2781,Dubai Silicon Oasis,Apartment,3,4,1795,1283353,2024
2782,Al Barsha,Townhouse,1,1,4701,3774792,2023
2783,Dubai Marina,Apartment,3,3,3892,9002870,2026
2784,Dubai Silicon Oasis,Townhouse,4,4,4244,2761969,2023
2785,Dubai Marina,Townhouse,5,6,4588,8017870,2025
2786,Business Bay,Villa,2,3,896,1704088,2025
2787,Dubai Silicon Oasis,Villa,1,2,1664,1311481,2026
2788,Dubai Silicon Oasis,Townhouse,1,1,628,497679,2025
2789,Dubai Marina,Townhouse,2,3,372,777649,2026
2790,Dubai Marina,Townhouse,4,5,4231,8385581,2023
2791,Downtown Dubai,Penthouse,1,1,4706,10965992,2025
2792,JVC,Apartment,4,5,1074,1201636,2023
2793,JVC,Apartment,3,4,3708,2850158,2025
2794,Business Bay,Townhouse,4,5,2837,4991140,2025
2795,JVC,Apartment,3,2,671,555306,2025
2796,Palm Jumeirah,Apartment,1,2,4608,11313615,2026
2797,Al Barsha,Villa,1,1,4401,5675163,2026
2798,Palm Jumeirah,Townhouse,3,2,2988,10461108,2024
2799,JVC,Apartment,3,3,3641,2975729,2025
2800,Palm Jumeirah,Villa,5,6,2197,6599022,2025
2801,Palm Jumeirah,Apartment,5,6,4036,11054750,2026
2802,Dubai Silicon Oasis,Penthouse,1,2,2419,2210825,2023
2803,Dubai Silicon Oasis,Penthouse,2,3,4949,3861105,2025
2804,JVC,Apartment,2,2,643,729122,2025
2805,Dubai Silicon Oasis,Villa,1,2,1150,831475,2024
2806,Al Barsha,Villa,1,1,4854,4732228,2025
2807,Downtown Dubai,Villa,1,1,1692,4712213,2024
2808,Palm Jumeirah,Apartment,3,2,1794,6686275,2023
2809,Downtown Dubai,Villa,1,2,4029,8390340,2026
2810,Business Bay,Penthouse,1,1,1230,2177848,2023
2811,Dubai Marina,Apartment,1,2,2737,6118110,2024
2812,JVC,Apartment,4,4,1680,1716599,2025
2813,Palm Jumeirah,Villa,4,4,1270,4262017,2025
2814,JVC,Villa,5,6,4834,4917393,2025
2815,Dubai Marina,Villa,1,1,1279,2901901,2026
2816,Business Bay,Apartment,2,2,788,1418083,2025
2817,Palm Jumeirah,Apartment,3,2,3483,9308908,2023
2818,Al Barsha,Penthouse,4,4,4382,4541337,2023
2819,Downtown Dubai,Apartment,1,1,942,2413194,2025
2820,Business Bay,Villa,2,1,3641,6474841,2024
2821,Downtown Dubai,Penthouse,3,2,2864,6027542,2026
2822,Downtown Dubai,Townhouse,1,1,4209,10492880,2025
2823,Dubai Marina,Apartment,2,1,940,1734494,2025
2824,Al Barsha,Apartment,4,3,4887,6262251,2026
2825,Dubai Silicon Oasis,Villa,3,2,3228,2520603,2026
2826,Deira,Villa,3,4,4266,3460239,2025
2827,Business Bay,Penthouse,3,2,2033,3724072,2025
2828,Dubai Silicon Oasis,Apartment,5,5,4736,3177978,2024
2829,Business Bay,Apartment,3,2,3262,5738817,2025
2830,Palm Jumeirah,Townhouse,3,4,940,2297120,2023
2831,Deira,Penthouse,5,4,4641,3881923,2025
2832,Deira,Apartment,1,2,4050,3309196,2026
2833,Business Bay,Penthouse,1,1,1745,2448121,2025
2834,Business Bay,Penthouse,3,4,2887,5152545,2023
2835,JVC,Villa,2,2,2154,2482900,2023
2836,Deira,Villa,2,2,2877,1897737,2026
2837,Deira,Penthouse,1,2,4838,4240536,2024
2838,Business Bay,Townhouse,5,6,4529,6741093,2025
2839,Deira,Townhouse,4,4,1352,760244,2026
2840,Downtown Dubai,Villa,4,5,4868,11408515,2024
2841,Business Bay,Penthouse,1,2,2386,3730169,2025
2842,Dubai Silicon Oasis,Villa,2,3,3627,3596858,2023
2843,Deira,Villa,4,5,3903,3106291,2025
2844,Deira,Penthouse,3,2,2595,2077068,2023
2845,Al Barsha,Townhouse,4,4,2473,2810911,2024
2846,Palm Jumeirah,Penthouse,4,4,2472,8450375,2024
2847,Deira,Penthouse,3,4,4360,3581697,2026
2848,Business Bay,Townhouse,4,3,2146,4140502,2025
2849,Al Barsha,Apartment,2,3,1651,2009494,2026
2850,Deira,Penthouse,1,1,2031,1534101,2025
2851,Palm Jumeirah,Townhouse,5,5,1256,3675096,2026
2852,Downtown Dubai,Apartment,1,2,2170,4933564,2025
2853,Al Barsha,Apartment,2,1,880,897703,2025
2854,JVC,Penthouse,1,2,767,667004,2025
2855,JVC,Apartment,2,3,3715,3369358,2024
2856,Dubai Marina,Villa,2,1,710,1268406,2026
2857,Downtown Dubai,Penthouse,1,1,2992,5631704,2026
2858,Downtown Dubai,Penthouse,3,2,3976,10630263,2023
2859,Dubai Marina,Penthouse,5,6,3718,7885205,2026
2860,Dubai Marina,Townhouse,1,2,2424,4226934,2024
2861,JVC,Villa,5,5,1250,1431636,2025
2862,Al Barsha,Villa,3,2,4677,5961684,2026
2863,Al Barsha,Penthouse,3,2,4233,5199647,2024
2864,Downtown Dubai,Townhouse,3,2,3196,5728223,2023
2865,Business Bay,Villa,2,2,753,1261678,2026
2866,Al Barsha,Penthouse,1,2,513,527706,2025
2867,Deira,Villa,3,2,1815,1472964,2025
2868,Dubai Silicon Oasis,Apartment,5,6,1082,967226,2026
2869,Business Bay,Townhouse,3,2,4350,8424304,2024
2870,Downtown Dubai,Villa,3,3,1307,3403342,2023
2871,Downtown Dubai,Townhouse,4,5,1664,4664656,2026
2872,Deira,Townhouse,2,2,4887,3680047,2025
2873,Dubai Marina,Townhouse,1,1,4154,9361613,2025
2874,Business Bay,Villa,3,3,1366,2803846,2024
2875,JVC,Villa,5,5,2133,1860116,2026
2876,Dubai Silicon Oasis,Villa,2,1,2748,2653106,2024
2877,Dubai Silicon Oasis,Penthouse,5,4,3438,2361693,2024
2878,Business Bay,Townhouse,5,6,4703,7030729,2024
2879,Palm Jumeirah,Villa,2,3,4400,17109698,2025
2880,Business Bay,Penthouse,3,4,4893,8437417,2024
2881,Al Barsha,Penthouse,4,3,539,555336,2024
2882,JVC,Townhouse,3,2,1449,1663399,2025
2883,Deira,Penthouse,4,3,2967,2037272,2025
2884,Dubai Silicon Oasis,Penthouse,5,4,578,424706,2023
2885,Downtown Dubai,Townhouse,4,4,2002,3694899,2025
2886,Downtown Dubai,Apartment,5,4,1064,2484314,2024
2887,Business Bay,Villa,5,6,4688,7171401,2024
2888,Al Barsha,Apartment,5,4,644,536067,2023
2889,Deira,Townhouse,5,5,1040,878357,2026
2890,Downtown Dubai,Apartment,2,1,1257,2666670,2025
2891,JVC,Villa,1,1,1040,1019954,2023
2892,Deira,Villa,1,1,2993,1785701,2024
2893,Dubai Silicon Oasis,Villa,2,2,2044,1721524,2023
2894,Business Bay,Townhouse,4,5,4592,8711318,2025
2895,Dubai Marina,Townhouse,3,4,1562,2881698,2025
2896,Dubai Marina,Apartment,3,2,2848,4966153,2023
2897,Dubai Marina,Penthouse,1,1,3419,5880199,2026
2898,Downtown Dubai,Villa,4,5,3260,6129850,2024
2899,Business Bay,Apartment,2,2,4053,5910642,2024
2900,JVC,Townhouse,4,4,1288,1214665,2023
2901,JVC,Villa,1,1,2709,2119719,2023
2902,Al Barsha,Townhouse,2,3,4072,3712545,2026
2903,Business Bay,Penthouse,1,1,4363,6544914,2025
2904,Deira,Townhouse,2,3,3222,2709281,2026
2905,Palm Jumeirah,Penthouse,5,6,3381,10395140,2024
2906,Downtown Dubai,Townhouse,3,3,4368,10342762,2024
2907,Dubai Silicon Oasis,Villa,3,2,3255,2842211,2025
2908,Business Bay,Penthouse,2,1,4762,8080767,2025
2909,Al Barsha,Townhouse,2,2,943,895110,2023
2910,Dubai Marina,Townhouse,4,5,1967,3509523,2023
2911,Al Barsha,Villa,5,5,871,929715,2026
2912,Deira,Penthouse,4,3,771,528522,2025
2913,Downtown Dubai,Penthouse,4,5,2544,4859746,2023
2914,Al Barsha,Penthouse,3,2,1400,1759580,2026
2915,Deira,Villa,1,1,2243,1831055,2024
2916,Dubai Silicon Oasis,Penthouse,4,3,2385,1589621,2026
2917,Downtown Dubai,Townhouse,5,4,3237,8922045,2026
2918,Dubai Silicon Oasis,Apartment,3,4,4747,3361759,2023
2919,Al Barsha,Penthouse,1,2,4299,3649271,2026
2920,JVC,Townhouse,4,3,2109,1682871,2024
2921,JVC,Townhouse,5,4,1863,2123568,2024
2922,JVC,Villa,2,2,3934,3224237,2025
2923,Business Bay,Penthouse,1,2,924,1874743,2025
2924,Dubai Silicon Oasis,Apartment,4,4,2863,2568727,2024
2925,Al Barsha,Villa,2,3,2317,2453961,2023
2926,Downtown Dubai,Townhouse,4,4,1200,2594583,2024
2927,Downtown Dubai,Apartment,4,4,3216,5988923,2024
2928,Dubai Marina,Apartment,2,1,1841,3828523,2024
2929,Palm Jumeirah,Townhouse,1,2,1213,3629504,2024
2930,JVC,Townhouse,3,4,3387,3254039,2026
2931,Al Barsha,Penthouse,3,2,1160,958021,2026
2932,Al Barsha,Penthouse,5,6,3478,4131755,2026
2933,Downtown Dubai,Apartment,2,3,1103,2781213,2023
2934,Deira,Villa,2,2,2371,1766999,2023
2935,Al Barsha,Penthouse,5,6,4107,4304767,2025
2936,Dubai Silicon Oasis,Penthouse,4,4,1413,1094809,2025
2937,Deira,Apartment,4,3,3919,2664298,2025
2938,JVC,Penthouse,5,6,3706,2782500,2023
2939,Dubai Silicon Oasis,Apartment,4,3,4547,4159074,2026
2940,JVC,Penthouse,5,6,1135,840169,2025
2941,Al Barsha,Villa,4,3,3675,2942607,2024
2942,Business Bay,Apartment,3,3,4705,6522701,2025
2943,Dubai Silicon Oasis,Apartment,1,2,3898,2811935,2023
2944,Al Barsha,Penthouse,4,4,1223,1327074,2024
2945,Palm Jumeirah,Penthouse,4,5,4173,14278916,2026
2946,Downtown Dubai,Apartment,5,4,849,1887167,2025
2947,Downtown Dubai,Penthouse,4,3,3088,6822943,2023
2948,Dubai Silicon Oasis,Penthouse,3,2,2664,2319583,2024
2949,Al Barsha,Townhouse,3,2,2819,3096428,2024
2950,Palm Jumeirah,Apartment,1,1,2765,10140627,2026
2951,Dubai Silicon Oasis,Villa,1,1,496,479947,2026
2952,Al Barsha,Apartment,1,1,2713,3287513,2025
2953,Business Bay,Villa,5,6,4705,9774858,2026
2954,Al Barsha,Villa,4,3,2380,2950998,2024
2955,Al Barsha,Townhouse,2,3,1637,1764126,2026
2956,Business Bay,Townhouse,3,4,4975,9282813,2025
2957,Dubai Marina,Apartment,3,4,810,1696547,2026
2958,Deira,Penthouse,2,3,2611,1644023,2026
2959,JVC,Townhouse,3,4,2733,2411072,2025
2960,JVC,Townhouse,2,3,2572,2908144,2024
2961,Deira,Penthouse,4,4,4636,3444394,2024
2962,Al Barsha,Townhouse,4,4,2311,1908640,2024
2963,Dubai Marina,Penthouse,1,1,4875,8799393,2024
2964,Al Barsha,Villa,3,3,660,581060,2024
2965,JVC,Townhouse,5,5,3762,3311798,2025
2966,Palm Jumeirah,Penthouse,5,4,3107,9996660,2023
2967,Al Barsha,Penthouse,4,5,1468,1545170,2026
2968,Downtown Dubai,Villa,4,5,1410,3242317,2023
2969,Downtown Dubai,Townhouse,1,2,3696,6579518,2023
2970,Dubai Silicon Oasis,Penthouse,5,4,3314,2710991,2023
2971,JVC,Townhouse,4,5,3191,2339110,2026
2972,Dubai Silicon Oasis,Penthouse,5,5,586,469939,2025
2973,JVC,Penthouse,5,4,3130,3164899,2024
2974,Palm Jumeirah,Villa,2,3,4913,12719052,2023
2975,Palm Jumeirah,Villa,1,2,430,1623318,2024
2976,Dubai Silicon Oasis,Villa,4,5,2530,2257277,2026
2977,Palm Jumeirah,Villa,3,3,2648,7219501,2025
2978,Palm Jumeirah,Townhouse,1,1,4519,13516923,2024
2979,Business Bay,Villa,2,1,1665,2401548,2024
2980,Business Bay,Penthouse,5,6,2561,3530988,2023
2981,Business Bay,Townhouse,2,3,3684,7878168,2025
2982,Business Bay,Townhouse,2,1,630,1218361,2025
2983,Al Barsha,Penthouse,4,5,4075,4848528,2025
2984,Dubai Marina,Penthouse,4,3,4173,8345814,2024
2985,Palm Jumeirah,Apartment,2,3,3696,13897508,2023
2986,Palm Jumeirah,Penthouse,5,4,3364,12594406,2025
2987,Al Barsha,Penthouse,3,4,3826,3172057,2025
2988,Deira,Villa,1,1,3985,2495863,2025
2989,Business Bay,Apartment,2,2,4550,7718717,2026
2990,Dubai Marina,Townhouse,5,6,2340,4087934,2026
2991,JVC,Penthouse,1,2,2470,2362573,2026
2992,JVC,Townhouse,1,1,3316,2785238,2024
2993,Downtown Dubai,Townhouse,4,5,1247,3288594,2026
2994,Deira,Apartment,3,2,4331,2436719,2025
2995,Business Bay,Penthouse,2,2,3932,7992915,2025
2996,Al Barsha,Penthouse,3,4,3284,3273113,2025
2997,Downtown Dubai,Apartment,1,1,1752,3093416,2023
2998,Dubai Silicon Oasis,Villa,2,2,1966,1924371,2025
2999,Business Bay,Penthouse,2,2,2372,4126666,2026
3000,JVC,Townhouse,3,3,3430,3588215,2026
3001,JVC,Villa,4,5,3967,4424402,2025
3002,Al Barsha,Townhouse,5,5,3474,2838801,2026
3003,Deira,Apartment,1,2,4674,3046310,2024
3004,Downtown Dubai,Penthouse,2,2,4816,9106000,2026
3005,Dubai Silicon Oasis,Townhouse,2,3,3627,2463473,2025
3006,Downtown Dubai,Townhouse,3,3,2074,5807625,2025
3007,JVC,Townhouse,3,4,3135,3393657,2025
3008,Deira,Townhouse,5,5,2326,1599482,2026
3009,Palm Jumeirah,Villa,5,6,3275,11236327,2023
3010,Business Bay,Apartment,4,5,4126,8835946,2025
3011,Dubai Silicon Oasis,Villa,1,1,2067,1505448,2026
3012,Al Barsha,Penthouse,1,1,2701,2179910,2024
3013,Dubai Silicon Oasis,Apartment,5,4,562,544939,2025
3014,JVC,Villa,5,5,3775,3945683,2025
3015,Al Barsha,Penthouse,2,2,2627,2312097,2026
3016,Downtown Dubai,Townhouse,1,1,2487,5716644,2026
3017,Al Barsha,Apartment,4,5,2825,2486612,2024
3018,Palm Jumeirah,Penthouse,3,4,1352,4466900,2025
3019,Palm Jumeirah,Apartment,5,5,3130,10552340,2025
3020,Dubai Marina,Villa,3,2,3815,6443590,2025
3021,Dubai Silicon Oasis,Apartment,4,5,1975,1880861,2024
3022,JVC,Villa,4,3,959,894860,2024
3023,Palm Jumeirah,Villa,1,1,2148,7431085,2025
3024,Downtown Dubai,Villa,1,2,1273,3136407,2023
3025,Dubai Silicon Oasis,Penthouse,4,5,2088,1712793,2025
3026,JVC,Townhouse,1,1,3264,2780023,2024
3027,Al Barsha,Villa,2,1,877,791187,2026
3028,Al Barsha,Villa,4,3,3824,4485444,2026
3029,Palm Jumeirah,Villa,2,3,1394,4687903,2025
3030,Dubai Marina,Villa,1,1,4510,7634743,2026
3031,JVC,Penthouse,1,2,3755,4337755,2026
3032,Palm Jumeirah,Apartment,3,3,1617,5846277,2026
3033,Palm Jumeirah,Townhouse,4,4,2969,7690313,2025
3034,Palm Jumeirah,Villa,4,5,864,2284282,2025
3035,Downtown Dubai,Villa,5,5,813,1917421,2026
3036,Palm Jumeirah,Villa,4,4,4795,12244364,2025
3037,Dubai Marina,Apartment,4,4,4081,9418557,2025
3038,Business Bay,Townhouse,2,1,1068,2031677,2025
3039,Dubai Marina,Townhouse,2,2,1664,2495262,2024
3040,Deira,Townhouse,2,2,1269,907614,2026
3041,Palm Jumeirah,Apartment,1,1,2187,5976967,2026
3042,Al Barsha,Townhouse,5,5,1704,1781064,2023
3043,Business Bay,Apartment,2,2,1875,2943696,2023
3044,Downtown Dubai,Villa,3,2,2811,7519356,2026
3045,Downtown Dubai,Townhouse,2,3,1229,3137894,2024
3046,Al Barsha,Penthouse,1,2,4455,5583402,2025
3047,Dubai Silicon Oasis,Penthouse,5,5,3733,2684710,2025
3048,Dubai Marina,Townhouse,2,1,3886,6943710,2025
3049,Deira,Apartment,1,1,1138,958097,2023
3050,Business Bay,Penthouse,2,3,3642,6110436,2023
3051,JVC,Villa,1,1,4238,3774319,2025
3052,Palm Jumeirah,Townhouse,5,6,1164,4515223,2024
3053,Dubai Silicon Oasis,Apartment,1,2,3843,3644490,2026
3054,Downtown Dubai,Villa,2,1,2013,5448988,2026
3055,Al Barsha,Villa,2,1,4012,4025987,2026
3056,Dubai Marina,Townhouse,1,2,2574,5063898,2025
3057,Deira,Penthouse,1,2,4080,2928190,2025
3058,Dubai Marina,Apartment,3,4,1035,1909848,2024
3059,Dubai Marina,Townhouse,2,2,2159,3357092,2025
3060,Dubai Marina,Penthouse,1,1,1621,3562827,2025
3061,Al Barsha,Apartment,2,2,1504,1496887,2026
3062,Palm Jumeirah,Townhouse,2,2,1783,5835289,2025
3063,Deira,Penthouse,3,4,2128,1830027,2024
3064,Downtown Dubai,Apartment,5,4,941,2456786,2025
3065,Dubai Silicon Oasis,Townhouse,2,1,3637,2616076,2025
3066,Al Barsha,Villa,4,3,2908,3225715,2026
3067,Business Bay,Townhouse,4,5,4206,7492448,2024
3068,Dubai Silicon Oasis,Townhouse,1,2,3628,2699452,2025
3069,Downtown Dubai,Apartment,3,2,1043,1882556,2024
3070,JVC,Apartment,3,2,675,677299,2026
3071,Dubai Marina,Villa,3,2,2316,4960569,2025
3072,Downtown Dubai,Villa,1,1,2587,7232968,2026
3073,Al Barsha,Villa,3,3,1467,1433980,2024
3074,Business Bay,Penthouse,1,1,3987,6775246,2026
3075,Deira,Townhouse,5,5,3054,1884476,2025
3076,Dubai Silicon Oasis,Villa,3,2,3828,3957564,2024
3077,Al Barsha,Townhouse,1,1,856,1048423,2025
3078,Business Bay,Apartment,3,4,4140,9000207,2024
3079,JVC,Apartment,5,5,1308,1233321,2026
3080,Dubai Marina,Apartment,4,5,2434,3964507,2026
3081,Al Barsha,Villa,2,3,2393,2600215,2025
3082,Dubai Silicon Oasis,Townhouse,5,6,4165,3285505,2024
3083,Palm Jumeirah,Townhouse,1,1,1637,4782981,2026
3084,Business Bay,Townhouse,2,1,1469,2100684,2026
3085,Al Barsha,Apartment,1,1,1929,1613752,2025
3086,JVC,Townhouse,5,5,2027,1804961,2025
3087,Business Bay,Townhouse,4,5,1194,2563838,2024
3088,Dubai Silicon Oasis,Penthouse,3,4,1170,1087175,2024
3089,Business Bay,Apartment,4,4,1425,2859226,2026
3090,Dubai Silicon Oasis,Apartment,2,2,2523,1851166,2025
3091,Downtown Dubai,Villa,1,2,1946,4997294,2023
3092,Business Bay,Apartment,5,6,2173,3705771,2025
3093,Business Bay,Apartment,5,6,3693,5208910,2024
3094,JVC,Apartment,1,1,1470,1319569,2024
3095,Dubai Silicon Oasis,Townhouse,1,1,4580,3171656,2026
3096,Business Bay,Villa,3,3,3845,8019303,2023
3097,Dubai Silicon Oasis,Penthouse,1,1,1162,1134248,2024
3098,Downtown Dubai,Apartment,4,3,1809,3755874,2026
3099,JVC,Penthouse,5,4,1203,1197424,2023
3100,Business Bay,Villa,2,2,1618,2700758,2024
3101,Palm Jumeirah,Townhouse,2,2,2049,5391614,2025
3102,Downtown Dubai,Penthouse,5,4,958,2370425,2024
3103,JVC,Villa,2,1,417,442874,2025
3104,Palm Jumeirah,Apartment,2,3,2390,8513381,2025
3105,JVC,Apartment,1,1,3609,2840821,2026
3106,Al Barsha,Penthouse,5,5,1758,1856956,2026
3107,Business Bay,Apartment,5,6,4351,6005748,2023
3108,Dubai Silicon Oasis,Penthouse,1,1,2067,1397432,2025
3109,Downtown Dubai,Townhouse,5,6,4538,8391471,2025
3110,Al Barsha,Townhouse,1,2,1447,1198977,2024
3111,Business Bay,Villa,1,1,2857,4696062,2024
3112,Dubai Marina,Penthouse,2,2,3898,6867931,2025
3113,Deira,Apartment,3,4,624,501854,2025
3114,Downtown Dubai,Townhouse,5,4,4674,9922283,2026
3115,Downtown Dubai,Apartment,4,3,2047,3918849,2024
3116,Palm Jumeirah,Villa,1,2,2665,10181135,2023
3117,Al Barsha,Apartment,3,2,3272,4049879,2026
3118,JVC,Townhouse,5,6,3339,2590735,2026
3119,Palm Jumeirah,Apartment,4,5,460,1354317,2025
3120,Dubai Marina,Apartment,2,2,4382,6972972,2026
3121,Downtown Dubai,Villa,1,1,3249,9146008,2026
3122,Al Barsha,Villa,3,4,4994,4884076,2024
3123,Dubai Marina,Penthouse,3,4,2542,3884953,2025
3124,JVC,Penthouse,2,2,3202,3352749,2025
3125,Palm Jumeirah,Villa,1,1,2400,8322183,2024
3126,Dubai Marina,Townhouse,1,1,4487,7434649,2026
3127,Dubai Silicon Oasis,Penthouse,3,3,4220,3243427,2026
3128,Palm Jumeirah,Villa,5,4,4575,13828067,2025
3129,JVC,Penthouse,3,3,2694,2264212,2023
3130,Dubai Silicon Oasis,Townhouse,3,2,4030,3044886,2026
3131,Palm Jumeirah,Townhouse,5,6,2018,7269614,2025
3132,Deira,Penthouse,4,4,2493,2052107,2023
3133,Dubai Marina,Villa,4,5,3885,8016178,2025
3134,Downtown Dubai,Apartment,3,3,727,1828732,2025
3135,Dubai Marina,Townhouse,4,5,3653,6976111,2023
3136,Palm Jumeirah,Villa,3,4,423,1237859,2024
3137,Al Barsha,Apartment,4,3,3050,3538831,2026
3138,Dubai Silicon Oasis,Apartment,4,4,2568,1763052,2026
3139,Palm Jumeirah,Townhouse,4,5,2529,6604750,2025
3140,Dubai Marina,Penthouse,5,5,2648,4114035,2023
3141,Deira,Villa,2,1,2637,2152982,2024
3142,Deira,Townhouse,4,5,2244,1721236,2025
3143,Palm Jumeirah,Apartment,1,1,2448,7528188,2024
3144,Deira,Apartment,3,4,2991,2173502,2025
3145,Palm Jumeirah,Penthouse,5,6,3900,14201222,2023
3146,Deira,Townhouse,4,3,2917,1757748,2026
3147,Business Bay,Apartment,2,1,3337,5625373,2026
3148,Downtown Dubai,Townhouse,4,5,4240,11007815,2026
3149,Dubai Marina,Townhouse,2,2,4951,10060706,2024
3150,Dubai Silicon Oasis,Apartment,3,4,855,696020,2025
3151,Business Bay,Villa,2,3,3665,5683278,2024
3152,JVC,Penthouse,4,3,1397,1600820,2024
3153,JVC,Villa,1,2,1265,1143008,2025
3154,Dubai Marina,Townhouse,3,3,4037,9002717,2026
3155,Dubai Silicon Oasis,Townhouse,5,6,669,636307,2026
3156,Dubai Marina,Apartment,4,3,4292,9508398,2024
3157,Downtown Dubai,Penthouse,3,2,3933,6995289,2025
3158,Business Bay,Penthouse,5,5,4975,8784769,2024
3159,JVC,Townhouse,1,1,3455,2890954,2025
3160,Dubai Marina,Apartment,5,5,4409,7436304,2024
3161,JVC,Penthouse,2,1,901,758126,2026
3162,Al Barsha,Apartment,5,5,4488,4464019,2026
3163,JVC,Townhouse,5,6,1095,990774,2024
3164,Al Barsha,Villa,4,5,1811,2022923,2026
3165,JVC,Townhouse,4,5,946,808985,2025
3166,Dubai Marina,Apartment,4,3,2217,3736752,2025
3167,Dubai Marina,Penthouse,2,3,3832,6761745,2025
3168,Al Barsha,Townhouse,1,1,1596,1824638,2024
3169,Business Bay,Villa,2,3,4173,5675887,2024
3170,Dubai Silicon Oasis,Villa,3,4,3169,2974965,2023
3171,Al Barsha,Townhouse,4,3,3274,3174091,2025
3172,Dubai Marina,Apartment,2,3,4715,9234873,2024
3173,JVC,Villa,3,3,2358,2505811,2025
3174,Deira,Penthouse,1,2,1952,1442122,2026
3175,Dubai Marina,Penthouse,1,1,4974,10059597,2025
3176,Dubai Silicon Oasis,Villa,5,4,2940,2963450,2024
3177,Downtown Dubai,Townhouse,5,6,3207,5749679,2025
3178,Al Barsha,Villa,5,4,1727,1683418,2024
3179,Al Barsha,Apartment,2,3,1351,1706889,2026
3180,Palm Jumeirah,Villa,3,2,1139,4164348,2023
3181,Al Barsha,Apartment,4,5,1389,1539587,2023
3182,Dubai Silicon Oasis,Penthouse,2,2,1257,919773,2026
3183,Deira,Apartment,4,3,3822,2582474,2024
3184,Deira,Apartment,4,3,619,532516,2024
3185,Business Bay,Townhouse,3,2,3276,6399766,2024
3186,JVC,Apartment,3,4,4764,4042456,2024
3187,Al Barsha,Penthouse,2,3,3909,3385673,2026
3188,Downtown Dubai,Penthouse,5,6,2223,5821697,2024
3189,Business Bay,Villa,5,5,626,1157969,2023
3190,Palm Jumeirah,Apartment,5,5,4228,16257325,2026
3191,Business Bay,Apartment,4,5,364,620808,2024
3192,JVC,Penthouse,2,1,3518,3085504,2023
3193,Palm Jumeirah,Villa,4,5,3469,9838549,2023
3194,JVC,Townhouse,2,2,1242,1163562,2026
3195,Dubai Silicon Oasis,Apartment,5,5,3790,2914858,2025
3196,Downtown Dubai,Penthouse,2,2,1165,2144193,2025
3197,Business Bay,Townhouse,3,4,1399,2273808,2025
3198,Al Barsha,Apartment,1,2,4125,3751452,2025
3199,Business Bay,Apartment,1,2,4902,10064184,2026
3200,Deira,Penthouse,2,1,1580,1015082,2026
3201,Deira,Apartment,3,2,4634,3339283,2025
3202,JVC,Villa,1,2,4596,4700477,2026
3203,Deira,Apartment,5,6,3927,2404224,2023
3204,Downtown Dubai,Apartment,1,1,1001,2346755,2025
3205,Deira,Penthouse,5,6,1742,1492049,2025
3206,Downtown Dubai,Penthouse,2,1,3501,8411113,2024
3207,Deira,Villa,2,3,4996,3641260,2024
3208,Dubai Marina,Apartment,1,2,4137,9080677,2023
3209,Al Barsha,Apartment,5,5,2304,2934434,2024
3210,Deira,Villa,4,3,1443,1222718,2026
3211,Dubai Marina,Penthouse,1,2,4815,8703442,2023
3212,Dubai Marina,Townhouse,1,1,1634,3252515,2025
3213,Downtown Dubai,Villa,4,4,1941,4540592,2023
3214,Dubai Silicon Oasis,Apartment,5,5,4835,3680998,2025
3215,Palm Jumeirah,Apartment,1,1,2961,9039874,2024
3216,JVC,Apartment,2,2,1580,1727208,2024
3217,JVC,Apartment,3,4,374,319850,2025
3218,Dubai Marina,Villa,1,1,2349,5263172,2024
3219,Downtown Dubai,Penthouse,2,2,4934,14064723,2024
3220,Al Barsha,Villa,1,1,2361,2250938,2025
3221,Palm Jumeirah,Villa,3,3,3602,9307953,2026
3222,JVC,Townhouse,4,3,1526,1756011,2025
3223,Dubai Marina,Apartment,3,2,3956,6305700,2025
3224,JVC,Townhouse,2,2,3957,4222747,2025
3225,Business Bay,Apartment,3,2,3178,4427737,2025
3226,Dubai Marina,Villa,3,2,3939,6507261,2025
3227,Palm Jumeirah,Penthouse,1,2,3041,8485098,2025
3228,Deira,Villa,1,2,2109,1400444,2025
3229,Dubai Silicon Oasis,Townhouse,1,1,3781,3810195,2026
3230,JVC,Villa,5,6,4233,3381698,2024
3231,JVC,Penthouse,4,4,4260,3400065,2023
3232,Al Barsha,Villa,1,1,1340,1535422,2025
3233,JVC,Apartment,2,3,3496,4015305,2026
3234,Deira,Apartment,3,3,370,257612,2026
3235,Deira,Villa,1,1,3009,2499260,2024
3236,Dubai Silicon Oasis,Townhouse,5,4,3005,1960505,2025
3237,JVC,Apartment,5,6,2040,2225290,2026
3238,Palm Jumeirah,Apartment,2,1,4972,17327894,2023
3239,Downtown Dubai,Villa,1,1,4455,12234665,2025
3240,Al Barsha,Townhouse,2,1,529,591806,2024
3241,Dubai Marina,Townhouse,3,4,1321,3021395,2026
3242,Deira,Apartment,5,6,1317,917224,2024
3243,Downtown Dubai,Apartment,2,2,4523,11605043,2025
3244,Business Bay,Apartment,2,2,2762,5459727,2024
3245,Dubai Marina,Villa,2,2,3739,6288052,2023
3246,Deira,Villa,1,1,4116,3631146,2023
3247,Business Bay,Apartment,1,2,3919,7925394,2024
3248,Deira,Villa,3,4,764,659502,2026
3249,JVC,Townhouse,4,3,1002,884932,2024
3250,Dubai Marina,Townhouse,1,2,2187,4805121,2023
3251,Palm Jumeirah,Penthouse,2,1,1923,5523749,2026
3252,Deira,Townhouse,5,4,3823,3431296,2024
3253,Deira,Penthouse,5,5,1076,611578,2025
3254,JVC,Penthouse,4,3,2077,2074163,2023
3255,Deira,Penthouse,3,4,1450,868961,2026
3256,Palm Jumeirah,Villa,3,4,1228,4271106,2025
3257,Downtown Dubai,Apartment,2,1,1153,2490545,2023
3258,Dubai Marina,Apartment,2,1,1259,2799482,2025
3259,JVC,Penthouse,2,2,2974,3309217,2024
3260,Dubai Marina,Penthouse,4,5,2256,3996009,2024
3261,Deira,Villa,4,4,2374,2002453,2025
3262,Dubai Marina,Townhouse,4,5,2579,5294746,2025
3263,Dubai Marina,Villa,4,3,3795,6921739,2025
3264,Downtown Dubai,Apartment,1,1,4357,9313349,2023
3265,JVC,Townhouse,4,3,2797,2278540,2026
3266,Dubai Marina,Apartment,5,4,3336,4993617,2023
3267,Deira,Apartment,4,5,3784,2804230,2025
3268,Downtown Dubai,Villa,3,2,3560,8380398,2024
3269,Al Barsha,Apartment,2,1,974,995437,2025
3270,Palm Jumeirah,Villa,4,4,4920,18823407,2025
3271,Dubai Marina,Penthouse,3,4,1116,1620790,2025
3272,Business Bay,Townhouse,2,2,2265,4717449,2026
3273,Downtown Dubai,Apartment,3,2,3384,8936817,2025
3274,Dubai Silicon Oasis,Apartment,1,2,2225,2099289,2026
3275,Palm Jumeirah,Penthouse,5,5,1480,4717311,2026
3276,Al Barsha,Penthouse,4,5,4643,4156310,2026
3277,JVC,Penthouse,2,1,682,755857,2024
3278,Downtown Dubai,Townhouse,4,5,1493,3850527,2023
3279,Downtown Dubai,Villa,1,1,4967,13292205,2025
3280,Business Bay,Penthouse,2,3,3743,5840649,2024
3281,Al Barsha,Penthouse,4,4,754,812199,2026
3282,Business Bay,Apartment,1,2,3858,6610935,2023
3283,Dubai Silicon Oasis,Penthouse,4,4,4858,4352129,2026
3284,JVC,Townhouse,5,4,804,851173,2023
3285,Downtown Dubai,Apartment,3,2,2275,4438722,2026
3286,Business Bay,Penthouse,2,2,2527,3810545,2025
3287,Dubai Marina,Apartment,4,3,959,1418597,2024
3288,Deira,Apartment,2,2,1282,788448,2025
3289,Dubai Marina,Villa,4,3,1157,1916172,2025
3290,Deira,Townhouse,4,4,1211,708896,2026
3291,Business Bay,Villa,1,1,2226,3700362,2025
3292,JVC,Apartment,1,1,2506,2565705,2025
3293,Palm Jumeirah,Townhouse,1,1,1456,5226471,2024
3294,Deira,Villa,1,1,1695,1154355,2025
3295,Dubai Silicon Oasis,Apartment,2,2,1243,837197,2023
3296,JVC,Penthouse,1,1,4051,4301017,2026
3297,Al Barsha,Villa,5,5,1334,1328119,2025
3298,Al Barsha,Townhouse,5,5,4570,4230512,2026
3299,Dubai Silicon Oasis,Villa,1,1,2855,2364729,2026
3300,Dubai Silicon Oasis,Penthouse,2,3,4082,4196074,2024
3301,Al Barsha,Villa,4,4,3309,3263732,2024
3302,JVC,Apartment,4,4,1587,1827833,2024
3303,Deira,Apartment,3,4,3146,2040524,2024
3304,Al Barsha,Penthouse,5,5,1624,1384902,2023
3305,JVC,Townhouse,4,5,901,712448,2026
3306,Al Barsha,Townhouse,4,4,1534,1820690,2025
3307,Deira,Townhouse,3,2,1631,1220256,2025
3308,Business Bay,Apartment,3,3,977,1811977,2025
3309,Al Barsha,Villa,2,3,459,589289,2023
3310,Dubai Marina,Penthouse,3,2,4738,8975447,2025
3311,Deira,Villa,5,4,2737,1644820,2024
3312,Al Barsha,Apartment,2,2,2219,2572392,2026
3313,Dubai Marina,Penthouse,1,2,4674,7604907,2025
3314,Business Bay,Apartment,3,3,1394,2584904,2024
3315,Palm Jumeirah,Townhouse,4,4,2223,8184125,2025
3316,Downtown Dubai,Penthouse,5,5,4287,9794891,2025
3317,Dubai Silicon Oasis,Townhouse,3,3,3288,2517667,2023
3318,Deira,Apartment,4,3,2206,1679739,2023
3319,JVC,Penthouse,2,2,1539,1196000,2023
3320,Business Bay,Apartment,3,4,513,831793,2026
3321,Dubai Marina,Penthouse,3,4,745,1410827,2026
3322,Dubai Marina,Apartment,2,3,1103,1840615,2025
3323,Deira,Villa,4,3,4007,2298977,2023
3324,Dubai Silicon Oasis,Penthouse,5,5,3322,2903615,2024
3325,JVC,Villa,2,1,2365,2129827,2025
3326,Downtown Dubai,Apartment,1,1,3990,8736788,2024
3327,Deira,Apartment,5,6,1097,997046,2025
3328,Palm Jumeirah,Villa,5,5,1330,3415009,2023
3329,Downtown Dubai,Villa,5,4,2176,4198794,2023
3330,Deira,Apartment,2,3,4615,3999781,2025
3331,Downtown Dubai,Villa,4,5,3206,6101940,2024
3332,Dubai Marina,Villa,4,4,4307,9759061,2025
3333,Business Bay,Townhouse,4,5,1503,2902543,2026
3334,Deira,Villa,5,6,4294,3198416,2025
3335,Palm Jumeirah,Villa,5,5,687,1935691,2026
3336,Deira,Penthouse,3,4,1408,965628,2025
3337,Downtown Dubai,Penthouse,1,1,2782,7423906,2026
3338,Business Bay,Penthouse,1,1,584,822785,2025
3339,Deira,Villa,5,5,4340,3597825,2026
3340,Palm Jumeirah,Penthouse,5,6,4383,15961707,2024
3341,Downtown Dubai,Villa,1,1,2867,7272327,2025
3342,Dubai Silicon Oasis,Townhouse,2,2,1771,1172051,2024
3343,Dubai Marina,Penthouse,2,1,810,1707795,2025
3344,Dubai Silicon Oasis,Villa,2,2,3227,2998739,2024
3345,Deira,Townhouse,4,3,2850,1609061,2026
3346,Dubai Marina,Apartment,3,3,3883,8709782,2025
3347,JVC,Villa,3,3,3151,2456167,2024
3348,JVC,Townhouse,3,4,946,1090124,2025
3349,Dubai Silicon Oasis,Townhouse,4,4,916,612170,2026
3350,Palm Jumeirah,Villa,4,3,3980,10973155,2026
3351,JVC,Townhouse,1,1,1089,1122333,2025
3352,Dubai Silicon Oasis,Townhouse,1,1,4714,3275742,2023
3353,Dubai Marina,Penthouse,2,2,842,1352648,2026
3354,Al Barsha,Apartment,3,2,3736,3009668,2026
3355,Al Barsha,Townhouse,5,4,4884,5925464,2026
3356,Business Bay,Townhouse,5,6,2401,3342131,2025
3357,Dubai Marina,Villa,4,3,613,1231710,2023
3358,Dubai Silicon Oasis,Villa,1,1,4426,3863556,2026
3359,Dubai Silicon Oasis,Townhouse,1,2,1220,1030285,2023
3360,Business Bay,Villa,3,3,2802,4704233,2023
3361,Downtown Dubai,Villa,3,4,4928,10297148,2025
3362,JVC,Penthouse,4,4,3813,4387338,2025
3363,Downtown Dubai,Villa,1,2,565,1482500,2026
3364,Palm Jumeirah,Apartment,5,5,4165,15760771,2025
3365,Palm Jumeirah,Apartment,3,2,1099,3847430,2023
3366,JVC,Apartment,3,4,3834,4190769,2025
3367,Deira,Townhouse,1,2,3237,2905082,2026
3368,Palm Jumeirah,Apartment,5,6,1688,5199828,2026
3369,Dubai Marina,Apartment,3,2,2319,5232143,2024
3370,Business Bay,Villa,2,3,897,1252761,2024
3371,Al Barsha,Apartment,2,2,4938,4216736,2023
3372,Al Barsha,Townhouse,2,3,1458,1523882,2026
3373,Al Barsha,Apartment,1,2,1785,1833171,2025
3374,Dubai Silicon Oasis,Penthouse,5,4,2688,2191486,2025
3375,Dubai Marina,Penthouse,5,5,3476,6685990,2024
3376,JVC,Penthouse,5,4,2699,2597160,2026
3377,Business Bay,Apartment,2,1,2698,5665746,2026
3378,Palm Jumeirah,Townhouse,3,3,3059,8928820,2025
3379,Al Barsha,Apartment,3,3,4338,4156326,2023
3380,Deira,Townhouse,3,3,2187,1761985,2025
3381,Deira,Penthouse,3,4,4219,3320213,2026
3382,Downtown Dubai,Villa,3,2,4009,10715382,2025
3383,Deira,Villa,4,3,4818,3219615,2026
3384,Al Barsha,Penthouse,1,2,4596,3691493,2024
3385,Al Barsha,Apartment,1,1,4061,5165721,2024
3386,Palm Jumeirah,Townhouse,5,4,1497,3692108,2023
3387,Dubai Marina,Villa,5,5,3950,8105446,2024
3388,Downtown Dubai,Apartment,5,4,3774,7978293,2024
3389,Deira,Townhouse,2,1,1696,1201169,2025
3390,Al Barsha,Penthouse,3,2,3502,4268995,2024
3391,Al Barsha,Townhouse,1,1,1526,1540939,2026
3392,Business Bay,Townhouse,2,3,2782,4124915,2024
3393,Palm Jumeirah,Townhouse,4,5,4054,14317319,2024
3394,Downtown Dubai,Apartment,2,3,1226,2185017,2023
3395,Palm Jumeirah,Apartment,3,4,1916,5387982,2024
3396,Downtown Dubai,Townhouse,1,1,4047,9518062,2025
3397,Al Barsha,Townhouse,3,3,2460,2506449,2025
3398,Al Barsha,Apartment,4,5,4816,5346309,2025
3399,Dubai Marina,Apartment,3,2,387,690103,2026
3400,Dubai Silicon Oasis,Apartment,3,4,3706,2950842,2024
3401,Al Barsha,Townhouse,5,6,4136,4029823,2025
3402,Business Bay,Villa,2,2,4618,9763282,2024
3403,Business Bay,Townhouse,2,2,1078,1481928,2024
3404,Dubai Marina,Townhouse,4,5,4926,11259248,2024
3405,Dubai Silicon Oasis,Apartment,3,4,2174,1702869,2025
3406,Dubai Marina,Villa,5,4,1987,3513799,2026
3407,Dubai Silicon Oasis,Apartment,1,2,2003,1863505,2024
3408,Deira,Apartment,1,1,3317,2308289,2024
3409,Dubai Silicon Oasis,Penthouse,2,1,3415,3027936,2026
3410,JVC,Villa,3,2,2553,2876296,2026
3411,Dubai Silicon Oasis,Penthouse,5,6,680,665365,2025
3412,Business Bay,Apartment,3,3,4937,8877030,2025
3413,JVC,Villa,3,2,1382,1440725,2024
3414,JVC,Townhouse,1,1,786,704724,2025
3415,Dubai Silicon Oasis,Villa,3,3,3127,2971956,2023
3416,Business Bay,Villa,3,2,2267,3411054,2025
3417,Business Bay,Apartment,3,3,3212,4492903,2023
3418,Deira,Apartment,4,4,4421,3312462,2025
3419,Palm Jumeirah,Penthouse,3,4,802,2183852,2025
3420,Palm Jumeirah,Apartment,1,1,1670,5833458,2023
3421,Business Bay,Apartment,1,1,2752,3979735,2025
3422,Downtown Dubai,Villa,1,1,4013,7100380,2024
3423,Dubai Silicon Oasis,Villa,4,5,3142,2860103,2026
3424,Business Bay,Villa,5,4,2129,3801711,2026
3425,Dubai Silicon Oasis,Penthouse,5,6,3186,3252288,2024
3426,Business Bay,Penthouse,2,1,4906,7704199,2023
3427,Palm Jumeirah,Villa,1,1,2582,6674170,2026
3428,Palm Jumeirah,Apartment,4,4,4458,10853711,2026
3429,Dubai Silicon Oasis,Apartment,1,2,3976,3251170,2026
3430,Dubai Marina,Apartment,4,5,1751,2680317,2024
3431,Palm Jumeirah,Apartment,2,3,1510,5380832,2023
3432,Downtown Dubai,Apartment,5,6,3931,7229833,2026
3433,Al Barsha,Villa,4,5,1314,1656135,2025
3434,Palm Jumeirah,Townhouse,4,3,1916,6152814,2024
3435,Dubai Silicon Oasis,Penthouse,3,3,1444,1326384,2026
3436,JVC,Villa,5,6,3169,2468374,2025
3437,Downtown Dubai,Villa,3,2,1717,3190968,2023
3438,Deira,Townhouse,4,4,3411,2332405,2026
3439,Downtown Dubai,Townhouse,2,2,4697,10955649,2025
3440,JVC,Townhouse,3,4,4207,4118551,2024
3441,JVC,Apartment,5,4,4757,4131001,2023
3442,Downtown Dubai,Apartment,2,1,463,953746,2025
3443,Downtown Dubai,Townhouse,1,1,2467,7005173,2025
3444,Deira,Villa,2,2,1373,899907,2023
3445,Al Barsha,Villa,2,2,4618,4012868,2025
3446,Business Bay,Penthouse,3,3,3660,6095879,2025
3447,JVC,Apartment,1,1,1839,1575548,2025
3448,Downtown Dubai,Villa,1,1,2970,6605008,2026
3449,Deira,Townhouse,2,2,3165,2463318,2024
3450,Al Barsha,Townhouse,3,2,2654,2923577,2026
3451,Palm Jumeirah,Apartment,1,2,2555,8808195,2024
3452,Business Bay,Townhouse,2,1,606,904868,2024
3453,Deira,Villa,2,3,2453,1413125,2024
3454,Dubai Silicon Oasis,Villa,1,1,1969,1883001,2026
3455,Dubai Silicon Oasis,Townhouse,2,3,4154,3019380,2023
3456,Downtown Dubai,Penthouse,2,3,4372,9212816,2024
3457,Business Bay,Apartment,1,1,3839,6707991,2024
3458,Dubai Silicon Oasis,Apartment,4,5,493,456775,2025
3459,Deira,Penthouse,1,1,4261,2630121,2024
3460,Al Barsha,Apartment,3,2,2193,2743884,2023
3461,Dubai Silicon Oasis,Apartment,4,4,2286,1757044,2025
3462,Dubai Marina,Townhouse,5,6,4744,11026936,2026
3463,Palm Jumeirah,Villa,3,4,4382,12392816,2026
3464,Palm Jumeirah,Penthouse,3,3,586,2044249,2026
3465,JVC,Penthouse,4,3,2023,1799460,2024
3466,Deira,Apartment,5,6,3836,3271362,2023
3467,Dubai Marina,Apartment,2,2,2855,5299353,2023
3468,Business Bay,Townhouse,4,3,1547,3248625,2026
3469,Business Bay,Villa,3,2,2790,5582365,2025
3470,Business Bay,Apartment,1,2,4379,8136726,2025
3471,Palm Jumeirah,Villa,4,5,1388,3851679,2025
3472,Dubai Silicon Oasis,Townhouse,5,6,3819,2841133,2025
3473,Dubai Silicon Oasis,Penthouse,1,1,3766,3903718,2025
3474,Deira,Villa,1,2,4468,3949201,2024
3475,JVC,Penthouse,5,4,1735,1357270,2025
3476,Dubai Silicon Oasis,Villa,3,4,1354,977081,2024
3477,Dubai Silicon Oasis,Townhouse,2,3,2896,1977173,2023
3478,Al Barsha,Penthouse,4,4,2820,2539886,2024
3479,Al Barsha,Penthouse,2,1,2254,2130297,2026
3480,Al Barsha,Townhouse,2,3,3973,4842345,2026
3481,Al Barsha,Penthouse,2,1,4065,3445457,2026
3482,Deira,Apartment,3,3,1492,1296163,2026
3483,Deira,Penthouse,1,1,4049,3644810,2023
3484,Deira,Penthouse,2,2,1422,936542,2023
3485,Business Bay,Penthouse,2,3,2245,3923808,2023
3486,Dubai Silicon Oasis,Villa,1,2,476,405424,2023
3487,Deira,Villa,4,4,1932,1221007,2025
3488,Palm Jumeirah,Townhouse,1,1,4807,16811831,2023
3489,Deira,Apartment,5,6,2407,1836539,2026
3490,Dubai Marina,Townhouse,1,1,3651,5626043,2025
3491,Dubai Silicon Oasis,Villa,2,1,851,849632,2024
3492,Palm Jumeirah,Penthouse,1,2,3305,9430120,2026
3493,Dubai Silicon Oasis,Townhouse,2,3,2077,1459090,2026
3494,Dubai Marina,Villa,4,3,3809,8850855,2025
3495,Downtown Dubai,Apartment,1,1,4665,8738477,2023
3496,Dubai Silicon Oasis,Townhouse,3,2,2822,1873465,2025
3497,Deira,Townhouse,4,4,828,532522,2025
3498,Deira,Townhouse,3,2,2564,1722348,2025
3499,Business Bay,Apartment,1,1,922,1593891,2024
3500,Palm Jumeirah,Villa,4,5,2440,8363722,2026
3501,Palm Jumeirah,Penthouse,1,1,634,1869393,2024
3502,Downtown Dubai,Penthouse,1,2,3328,7904888,2026
3503,Palm Jumeirah,Villa,3,2,1793,4318829,2023
3504,Palm Jumeirah,Villa,2,1,1287,3831848,2026
3505,JVC,Townhouse,1,2,430,492451,2023
3506,JVC,Apartment,4,4,4479,4786622,2026
3507,Al Barsha,Penthouse,3,4,4242,4964838,2026
3508,Deira,Townhouse,5,5,4124,2748978,2024
3509,Business Bay,Penthouse,3,3,620,1100468,2023
3510,Palm Jumeirah,Apartment,3,4,1975,7241900,2026
3511,Downtown Dubai,Apartment,5,6,4866,13275281,2026
3512,Business Bay,Penthouse,1,2,3040,5970443,2026
3513,Palm Jumeirah,Villa,2,2,947,2921317,2024
3514,JVC,Villa,4,5,1005,756688,2023
3515,Downtown Dubai,Villa,2,1,1573,2974997,2025
3516,Palm Jumeirah,Villa,5,5,4871,11692540,2025
3517,Dubai Silicon Oasis,Penthouse,2,1,1138,891827,2024
3518,Business Bay,Townhouse,3,2,4548,6275677,2023
3519,Dubai Silicon Oasis,Apartment,5,4,3502,2850658,2026
3520,Al Barsha,Penthouse,2,2,4636,5093901,2025
3521,Deira,Villa,5,6,4190,3220258,2025
3522,Dubai Silicon Oasis,Townhouse,1,1,1894,1632853,2026
3523,Business Bay,Villa,2,3,4199,6517877,2025
3524,Al Barsha,Apartment,3,3,1136,1203699,2024
3525,Downtown Dubai,Villa,3,3,1703,4832806,2026
3526,JVC,Villa,5,4,1334,1227384,2026
3527,Palm Jumeirah,Apartment,5,6,969,3596673,2023
3528,Dubai Marina,Penthouse,4,3,768,1369547,2024
3529,Al Barsha,Penthouse,4,3,1221,1357168,2024
3530,Dubai Silicon Oasis,Penthouse,2,3,908,756123,2023
3531,Dubai Marina,Apartment,5,5,2118,4362572,2024
3532,Dubai Silicon Oasis,Townhouse,4,3,681,680285,2023
3533,Dubai Marina,Townhouse,1,1,634,1164537,2025
3534,Downtown Dubai,Townhouse,5,5,4952,12841226,2023
3535,Al Barsha,Penthouse,2,1,757,939641,2026
3536,Deira,Villa,3,4,694,580420,2025
3537,Dubai Silicon Oasis,Villa,3,4,489,317763,2024
3538,Business Bay,Villa,5,4,966,1313915,2026
3539,Palm Jumeirah,Townhouse,2,2,2804,10443328,2025
3540,Downtown Dubai,Villa,2,1,4196,10751178,2026
3541,Deira,Villa,1,2,3767,3372769,2026
3542,Dubai Silicon Oasis,Apartment,2,2,3048,2307314,2026
3543,Palm Jumeirah,Townhouse,1,1,745,2668554,2026
3544,Dubai Silicon Oasis,Apartment,3,3,3951,3795365,2025
3545,Business Bay,Villa,5,5,523,1092404,2024
3546,Dubai Silicon Oasis,Townhouse,3,3,3283,3009891,2025
3547,Palm Jumeirah,Villa,5,6,2253,5874611,2025
3548,Downtown Dubai,Townhouse,5,5,4452,11170232,2026
3549,JVC,Villa,1,1,1780,1765791,2025
3550,Business Bay,Apartment,3,2,3318,5453535,2024
3551,Dubai Marina,Penthouse,3,3,2395,3898466,2025
3552,Dubai Silicon Oasis,Penthouse,2,1,2777,2760449,2025
3553,Downtown Dubai,Apartment,5,6,4715,9034605,2025
3554,Deira,Apartment,2,1,3664,2593266,2025
3555,Dubai Silicon Oasis,Villa,1,2,2277,2024524,2026
3556,Business Bay,Townhouse,3,3,2430,5312045,2024
3557,Palm Jumeirah,Apartment,2,3,3626,12351840,2026
3558,Palm Jumeirah,Penthouse,2,2,1959,5597484,2026
3559,Al Barsha,Apartment,3,2,1130,938273,2024
3560,Dubai Marina,Penthouse,4,5,2524,4356254,2024
3561,JVC,Apartment,2,3,667,568119,2026
3562,Palm Jumeirah,Penthouse,2,1,1139,4132997,2026
3563,Dubai Marina,Penthouse,1,1,2306,4102203,2023
3564,Al Barsha,Penthouse,2,2,4054,3442754,2025
3565,Deira,Penthouse,3,4,3983,3443272,2024
3566,Dubai Marina,Villa,4,4,1562,2274660,2025
3567,Dubai Marina,Townhouse,2,1,2311,3334099,2024
3568,Downtown Dubai,Townhouse,1,2,1063,2426008,2024
3569,Deira,Apartment,3,3,3861,2255700,2024
3570,Palm Jumeirah,Penthouse,4,4,1495,3985151,2025
3571,Business Bay,Townhouse,1,1,4067,8937199,2024
3572,Palm Jumeirah,Villa,3,2,4265,15637825,2025
3573,Business Bay,Apartment,1,1,3554,7141521,2026
3574,JVC,Townhouse,3,3,1885,1926200,2025
3575,Dubai Marina,Penthouse,4,4,4781,7090385,2026
3576,Dubai Marina,Apartment,4,3,3540,7760805,2026
3577,Deira,Penthouse,4,3,3353,2430643,2023
3578,Deira,Townhouse,4,5,4332,2574992,2023
3579,Downtown Dubai,Penthouse,2,1,4448,9299994,2025
3580,Downtown Dubai,Apartment,5,4,711,1643949,2025
3581,Business Bay,Apartment,2,2,4449,6102428,2026
3582,Deira,Townhouse,2,3,3907,2533091,2023
3583,Palm Jumeirah,Villa,4,5,1310,3804089,2024
3584,Palm Jumeirah,Villa,2,2,1780,5510322,2026
3585,Dubai Marina,Townhouse,1,2,3849,5549424,2026
3586,Business Bay,Apartment,4,4,1357,2497729,2025
3587,Al Barsha,Villa,4,5,2453,2204797,2025
3588,Palm Jumeirah,Villa,3,2,3553,11710246,2026
3589,Al Barsha,Villa,1,1,3374,3102646,2025
3590,Deira,Townhouse,4,5,4580,3210357,2026
3591,Dubai Silicon Oasis,Apartment,1,2,868,772044,2026
3592,Palm Jumeirah,Penthouse,3,4,1721,5825342,2024
3593,Palm Jumeirah,Townhouse,3,3,4929,12055809,2024
3594,Palm Jumeirah,Apartment,4,4,2995,9591822,2026
3595,JVC,Townhouse,5,4,1506,1637758,2025
3596,Business Bay,Apartment,1,1,1697,2605674,2023
3597,Downtown Dubai,Apartment,1,2,1927,4519176,2025
3598,Business Bay,Townhouse,3,2,2927,5094362,2025
3599,Downtown Dubai,Apartment,5,5,1673,4508615,2024
3600,Business Bay,Townhouse,1,1,3241,5616486,2025
3601,Dubai Silicon Oasis,Villa,3,3,2420,2462437,2024
3602,Business Bay,Villa,3,4,3188,6103630,2023
3603,Deira,Townhouse,2,3,1071,810194,2024
3604,Business Bay,Townhouse,4,4,3249,5224819,2025
3605,Dubai Silicon Oasis,Apartment,2,3,4650,4085537,2026
3606,Downtown Dubai,Penthouse,3,4,978,1862474,2025
3607,Al Barsha,Townhouse,5,6,1872,1887204,2026
3608,Deira,Villa,2,3,3574,2357230,2023
3609,Dubai Silicon Oasis,Apartment,1,1,3220,2924116,2024
3610,Downtown Dubai,Villa,5,6,3487,9067579,2025
3611,Dubai Silicon Oasis,Townhouse,2,1,2951,2984793,2026
3612,Dubai Silicon Oasis,Apartment,4,5,3524,2568433,2025
3613,JVC,Villa,4,5,3183,3559032,2026
3614,Palm Jumeirah,Penthouse,3,3,694,2546235,2024
3615,Palm Jumeirah,Apartment,1,1,3843,14194686,2026
3616,Dubai Marina,Penthouse,5,5,2427,5112301,2026
3617,Palm Jumeirah,Apartment,4,5,589,1650131,2026
3618,Deira,Townhouse,3,2,2252,1953058,2024
3619,Downtown Dubai,Penthouse,5,6,2373,5741481,2023
3620,JVC,Penthouse,4,5,753,793116,2025
3621,Palm Jumeirah,Townhouse,4,4,4981,13487980,2025
3622,Dubai Silicon Oasis,Apartment,1,2,1384,972902,2026
3623,Dubai Marina,Apartment,4,5,1887,3187457,2023
3624,Dubai Silicon Oasis,Townhouse,2,2,2400,2026915,2025
3625,Al Barsha,Townhouse,1,2,4221,4256087,2024
3626,Al Barsha,Penthouse,2,3,3804,4731430,2025
3627,Dubai Marina,Penthouse,1,1,3934,5711053,2024
3628,Palm Jumeirah,Penthouse,1,2,1452,3659145,2026
3629,JVC,Townhouse,4,3,4281,3709205,2024
3630,Dubai Silicon Oasis,Townhouse,3,3,4208,2975446,2025
3631,Deira,Townhouse,2,3,2506,1760120,2023
3632,Deira,Apartment,1,2,2887,2341811,2024
3633,Dubai Marina,Villa,4,3,522,1218387,2025
3634,Dubai Silicon Oasis,Apartment,4,4,3885,2800424,2023
3635,Business Bay,Villa,3,2,4818,7641725,2025
3636,Downtown Dubai,Apartment,1,1,2547,6636495,2024
3637,Al Barsha,Penthouse,1,2,2863,2679839,2025
3638,Dubai Silicon Oasis,Penthouse,1,1,2671,2461326,2026
3639,Business Bay,Townhouse,1,2,734,1362278,2026
3640,Deira,Villa,5,5,3231,2776116,2023
3641,Palm Jumeirah,Apartment,2,1,3704,9074819,2025
3642,JVC,Townhouse,4,5,4665,5415533,2023
3643,Deira,Apartment,5,4,4673,4193960,2025
3644,Dubai Silicon Oasis,Apartment,5,4,2636,1710645,2026
3645,Dubai Silicon Oasis,Apartment,2,1,4809,4038616,2023
3646,Deira,Villa,3,4,2808,1967001,2024
3647,JVC,Townhouse,3,3,3335,2782635,2026
3648,Dubai Silicon Oasis,Villa,1,1,3149,3247029,2025
3649,Dubai Silicon Oasis,Penthouse,4,3,4993,3544232,2024
3650,Dubai Marina,Townhouse,3,4,3779,6338135,2026
3651,JVC,Penthouse,2,3,908,657119,2024
3652,Palm Jumeirah,Villa,3,2,684,2236908,2026
3653,Palm Jumeirah,Villa,4,5,2255,8323651,2024
3654,Deira,Apartment,1,1,2747,2136258,2026
3655,Palm Jumeirah,Apartment,4,5,3459,11682464,2026
3656,Dubai Marina,Apartment,5,4,2589,3882693,2024
3657,Downtown Dubai,Apartment,4,5,2743,6984467,2026
3658,Al Barsha,Penthouse,4,3,4635,4655867,2023
3659,Deira,Townhouse,1,1,1907,1384099,2026
3660,Deira,Townhouse,4,3,2644,2022013,2025
3661,Business Bay,Villa,4,3,2941,6438024,2024
3662,JVC,Townhouse,3,2,2527,2670236,2025
3663,JVC,Townhouse,3,4,4851,4985698,2023
3664,Deira,Penthouse,4,3,4824,3430648,2025
3665,Palm Jumeirah,Penthouse,1,2,2736,6707784,2025
3666,Downtown Dubai,Townhouse,2,2,2445,5751992,2025
3667,Business Bay,Penthouse,4,3,3088,5934361,2026
3668,Al Barsha,Townhouse,5,5,1191,1372144,2026
3669,Palm Jumeirah,Penthouse,2,2,2330,7716544,2025
3670,Al Barsha,Townhouse,3,2,1358,1290349,2025
3671,Palm Jumeirah,Penthouse,5,5,1019,2783446,2023
3672,Business Bay,Apartment,1,2,792,1137771,2026
3673,Dubai Silicon Oasis,Apartment,2,3,3079,2836167,2026
3674,Palm Jumeirah,Villa,1,1,352,1357374,2026
3675,Downtown Dubai,Penthouse,2,3,3354,7840057,2026
3676,Business Bay,Penthouse,4,5,2358,4556140,2024
3677,Deira,Villa,2,1,2054,1648151,2024
3678,JVC,Villa,5,5,3926,3111939,2025
3679,Business Bay,Villa,5,6,2855,4348254,2023
3680,Al Barsha,Apartment,5,4,3760,3399373,2025
3681,Business Bay,Townhouse,4,4,3649,7855987,2024
3682,JVC,Penthouse,4,5,499,362778,2025
3683,Dubai Marina,Penthouse,3,2,1352,2605374,2025
3684,Business Bay,Apartment,5,6,3000,5041802,2024
3685,Al Barsha,Villa,1,2,4886,5519592,2025
3686,JVC,Townhouse,4,4,1067,874109,2024
3687,Business Bay,Townhouse,1,1,840,1828675,2024
3688,Deira,Townhouse,2,2,4726,3194423,2025
3689,Dubai Silicon Oasis,Townhouse,2,2,4845,4895246,2024
3690,Al Barsha,Villa,4,4,1128,1234709,2024
3691,JVC,Villa,4,4,2217,2009727,2024
3692,Downtown Dubai,Apartment,1,1,3263,8377015,2023
3693,Deira,Townhouse,4,5,1257,947240,2024
3694,JVC,Villa,2,3,1867,1460670,2025
3695,Business Bay,Villa,1,1,2188,4285889,2026
3696,Dubai Marina,Penthouse,3,3,3333,6537827,2024
3697,Al Barsha,Penthouse,3,2,1782,1929589,2024
3698,Downtown Dubai,Penthouse,2,1,2267,5830634,2023
3699,Business Bay,Apartment,2,2,1696,3248617,2023
3700,Business Bay,Penthouse,5,4,3882,6488010,2024
3701,Dubai Marina,Townhouse,2,3,1061,1831964,2025
3702,Al Barsha,Apartment,5,4,1422,1315932,2025
3703,Palm Jumeirah,Villa,5,4,1512,4933229,2026
3704,Palm Jumeirah,Apartment,2,1,4561,12998082,2026
3705,Downtown Dubai,Villa,3,2,4741,8972153,2026
3706,Dubai Marina,Townhouse,4,4,2675,5736344,2023
3707,Dubai Marina,Villa,3,4,1077,1753591,2023
3708,Deira,Townhouse,3,4,3865,2387437,2025
3709,Deira,Penthouse,2,1,2638,2261162,2025
3710,Al Barsha,Apartment,1,1,4301,4950726,2025
3711,Al Barsha,Penthouse,1,1,2023,2393367,2025
3712,Business Bay,Apartment,2,1,4994,8279085,2026
3713,Dubai Marina,Apartment,4,5,4102,8186330,2025
3714,Downtown Dubai,Apartment,2,1,1391,3874510,2026
3715,Al Barsha,Apartment,1,1,3723,3504640,2026
3716,Al Barsha,Villa,2,2,1684,1405266,2025
3717,Palm Jumeirah,Penthouse,3,3,1976,5248882,2023
3718,Dubai Marina,Townhouse,2,2,1514,3403047,2024
3719,Al Barsha,Villa,2,3,3522,3313376,2024
3720,Al Barsha,Penthouse,1,1,1572,1643724,2026
3721,Downtown Dubai,Villa,2,2,3320,7795445,2026
3722,Al Barsha,Apartment,2,3,3058,3914260,2024
3723,Deira,Apartment,5,6,3841,2556253,2023
3724,Dubai Silicon Oasis,Townhouse,5,6,4969,4216477,2026
3725,Deira,Apartment,2,1,391,350079,2025
3726,Dubai Marina,Villa,1,2,4954,8031476,2026
3727,Deira,Villa,1,2,858,660024,2024
3728,Dubai Marina,Villa,2,3,2799,4190791,2024
3729,JVC,Penthouse,3,4,1935,1622185,2024
3730,Al Barsha,Apartment,3,3,3321,2771731,2023
3731,Dubai Silicon Oasis,Apartment,2,3,3706,2861258,2024
3732,Business Bay,Villa,2,2,4348,6676218,2023
3733,JVC,Townhouse,2,3,2219,2394938,2025
3734,Business Bay,Villa,3,3,4688,8222218,2026
3735,Downtown Dubai,Apartment,4,5,1849,4077969,2023
3736,Palm Jumeirah,Townhouse,1,2,1297,4459714,2026
3737,Business Bay,Townhouse,3,4,2112,4572732,2023
3738,Dubai Marina,Townhouse,4,3,2807,4803869,2025
3739,Palm Jumeirah,Townhouse,4,5,3456,8640437,2024
3740,Deira,Townhouse,3,2,4222,2526542,2026
3741,Deira,Townhouse,3,4,1395,1199735,2023
3742,Dubai Silicon Oasis,Townhouse,4,3,1759,1720903,2025
3743,Deira,Penthouse,2,1,4714,3424145,2026
3744,Deira,Villa,3,3,2395,1464961,2023
3745,Downtown Dubai,Villa,2,2,1473,3445550,2026
3746,Business Bay,Apartment,3,4,4933,9511606,2025
3747,Business Bay,Penthouse,1,1,2437,4002531,2024
3748,Dubai Silicon Oasis,Apartment,2,1,4930,3317925,2023
3749,Business Bay,Apartment,1,1,4624,7553999,2026
3750,Deira,Apartment,2,2,4563,3658161,2026
3751,Palm Jumeirah,Villa,3,3,3055,11815369,2023
3752,Dubai Marina,Apartment,3,3,4062,6544211,2026
3753,Dubai Silicon Oasis,Townhouse,5,6,4816,4844040,2026
3754,Deira,Penthouse,1,2,1601,1152428,2025
3755,Downtown Dubai,Villa,5,4,525,1307008,2026
3756,Dubai Marina,Penthouse,2,1,1841,4082102,2023
3757,Dubai Silicon Oasis,Villa,4,3,3311,2857340,2025
3758,JVC,Penthouse,4,3,2894,2163721,2026
3759,Dubai Marina,Apartment,5,6,724,1215741,2026
3760,Palm Jumeirah,Townhouse,1,1,2957,10658088,2024
3761,Dubai Marina,Penthouse,5,5,1160,2247619,2025
3762,Downtown Dubai,Townhouse,1,1,2700,5729350,2024
3763,Dubai Silicon Oasis,Penthouse,5,6,3027,2643541,2024
3764,Dubai Marina,Townhouse,4,5,3310,5566470,2024
3765,Al Barsha,Townhouse,3,3,2268,2087705,2024
3766,Palm Jumeirah,Townhouse,2,2,2248,8188541,2025
3767,JVC,Villa,1,1,3505,3154606,2024
3768,JVC,Apartment,5,6,3833,3232349,2026
3769,Business Bay,Penthouse,4,5,4105,7010518,2026
3770,Palm Jumeirah,Penthouse,5,4,1901,7187585,2025
3771,Dubai Silicon Oasis,Penthouse,4,5,2321,1653284,2024
3772,JVC,Penthouse,5,5,1887,1515927,2026
3773,Palm Jumeirah,Apartment,5,6,2803,8214604,2023
3774,Deira,Apartment,3,4,941,546865,2025
3775,Dubai Marina,Villa,4,5,2349,3540950,2024
3776,Dubai Silicon Oasis,Townhouse,2,1,1227,790668,2026
3777,Dubai Silicon Oasis,Apartment,4,3,2825,1973191,2024
3778,Dubai Marina,Penthouse,4,5,4304,8678364,2026
3779,JVC,Apartment,3,2,4932,3986988,2026
3780,Al Barsha,Penthouse,4,3,2425,2398070,2026
3781,Al Barsha,Villa,2,1,611,704356,2026
3782,Downtown Dubai,Villa,4,4,1409,2529162,2025
3783,Dubai Silicon Oasis,Villa,3,2,837,605672,2026
3784,JVC,Villa,2,1,3880,4532420,2024
3785,JVC,Townhouse,5,5,4928,4871982,2026
3786,JVC,Villa,1,1,2926,2975715,2023
3787,Deira,Villa,4,4,1172,868002,2024
3788,Downtown Dubai,Villa,2,3,448,1264471,2025
3789,Palm Jumeirah,Apartment,2,3,4888,12789185,2026
3790,Dubai Marina,Apartment,1,1,1821,2732657,2024
3791,Downtown Dubai,Villa,1,2,870,2312271,2025
3792,Al Barsha,Apartment,1,1,1173,940802,2025
3793,Business Bay,Villa,5,5,1536,2822135,2025
3794,Al Barsha,Villa,5,5,3399,2721600,2023
3795,Deira,Apartment,3,4,4496,3065757,2025
3796,Dubai Silicon Oasis,Villa,1,1,1628,1465777,2025
3797,Downtown Dubai,Townhouse,5,6,3545,8373499,2026
3798,Dubai Silicon Oasis,Penthouse,4,4,652,563292,2026
3799,Dubai Silicon Oasis,Villa,3,4,396,278363,2024
3800,Business Bay,Townhouse,5,6,605,974366,2024
3801,Downtown Dubai,Apartment,3,3,4642,11795470,2025
3802,Downtown Dubai,Villa,2,1,3055,5455090,2025
3803,Palm Jumeirah,Townhouse,4,5,4094,13481234,2025
3804,Dubai Marina,Villa,3,3,451,859316,2026
3805,Dubai Marina,Penthouse,4,4,453,792551,2023
3806,Palm Jumeirah,Penthouse,4,4,4296,12467692,2026
3807,Palm Jumeirah,Penthouse,5,4,827,2975894,2024
3808,Al Barsha,Villa,2,1,1072,1062350,2026
3809,Dubai Silicon Oasis,Apartment,1,2,2763,1856580,2025
3810,JVC,Townhouse,3,2,3170,3654749,2026
3811,JVC,Penthouse,4,4,1414,1101033,2024
3812,Downtown Dubai,Apartment,5,6,2417,6374110,2025
3813,Downtown Dubai,Penthouse,2,1,3488,6192377,2023
3814,Business Bay,Apartment,4,4,2409,4022400,2025
3815,Dubai Silicon Oasis,Townhouse,5,6,2129,1801287,2026
3816,Dubai Silicon Oasis,Penthouse,5,6,683,445256,2026
3817,Dubai Silicon Oasis,Apartment,5,4,2451,2288338,2025
3818,Business Bay,Villa,5,5,4082,6455659,2023
3819,Deira,Penthouse,4,3,3264,2446070,2026
3820,Deira,Villa,2,2,4502,3769590,2024
3821,Downtown Dubai,Townhouse,3,2,936,2255970,2025
3822,Business Bay,Apartment,4,5,401,700655,2024
3823,Palm Jumeirah,Townhouse,2,1,2898,8416280,2026
3824,JVC,Townhouse,4,5,1180,873550,2024
3825,Business Bay,Townhouse,3,3,3112,6647443,2024
3826,Business Bay,Townhouse,4,5,4553,8482884,2023
3827,Dubai Marina,Villa,3,2,1917,3850068,2025
3828,Al Barsha,Townhouse,4,3,2905,2963844,2024
3829,Dubai Silicon Oasis,Villa,1,1,3519,2776789,2026
3830,Al Barsha,Penthouse,4,5,1047,862023,2026
3831,Dubai Silicon Oasis,Townhouse,5,6,4522,3199752,2026
3832,Business Bay,Villa,5,6,1292,2224457,2024
3833,Dubai Marina,Penthouse,5,5,4108,6809150,2025
3834,JVC,Villa,2,3,3418,2529316,2025
3835,Al Barsha,Penthouse,1,1,1005,1078372,2026
3836,Downtown Dubai,Penthouse,4,5,3720,8446353,2024
3837,Palm Jumeirah,Townhouse,1,2,1263,3829491,2024
3838,Dubai Marina,Villa,2,3,3137,6731394,2024
3839,JVC,Villa,4,4,4812,4762857,2025
3840,Dubai Marina,Penthouse,3,3,4782,6892170,2026
3841,Dubai Marina,Villa,4,4,4401,9355288,2024
3842,Downtown Dubai,Townhouse,4,5,2647,6063870,2025
3843,Palm Jumeirah,Penthouse,1,2,2951,9370077,2024
3844,Deira,Apartment,4,5,1746,1521377,2023
3845,JVC,Apartment,3,4,4632,3562697,2026
3846,Al Barsha,Penthouse,3,4,2569,2825134,2026
3847,Business Bay,Penthouse,3,4,3938,6300153,2026
3848,Deira,Villa,3,4,2022,1158300,2025
3849,Palm Jumeirah,Apartment,3,4,3792,11588626,2026
3850,Deira,Townhouse,2,1,1393,918355,2025
3851,Dubai Silicon Oasis,Townhouse,2,3,3762,2409926,2025
3852,Dubai Silicon Oasis,Villa,1,1,563,471331,2023
3853,Palm Jumeirah,Apartment,2,3,837,2399415,2023
3854,Dubai Silicon Oasis,Townhouse,2,2,1987,1616721,2024
3855,Deira,Villa,3,3,2591,1461598,2025
3856,JVC,Townhouse,5,6,3658,3295133,2026
3857,Dubai Silicon Oasis,Townhouse,1,1,2019,1672058,2025
3858,Downtown Dubai,Villa,2,3,435,988591,2024
3859,Business Bay,Townhouse,1,1,1863,3668968,2026
3860,Downtown Dubai,Penthouse,5,6,2392,6818193,2023
3861,Al Barsha,Townhouse,4,4,2878,2342493,2026
3862,Dubai Silicon Oasis,Apartment,2,3,3344,2669885,2024
3863,Al Barsha,Townhouse,3,2,1501,1843766,2025
3864,Dubai Marina,Villa,4,4,3188,6385969,2024
3865,JVC,Townhouse,5,5,3286,3820371,2024
3866,JVC,Apartment,3,2,3961,4123548,2025
3867,Dubai Marina,Townhouse,2,2,2777,5808991,2025
3868,Palm Jumeirah,Townhouse,4,4,4118,10353174,2023
3869,Dubai Marina,Apartment,4,5,1380,2329066,2025
3870,Palm Jumeirah,Villa,4,5,3659,11985839,2023
3871,Palm Jumeirah,Villa,1,1,563,1792360,2026
3872,Palm Jumeirah,Townhouse,4,4,828,2934338,2025
3873,Dubai Silicon Oasis,Townhouse,1,1,4370,4533713,2025
3874,Al Barsha,Townhouse,5,6,2558,2310902,2025
3875,JVC,Penthouse,5,6,3236,2953754,2026
3876,Palm Jumeirah,Penthouse,3,4,3155,11674320,2023
3877,Al Barsha,Villa,4,4,3581,4365506,2025
3878,Al Barsha,Penthouse,1,1,1491,1802017,2026
3879,Deira,Villa,5,6,1178,915468,2025
3880,Dubai Marina,Penthouse,2,3,547,1276629,2023
3881,Business Bay,Villa,2,1,4371,7274296,2024
3882,Al Barsha,Villa,4,4,1389,1191966,2026
3883,Dubai Marina,Townhouse,5,5,3024,4715335,2023
3884,Palm Jumeirah,Townhouse,3,3,2465,7526970,2023
3885,Palm Jumeirah,Apartment,3,3,1104,3982597,2026
3886,Downtown Dubai,Apartment,3,2,2274,5134989,2026
3887,JVC,Penthouse,2,2,736,732410,2025
3888,Dubai Silicon Oasis,Apartment,3,2,1171,917137,2023
3889,Palm Jumeirah,Villa,5,4,999,3468774,2025
3890,Dubai Silicon Oasis,Villa,2,1,4183,2933356,2026
3891,Business Bay,Villa,4,4,2988,5384669,2024
3892,Al Barsha,Villa,4,4,4654,4153996,2024
3893,Palm Jumeirah,Penthouse,5,5,2377,7375565,2026
3894,Dubai Silicon Oasis,Townhouse,4,3,1286,1044486,2026
3895,JVC,Penthouse,5,6,3179,3153736,2025
3896,Business Bay,Villa,4,4,4672,8377426,2026
3897,Dubai Marina,Villa,5,5,2826,6551139,2025
3898,Downtown Dubai,Townhouse,4,4,433,1190898,2026
3899,Downtown Dubai,Apartment,5,5,1761,3669018,2023
3900,Downtown Dubai,Penthouse,5,5,4651,8805712,2025
3901,JVC,Penthouse,5,6,2760,2067621,2025
3902,Al Barsha,Apartment,3,4,4776,4293609,2025
3903,Business Bay,Apartment,4,5,2718,4209614,2024
3904,Al Barsha,Villa,5,5,406,505202,2025
3905,Al Barsha,Apartment,2,2,4409,5566011,2025
3906,Dubai Silicon Oasis,Apartment,1,1,3898,2854069,2024
3907,Palm Jumeirah,Penthouse,5,5,3675,13002505,2025
3908,Al Barsha,Apartment,4,5,4861,5920124,2025
3909,Business Bay,Villa,3,2,1262,2121275,2025
3910,Deira,Penthouse,4,5,4562,3946394,2025
3911,Al Barsha,Villa,1,2,1431,1852180,2024
3912,Downtown Dubai,Apartment,3,3,4863,13735906,2023
3913,Dubai Marina,Apartment,2,2,1240,2613568,2026
3914,Downtown Dubai,Apartment,2,3,2909,6309123,2026
3915,Deira,Townhouse,5,4,4020,2570596,2025
3916,Business Bay,Villa,3,2,713,1571408,2025
3917,JVC,Apartment,1,1,660,557223,2023
3918,Al Barsha,Villa,2,3,4301,4383541,2025
3919,Dubai Marina,Villa,2,2,630,1056958,2025
3920,Downtown Dubai,Townhouse,5,4,3204,7387561,2025
3921,Business Bay,Villa,2,1,4712,6850418,2024
3922,Dubai Silicon Oasis,Penthouse,2,2,3208,3091301,2023
3923,Deira,Villa,2,2,2586,1905332,2026
3924,Deira,Townhouse,1,1,2290,1618631,2025
3925,Deira,Townhouse,4,3,3317,2279112,2026
3926,JVC,Villa,3,4,3009,2951536,2025
3927,Business Bay,Apartment,3,4,2683,5427453,2026
3928,Dubai Silicon Oasis,Townhouse,2,1,1064,1065089,2024
3929,Deira,Penthouse,4,4,3431,2931897,2023
3930,Palm Jumeirah,Penthouse,1,1,3789,11625674,2025
3931,Dubai Marina,Penthouse,5,5,3646,7986901,2025
3932,Deira,Apartment,3,2,698,520020,2023
3933,JVC,Villa,2,3,3618,3643977,2025
3934,Business Bay,Townhouse,3,4,3743,7236627,2024
3935,Deira,Townhouse,5,6,1202,841266,2023
3936,Business Bay,Townhouse,1,1,4297,7619204,2026
3937,Palm Jumeirah,Apartment,3,4,2785,9577290,2025
3938,Dubai Marina,Townhouse,3,3,2546,4371826,2024
3939,Downtown Dubai,Townhouse,5,4,3710,9577753,2023
3940,Palm Jumeirah,Apartment,3,2,2720,7972740,2026
3941,Dubai Silicon Oasis,Townhouse,4,5,2883,2520306,2026
3942,Al Barsha,Townhouse,4,5,1801,2195079,2024
3943,Business Bay,Penthouse,5,6,4664,6435033,2025
3944,Dubai Silicon Oasis,Penthouse,2,1,4857,3575412,2025
3945,JVC,Villa,4,4,956,929734,2023
3946,Dubai Silicon Oasis,Townhouse,2,3,3759,2565295,2025
3947,Business Bay,Townhouse,5,4,458,702920,2024
3948,Dubai Marina,Apartment,5,4,2065,4365782,2024
3949,Dubai Marina,Penthouse,2,1,4860,7111349,2025
3950,Dubai Silicon Oasis,Apartment,3,2,1162,1027225,2024
3951,Deira,Penthouse,5,6,2103,1202821,2025
3952,Downtown Dubai,Townhouse,1,1,1371,2587784,2024
3953,Dubai Silicon Oasis,Penthouse,4,3,3736,2974365,2025
3954,Dubai Marina,Townhouse,5,4,2507,5786887,2026
3955,JVC,Apartment,5,6,3107,3000216,2025
3956,Deira,Penthouse,1,1,4732,3167025,2025
3957,Dubai Marina,Villa,4,5,2772,5017856,2025
3958,Dubai Silicon Oasis,Villa,4,3,3763,3264435,2026
3959,Deira,Penthouse,1,1,805,625320,2025
3960,Dubai Silicon Oasis,Apartment,4,5,1350,1008667,2023
3961,Al Barsha,Townhouse,4,5,4752,4270371,2023
3962,Al Barsha,Penthouse,5,5,4346,4553107,2025
3963,Downtown Dubai,Townhouse,1,1,3403,8403151,2026
3964,Downtown Dubai,Townhouse,5,4,2108,5603565,2023
3965,Downtown Dubai,Townhouse,3,3,1279,3085043,2025
3966,Downtown Dubai,Townhouse,2,2,4310,10868429,2025
3967,Deira,Apartment,2,1,4001,2918300,2025
3968,Dubai Marina,Townhouse,4,3,1473,2872419,2025
3969,Business Bay,Penthouse,5,5,3092,5875203,2024
3970,Palm Jumeirah,Villa,2,1,3226,8886006,2025
3971,Palm Jumeirah,Penthouse,5,5,2570,9768855,2026
3972,Business Bay,Apartment,4,3,4659,7703833,2026
3973,Downtown Dubai,Apartment,1,1,927,2248120,2025
3974,Dubai Marina,Apartment,3,2,1549,3012586,2024
3975,Dubai Silicon Oasis,Townhouse,5,5,791,776238,2025
3976,Business Bay,Villa,1,1,3572,5202845,2026
3977,Palm Jumeirah,Townhouse,1,1,3344,12460902,2025
3978,Palm Jumeirah,Townhouse,1,2,4941,12873887,2024
3979,JVC,Villa,3,4,2871,2253846,2024
3980,Deira,Villa,1,2,1050,904878,2025
3981,Business Bay,Penthouse,5,6,2446,3861100,2025
3982,Business Bay,Penthouse,1,2,761,1430694,2023
3983,Al Barsha,Villa,1,2,3469,3579332,2025
3984,JVC,Apartment,2,1,3485,3974363,2026
3985,Deira,Penthouse,4,4,4338,3616718,2023
3986,Deira,Townhouse,5,6,1929,1306411,2025
3987,Dubai Marina,Villa,2,3,1792,3892397,2026
3988,Deira,Townhouse,3,3,681,435176,2026
3989,Al Barsha,Townhouse,4,3,2280,2525751,2024
3990,JVC,Apartment,4,3,2560,2709024,2024
3991,Dubai Silicon Oasis,Penthouse,1,1,3858,3554234,2025
3992,Dubai Marina,Townhouse,5,6,3855,7829558,2024
3993,Downtown Dubai,Apartment,5,5,1002,2678311,2025
3994,Dubai Silicon Oasis,Penthouse,4,3,1675,1444659,2025
3995,Al Barsha,Penthouse,3,4,2728,3448666,2026
3996,Al Barsha,Penthouse,2,2,1907,1663676,2025
3997,Palm Jumeirah,Townhouse,5,5,468,1372907,2026
3998,Downtown Dubai,Villa,5,6,4282,11224368,2025
3999,Business Bay,Townhouse,3,3,3750,6081927,2025
4000,Palm Jumeirah,Townhouse,4,4,2768,8482324,2023
4001,Dubai Marina,Townhouse,2,3,1826,3899590,2026
4002,Palm Jumeirah,Apartment,4,4,4268,13691124,2025
4003,Dubai Marina,Villa,1,1,514,826951,2024
4004,Downtown Dubai,Villa,5,5,2425,4734381,2024
4005,Downtown Dubai,Townhouse,3,4,4074,8520182,2025
4006,Downtown Dubai,Villa,3,2,4781,10008133,2023
4007,Dubai Marina,Townhouse,1,1,1519,2374207,2026
4008,Dubai Silicon Oasis,Penthouse,3,4,3376,3287765,2024
4009,Al Barsha,Villa,1,1,1232,1159698,2025
4010,Palm Jumeirah,Townhouse,5,4,888,3199792,2024
4011,JVC,Apartment,4,4,1991,2305682,2025
4012,Downtown Dubai,Apartment,3,2,4465,9488828,2026
4013,Dubai Silicon Oasis,Apartment,5,5,3556,3655896,2024
4014,Al Barsha,Penthouse,5,4,2625,2350951,2023
4015,Al Barsha,Villa,1,1,1665,1871004,2023
4016,Business Bay,Townhouse,1,2,1008,2220123,2023
4017,Dubai Marina,Townhouse,2,1,1609,3487563,2025
4018,Deira,Apartment,1,2,1060,678818,2023
4019,Business Bay,Apartment,3,2,1219,1924475,2025
4020,JVC,Penthouse,3,3,3547,2972718,2025
4021,JVC,Penthouse,3,4,967,1106583,2026
4022,Dubai Marina,Townhouse,1,2,570,946696,2024
4023,Al Barsha,Villa,5,4,2871,3028352,2026
4024,Downtown Dubai,Villa,5,4,1682,3607685,2026
4025,Al Barsha,Penthouse,3,4,2464,2416283,2025
4026,Dubai Silicon Oasis,Apartment,1,2,1000,803287,2025
4027,Dubai Marina,Apartment,2,2,1326,2321216,2025
4028,Palm Jumeirah,Villa,4,3,2401,7923039,2023
4029,Dubai Marina,Apartment,4,4,3558,6485965,2026
4030,Al Barsha,Apartment,2,2,2276,2322671,2026
4031,Palm Jumeirah,Villa,5,5,2868,9059986,2024
4032,Dubai Marina,Penthouse,5,4,2776,4887316,2024
4033,Al Barsha,Townhouse,3,2,1600,1883647,2023
4034,Al Barsha,Villa,2,3,1650,1735372,2025
4035,Dubai Silicon Oasis,Villa,3,2,2329,1964941,2026
4036,Business Bay,Villa,1,2,499,767645,2023
4037,Dubai Silicon Oasis,Villa,3,3,3537,2307307,2025
4038,Deira,Penthouse,1,1,3206,2703447,2026
4039,Palm Jumeirah,Penthouse,1,2,1773,6530353,2024
4040,JVC,Penthouse,3,2,2087,1729206,2025
4041,JVC,Villa,3,4,1878,1656423,2025
4042,Palm Jumeirah,Penthouse,5,4,3378,9921276,2023
4043,Deira,Townhouse,3,3,3882,3103559,2025
4044,Dubai Marina,Penthouse,5,5,855,1375278,2023
4045,Business Bay,Apartment,5,5,2271,4977819,2025
4046,Dubai Marina,Penthouse,2,1,414,619209,2024
4047,Business Bay,Penthouse,5,6,2452,5364246,2026
4048,Al Barsha,Penthouse,3,2,1504,1254924,2025
4049,Deira,Townhouse,3,3,1911,1282529,2026
4050,Dubai Marina,Villa,1,1,2472,4117422,2025
4051,Deira,Apartment,2,2,1855,1207367,2025
4052,Dubai Marina,Apartment,3,3,2182,5095411,2024
4053,Dubai Marina,Penthouse,2,3,3906,7235929,2025
4054,Dubai Silicon Oasis,Apartment,3,4,4117,2831689,2025
4055,Dubai Marina,Villa,1,1,377,876167,2025
4056,JVC,Villa,2,2,2106,1746294,2025
4057,Downtown Dubai,Townhouse,4,4,4288,7889069,2023
4058,Palm Jumeirah,Villa,4,4,2816,6860538,2023
4059,Palm Jumeirah,Apartment,5,6,1304,4035679,2023
4060,Al Barsha,Villa,5,5,3109,3914747,2023
4061,Dubai Silicon Oasis,Villa,5,5,1023,661660,2026
4062,Deira,Apartment,1,1,451,367029,2025
4063,Business Bay,Villa,4,4,3290,5202669,2025
4064,Dubai Marina,Townhouse,2,2,2745,4493988,2023
4065,Dubai Silicon Oasis,Villa,2,2,3867,3563502,2026
4066,Palm Jumeirah,Villa,2,3,1953,6878094,2023
4067,Downtown Dubai,Penthouse,3,2,4322,10264390,2024
4068,Palm Jumeirah,Villa,1,1,2308,6239408,2026
4069,Business Bay,Penthouse,3,3,3781,5162433,2025
4070,JVC,Townhouse,1,1,816,858248,2023
4071,Business Bay,Townhouse,3,4,801,1497607,2023
4072,Al Barsha,Villa,4,5,3990,4034979,2025
4073,Downtown Dubai,Penthouse,1,1,4228,8434606,2025
4074,Dubai Silicon Oasis,Villa,1,1,4732,4470669,2024
4075,Dubai Marina,Townhouse,5,4,1859,2795574,2025
4076,Downtown Dubai,Apartment,4,4,453,1117538,2024
4077,Deira,Villa,2,3,4906,3929408,2025
4078,Downtown Dubai,Townhouse,5,6,3146,6309564,2025
4079,Al Barsha,Penthouse,2,3,1499,1561452,2026
4080,Deira,Penthouse,5,5,3901,2894814,2024
4081,Business Bay,Apartment,1,1,4553,8480370,2023
4082,Business Bay,Apartment,4,3,1674,3558940,2023
4083,Dubai Silicon Oasis,Penthouse,1,2,3928,3372447,2024
4084,Al Barsha,Penthouse,1,2,4012,3344640,2024
4085,Deira,Apartment,3,3,2682,1825745,2023
4086,Downtown Dubai,Penthouse,1,2,3290,8064314,2026
4087,Palm Jumeirah,Penthouse,3,2,1603,4648236,2026
4088,Dubai Marina,Penthouse,2,1,4670,9952452,2025
4089,JVC,Apartment,1,1,4921,3963656,2024
4090,Deira,Penthouse,5,4,4911,2995964,2025
4091,Business Bay,Villa,5,4,3777,5878438,2025
4092,Dubai Silicon Oasis,Townhouse,5,6,546,540776,2025
4093,Dubai Silicon Oasis,Villa,1,1,2054,1874015,2023
4094,Dubai Marina,Apartment,2,2,2418,4613649,2026
4095,Dubai Silicon Oasis,Townhouse,2,3,4813,3658529,2024
4096,Al Barsha,Apartment,2,2,2893,3643141,2024
4097,Dubai Marina,Villa,3,3,2843,6368032,2024
4098,Business Bay,Apartment,3,3,1032,1753874,2024
4099,Dubai Silicon Oasis,Penthouse,3,3,4040,3802001,2026
4100,Dubai Marina,Villa,2,3,1913,4327602,2025
4101,Dubai Marina,Apartment,5,5,777,1338008,2026
4102,Palm Jumeirah,Penthouse,5,5,4942,14297589,2026
4103,Dubai Silicon Oasis,Townhouse,2,2,1233,1058311,2025
4104,JVC,Apartment,2,1,425,384100,2026
4105,Al Barsha,Villa,3,2,711,839505,2026
4106,Deira,Townhouse,2,1,2454,1835409,2024
4107,Downtown Dubai,Penthouse,5,4,828,1650237,2024
4108,JVC,Penthouse,3,3,4268,3757437,2025
4109,Palm Jumeirah,Penthouse,1,2,2732,9307537,2025
4110,Business Bay,Apartment,1,2,1856,2608457,2026
4111,Downtown Dubai,Villa,1,2,364,777643,2024
4112,Downtown Dubai,Apartment,2,2,2581,4588258,2026
4113,Palm Jumeirah,Villa,2,1,1053,3823759,2025
4114,Al Barsha,Villa,5,5,4897,4204539,2024
4115,Business Bay,Villa,5,6,1703,2427837,2025
4116,Dubai Silicon Oasis,Apartment,1,2,2558,2441961,2026
4117,Deira,Villa,5,6,436,257818,2024
4118,Business Bay,Villa,3,3,958,1860074,2024
4119,Deira,Penthouse,2,2,1314,910539,2025
4120,Business Bay,Villa,3,3,590,1214482,2025
4121,Al Barsha,Apartment,3,2,3725,3320560,2024
4122,Dubai Silicon Oasis,Townhouse,1,1,4746,3197697,2026
4123,Al Barsha,Villa,5,4,4931,4507938,2024
4124,Downtown Dubai,Apartment,1,2,1586,4417562,2024
4125,Dubai Marina,Townhouse,1,1,4017,8782001,2026
4126,Al Barsha,Townhouse,2,3,2693,2539212,2025
4127,Al Barsha,Villa,1,1,563,508421,2025
4128,Palm Jumeirah,Apartment,1,2,771,2031787,2024
4129,Downtown Dubai,Villa,2,1,2897,5803628,2024
4130,Dubai Silicon Oasis,Villa,2,1,2319,1674358,2023
4131,Business Bay,Penthouse,1,1,388,820604,2026
4132,JVC,Apartment,5,5,4674,3407316,2023
4133,JVC,Apartment,5,5,3746,4180742,2023
4134,JVC,Penthouse,4,3,2686,1983990,2026
4135,JVC,Penthouse,3,4,4939,5393761,2026
4136,JVC,Townhouse,5,6,4865,4434867,2025
4137,Deira,Villa,2,1,4878,2863493,2024
4138,Dubai Marina,Apartment,3,2,1553,3353089,2024
4139,JVC,Penthouse,1,2,4446,3714178,2026
4140,Downtown Dubai,Townhouse,4,4,2696,7348839,2025
4141,Deira,Villa,1,2,3726,3067579,2026
4142,Dubai Silicon Oasis,Villa,4,5,4346,4488149,2025
4143,Al Barsha,Apartment,4,5,1109,1348473,2026
4144,Downtown Dubai,Penthouse,2,1,2434,4928990,2026
4145,Palm Jumeirah,Apartment,4,4,949,2860117,2024
4146,Dubai Marina,Penthouse,2,2,1649,3408429,2024
4147,Business Bay,Apartment,2,3,2272,3700304,2023
4148,JVC,Apartment,3,2,4327,4179564,2025
4149,Palm Jumeirah,Apartment,2,1,4361,12020968,2024
4150,Business Bay,Villa,4,4,2162,4158624,2024
4151,Deira,Apartment,2,3,1880,1277924,2025
4152,Palm Jumeirah,Villa,3,4,2817,6993954,2025
4153,Dubai Silicon Oasis,Penthouse,5,5,4590,4714433,2025
4154,Dubai Marina,Townhouse,2,2,4890,10755619,2026
4155,Dubai Silicon Oasis,Villa,3,2,1404,1069127,2024
4156,Al Barsha,Apartment,5,6,1217,1052476,2025
4157,Deira,Apartment,2,1,3636,2971808,2025
4158,Al Barsha,Townhouse,1,1,1751,1593999,2025
4159,Dubai Marina,Villa,2,2,1278,2536713,2025
4160,Downtown Dubai,Penthouse,5,5,494,1292791,2025
4161,Dubai Marina,Villa,4,4,2224,3747843,2026
4162,Al Barsha,Villa,5,6,2172,2046715,2026
4163,JVC,Townhouse,2,1,2968,2219249,2026
4164,JVC,Penthouse,5,6,1280,1105832,2026
4165,Palm Jumeirah,Penthouse,2,1,3671,12100264,2025
4166,Business Bay,Apartment,4,3,3512,5241404,2025
4167,Deira,Villa,5,4,2499,2233053,2025
4168,Dubai Silicon Oasis,Penthouse,2,3,1193,1108256,2025
4169,JVC,Penthouse,5,6,2707,2197421,2023
4170,Dubai Silicon Oasis,Penthouse,4,5,3487,2971784,2024
4171,Palm Jumeirah,Apartment,4,3,2083,6222257,2026
4172,Business Bay,Villa,4,5,1575,2653875,2025
4173,Dubai Silicon Oasis,Penthouse,1,1,2705,2337107,2023
4174,Business Bay,Apartment,4,4,2001,2905308,2025
4175,Downtown Dubai,Townhouse,2,3,2212,4417021,2024
4176,JVC,Townhouse,2,1,1972,1552666,2026
4177,Al Barsha,Townhouse,1,1,1761,1561988,2023
4178,Palm Jumeirah,Townhouse,1,1,3682,12455565,2025
4179,Palm Jumeirah,Apartment,5,6,2490,9696675,2025
4180,Deira,Apartment,2,2,2519,1984687,2025
4181,Downtown Dubai,Villa,2,1,3386,9627061,2024
4182,Dubai Marina,Penthouse,3,3,2030,3977392,2026
4183,Business Bay,Penthouse,4,5,819,1311065,2026
4184,Dubai Silicon Oasis,Penthouse,3,2,4314,4266209,2024
4185,Downtown Dubai,Apartment,3,3,609,1116851,2024
4186,Deira,Penthouse,5,4,3009,1792911,2025
4187,Dubai Silicon Oasis,Townhouse,3,2,1586,1616212,2024
4188,Dubai Marina,Villa,4,4,1344,2721824,2024
4189,Downtown Dubai,Townhouse,5,5,545,1516112,2025
4190,Al Barsha,Villa,4,4,4535,3929320,2025
4191,Dubai Marina,Villa,1,1,2345,4998214,2026
4192,Deira,Apartment,2,2,1943,1247762,2026
4193,Al Barsha,Townhouse,4,4,3796,3688486,2025
4194,JVC,Villa,3,3,531,597133,2023
4195,JVC,Penthouse,2,2,2975,2692568,2024
4196,Palm Jumeirah,Apartment,2,1,2649,9021977,2024
4197,Palm Jumeirah,Villa,1,1,2923,10905461,2025
4198,Al Barsha,Apartment,2,3,926,1144014,2025
4199,Palm Jumeirah,Apartment,4,4,4779,11533451,2026
4200,Dubai Silicon Oasis,Townhouse,1,1,1458,1025391,2025
4201,Downtown Dubai,Penthouse,5,6,3504,9707775,2023
4202,JVC,Apartment,2,1,3824,3721085,2025
4203,Downtown Dubai,Apartment,5,6,1949,4459740,2024
4204,Deira,Apartment,2,2,957,557778,2024
4205,Dubai Marina,Penthouse,5,6,1729,2528743,2024
4206,Al Barsha,Townhouse,3,3,4102,5237053,2024
4207,Al Barsha,Villa,5,5,4565,4733565,2024
4208,Dubai Silicon Oasis,Townhouse,1,1,4706,4492191,2025
4209,Dubai Silicon Oasis,Apartment,4,3,1402,1020656,2026
4210,Dubai Marina,Penthouse,2,2,3170,5241166,2026
4211,Deira,Apartment,2,3,1052,795406,2024
4212,Palm Jumeirah,Townhouse,1,1,3653,13567383,2025
4213,Deira,Apartment,5,4,2283,1509069,2026
4214,Al Barsha,Apartment,4,5,3668,3537419,2026
4215,Palm Jumeirah,Townhouse,5,4,3535,11403706,2026
4216,Dubai Marina,Townhouse,3,2,4966,7329840,2025
4217,Al Barsha,Villa,1,1,2622,2594157,2026
4218,Business Bay,Townhouse,2,1,1938,3552044,2025
4219,Business Bay,Penthouse,3,2,2799,3818123,2023
4220,Palm Jumeirah,Villa,1,1,1107,3716204,2023
4221,Dubai Silicon Oasis,Penthouse,5,6,869,573874,2026
4222,Palm Jumeirah,Apartment,5,5,2764,9618549,2026
4223,Downtown Dubai,Penthouse,3,2,4188,11064052,2025
4224,Deira,Penthouse,3,3,2829,2414772,2025
4225,Deira,Villa,4,5,3985,3170808,2024
4226,Dubai Marina,Apartment,4,5,1177,2289751,2025
4227,Palm Jumeirah,Villa,1,1,2439,6978813,2025
4228,Al Barsha,Villa,3,2,3200,3239381,2024
4229,Dubai Silicon Oasis,Townhouse,4,5,1966,1326700,2025
4230,JVC,Apartment,5,5,415,430851,2025
4231,Palm Jumeirah,Apartment,3,4,691,1683985,2026
4232,Al Barsha,Penthouse,5,4,4663,4694328,2026
4233,Palm Jumeirah,Penthouse,3,2,3163,9992916,2024
4234,Business Bay,Townhouse,2,2,1580,3021870,2024
4235,Downtown Dubai,Penthouse,3,2,1553,3319566,2024
4236,Dubai Marina,Penthouse,4,5,533,979925,2023
4237,Deira,Penthouse,5,6,4743,3631153,2025
4238,Dubai Silicon Oasis,Penthouse,2,1,853,860907,2025
4239,Palm Jumeirah,Apartment,2,2,3881,13226285,2023
4240,Al Barsha,Penthouse,4,4,1467,1360227,2026
4241,Deira,Penthouse,4,4,1910,1635995,2026
4242,JVC,Apartment,2,2,1623,1208776,2024
4243,Palm Jumeirah,Apartment,4,4,4184,11750548,2025
4244,JVC,Villa,1,2,502,385871,2024
4245,Downtown Dubai,Penthouse,2,1,1988,4476464,2025
4246,Palm Jumeirah,Penthouse,5,4,1648,5529684,2025
4247,Deira,Townhouse,3,4,1619,1207528,2023
4248,Dubai Silicon Oasis,Penthouse,5,6,1247,1202737,2025
4249,Downtown Dubai,Apartment,2,2,4592,10948416,2026
4250,JVC,Penthouse,2,3,2110,1740117,2025
4251,Downtown Dubai,Penthouse,5,4,2294,5391046,2025
4252,Dubai Silicon Oasis,Penthouse,5,6,2141,2000113,2026
4253,Al Barsha,Villa,5,6,4908,5160647,2026
4254,JVC,Townhouse,2,1,1926,1769775,2026
4255,Dubai Silicon Oasis,Villa,5,4,1938,1650476,2023
4256,Deira,Villa,3,3,1874,1408911,2023
4257,Business Bay,Penthouse,5,6,1870,3036830,2026
4258,Business Bay,Townhouse,5,4,767,1600032,2026
4259,Palm Jumeirah,Penthouse,3,3,3159,8565705,2025
4260,Dubai Marina,Villa,2,3,467,686279,2026
4261,Downtown Dubai,Apartment,5,4,1400,3605898,2025
4262,Dubai Silicon Oasis,Apartment,3,3,1289,1259256,2023
4263,Downtown Dubai,Townhouse,3,2,1705,4206251,2026
4264,Downtown Dubai,Villa,4,3,3868,8802947,2026
4265,Al Barsha,Villa,5,5,3137,4039209,2025
4266,Dubai Silicon Oasis,Apartment,1,1,4957,3907623,2025
4267,Al Barsha,Penthouse,5,4,1983,1988847,2024
4268,Dubai Marina,Apartment,3,4,4667,9203330,2025
4269,Al Barsha,Townhouse,1,1,558,566489,2025
4270,JVC,Villa,2,3,2694,2612868,2025
4271,Dubai Marina,Penthouse,3,2,4064,9387463,2025
4272,Dubai Silicon Oasis,Townhouse,4,4,2822,2074168,2023
4273,JVC,Apartment,3,4,4689,3689555,2023
4274,Deira,Townhouse,1,1,1812,1283336,2023
4275,Dubai Marina,Apartment,3,3,504,954373,2025
4276,Downtown Dubai,Townhouse,2,3,3948,10045750,2025
4277,Dubai Silicon Oasis,Apartment,2,1,666,680698,2025
4278,Palm Jumeirah,Townhouse,4,5,3906,13409319,2025
4279,Dubai Silicon Oasis,Villa,5,6,3760,3891111,2023
4280,Downtown Dubai,Villa,1,2,4275,8682407,2026
4281,Dubai Silicon Oasis,Penthouse,4,4,2577,1864603,2025
4282,Al Barsha,Villa,3,3,4514,4303048,2025
4283,Dubai Silicon Oasis,Apartment,2,2,1139,1087573,2023
4284,Dubai Marina,Townhouse,4,4,2369,3809028,2025
4285,Dubai Marina,Penthouse,2,3,916,1480779,2025
4286,Palm Jumeirah,Apartment,4,5,3915,11813918,2026
4287,Dubai Marina,Villa,3,2,3671,6335374,2023
4288,Dubai Marina,Townhouse,1,1,4099,8287482,2025
4289,Al Barsha,Apartment,4,5,3904,4860806,2026
4290,Deira,Penthouse,5,5,1784,1085619,2026
4291,Al Barsha,Apartment,3,3,666,714869,2026
4292,Dubai Silicon Oasis,Villa,4,3,4670,3153932,2023
4293,Downtown Dubai,Townhouse,1,1,2641,5291620,2025
4294,Al Barsha,Penthouse,2,2,788,752186,2024
4295,Dubai Marina,Villa,2,3,4660,9139157,2025
4296,JVC,Villa,4,5,4973,4822295,2025
4297,JVC,Penthouse,2,3,2421,2443708,2025
4298,Downtown Dubai,Townhouse,4,3,3930,10456932,2026
4299,Deira,Apartment,2,1,518,324024,2026
4300,Dubai Marina,Penthouse,4,4,783,1651381,2024
4301,Al Barsha,Apartment,2,2,1636,1854423,2026
4302,Al Barsha,Townhouse,3,2,3401,2856348,2026
4303,Deira,Penthouse,1,1,970,660224,2025
4304,Dubai Marina,Townhouse,4,5,508,744184,2024
4305,Palm Jumeirah,Penthouse,1,1,3459,8769521,2024
4306,Deira,Townhouse,5,6,3931,2591808,2025
4307,JVC,Townhouse,5,5,3787,3140946,2023
4308,JVC,Apartment,3,3,4066,4574567,2024
4309,Business Bay,Apartment,5,5,4083,8654817,2023
4310,Dubai Silicon Oasis,Townhouse,5,6,3151,2744984,2025
4311,Dubai Marina,Townhouse,1,1,2765,5810735,2025
4312,Palm Jumeirah,Townhouse,4,3,4334,16900008,2023
4313,JVC,Apartment,2,1,1968,1780226,2026
4314,Palm Jumeirah,Apartment,5,6,805,2562828,2023
4315,Dubai Marina,Apartment,5,4,3846,7792130,2024
4316,Dubai Silicon Oasis,Apartment,5,6,1633,1646428,2025
4317,Business Bay,Apartment,3,3,4901,9985611,2025
4318,Dubai Silicon Oasis,Penthouse,1,1,2275,1514623,2024
4319,Downtown Dubai,Penthouse,1,1,4310,10965697,2025
4320,Palm Jumeirah,Apartment,1,2,547,1519513,2024
4321,Deira,Villa,5,4,3415,2217071,2024
4322,Al Barsha,Penthouse,3,2,2434,2613188,2025
4323,Dubai Marina,Villa,2,1,2501,5168743,2023
4324,Deira,Villa,3,3,1583,974700,2026
4325,Downtown Dubai,Villa,1,2,4866,10247614,2025
4326,Business Bay,Villa,3,2,2176,4283897,2023
4327,Dubai Marina,Townhouse,3,4,4304,6786554,2026
4328,Dubai Marina,Townhouse,4,5,2326,5128219,2025
4329,Al Barsha,Townhouse,1,1,574,590084,2025
4330,Deira,Townhouse,5,4,4439,3396263,2026
4331,Dubai Silicon Oasis,Villa,1,1,1210,813312,2025
4332,Deira,Villa,3,2,1607,1436779,2024
4333,Palm Jumeirah,Penthouse,2,1,4354,16376693,2026
4334,Dubai Marina,Villa,4,4,4505,7257874,2026
4335,Al Barsha,Penthouse,4,5,4612,5218713,2024
4336,Downtown Dubai,Villa,1,2,2330,6133559,2023
4337,Dubai Marina,Villa,3,3,3869,5996062,2025
4338,Deira,Townhouse,3,2,1874,1428191,2025
4339,Palm Jumeirah,Villa,3,2,3792,13938181,2024
4340,Downtown Dubai,Villa,1,1,2686,6224497,2026
4341,Palm Jumeirah,Villa,1,1,591,2237335,2024
4342,Deira,Townhouse,3,3,2292,1321866,2026
4343,Business Bay,Apartment,2,3,2524,5404714,2026
4344,Deira,Villa,3,4,1546,1394532,2024
4345,Palm Jumeirah,Penthouse,1,1,2091,5507512,2025
4346,JVC,Villa,4,3,2687,2455723,2023
4347,Downtown Dubai,Townhouse,1,1,581,1419290,2025
4348,JVC,Villa,4,4,1055,1183664,2025
4349,Al Barsha,Penthouse,5,4,3915,3444272,2026
4350,JVC,Apartment,2,3,1986,1728440,2025
4351,Deira,Penthouse,1,2,3178,2667217,2024
4352,JVC,Penthouse,1,1,2980,2695416,2023
4353,Palm Jumeirah,Villa,2,2,2913,9634500,2023
4354,Palm Jumeirah,Penthouse,1,1,2272,7361298,2025
4355,Business Bay,Penthouse,5,4,2597,5680147,2026
4356,Deira,Apartment,5,6,4181,2548469,2026
4357,Dubai Silicon Oasis,Townhouse,5,6,4837,4930722,2024
4358,Al Barsha,Apartment,5,4,1543,1669642,2026
4359,Dubai Silicon Oasis,Penthouse,3,3,3463,3468751,2024
4360,Dubai Marina,Penthouse,2,2,4859,7512732,2026
4361,Al Barsha,Villa,3,2,385,431489,2024
4362,Deira,Villa,2,1,3998,3414445,2024
4363,Business Bay,Penthouse,5,4,2660,5396739,2026
4364,JVC,Villa,3,4,4849,3512965,2025
4365,Dubai Marina,Townhouse,2,2,3038,5611140,2026
4366,Al Barsha,Townhouse,4,5,4247,3642538,2025
4367,Al Barsha,Villa,2,1,1121,982458,2024
4368,Dubai Marina,Villa,2,2,1010,2096415,2023
4369,Palm Jumeirah,Penthouse,2,2,4658,17862821,2025
4370,Palm Jumeirah,Villa,1,1,2798,9376506,2025
4371,Downtown Dubai,Villa,1,2,2946,5516723,2025
4372,Palm Jumeirah,Penthouse,3,3,1140,3153234,2024
4373,Al Barsha,Townhouse,5,4,1404,1389169,2024
4374,JVC,Townhouse,2,1,4154,3225210,2025
4375,Deira,Villa,4,4,1760,1507948,2023
4376,Dubai Silicon Oasis,Townhouse,2,1,3066,2200781,2025
4377,Business Bay,Apartment,2,1,1821,2677085,2023
4378,Dubai Marina,Apartment,1,1,1575,3296658,2026
4379,JVC,Penthouse,3,2,1121,871100,2025
4380,Downtown Dubai,Villa,4,3,4672,10331433,2024
4381,JVC,Penthouse,2,2,4721,4494291,2026
4382,Deira,Penthouse,3,3,885,520451,2025
4383,Downtown Dubai,Villa,3,2,1992,4723763,2025
4384,Palm Jumeirah,Penthouse,2,1,2971,9270250,2024
4385,Dubai Silicon Oasis,Townhouse,4,4,2132,1934505,2024
4386,JVC,Penthouse,3,2,3702,3030515,2026
4387,Dubai Silicon Oasis,Villa,1,2,1560,1220936,2023
4388,JVC,Apartment,3,3,623,633494,2025
4389,Palm Jumeirah,Townhouse,2,2,1916,4700704,2024
4390,Downtown Dubai,Penthouse,4,3,3130,5907481,2025
4391,JVC,Apartment,2,1,1189,1007794,2025
4392,Al Barsha,Apartment,5,4,4143,3534717,2023
4393,Palm Jumeirah,Penthouse,4,4,406,998463,2023
4394,Palm Jumeirah,Townhouse,1,1,664,2577032,2025
4395,Palm Jumeirah,Townhouse,3,4,2716,8375166,2025
4396,Downtown Dubai,Townhouse,5,4,2731,6409800,2026
4397,Dubai Silicon Oasis,Townhouse,2,2,1721,1276916,2025
4398,Business Bay,Villa,4,4,1552,2120861,2026
4399,Dubai Marina,Townhouse,4,4,674,1425949,2026
4400,Dubai Silicon Oasis,Villa,4,5,3432,3190048,2023
4401,Dubai Marina,Apartment,1,1,2112,4889885,2026
4402,Dubai Silicon Oasis,Townhouse,2,3,901,584245,2026
4403,JVC,Villa,2,1,2209,1726685,2025
4404,Dubai Marina,Penthouse,2,3,4707,9794923,2025
4405,Downtown Dubai,Villa,5,5,1564,3320498,2024
4406,Deira,Apartment,1,1,4510,2626265,2023
4407,Palm Jumeirah,Penthouse,3,3,1553,4428281,2024
4408,Downtown Dubai,Apartment,5,6,1214,2253777,2023
4409,JVC,Penthouse,5,4,1561,1712296,2025
4410,Downtown Dubai,Townhouse,4,4,1853,5048732,2025
4411,Deira,Villa,5,4,910,712449,2023
4412,Al Barsha,Apartment,3,3,3082,3059805,2024
4413,JVC,Apartment,4,3,1900,2025314,2023
4414,Dubai Silicon Oasis,Apartment,3,3,3688,3292041,2026
4415,Business Bay,Penthouse,1,1,2633,5353375,2026
4416,Dubai Marina,Apartment,1,1,2408,4574758,2023
4417,JVC,Apartment,5,5,2540,2924188,2026
4418,Al Barsha,Apartment,1,1,1076,1016838,2026
4419,Al Barsha,Townhouse,2,2,3664,4038066,2026
4420,Deira,Villa,4,3,834,702910,2026
4421,Business Bay,Villa,3,4,3705,7853828,2025
4422,Al Barsha,Penthouse,3,4,4998,6364323,2024
4423,Deira,Villa,5,5,3902,2724586,2026
4424,Al Barsha,Penthouse,4,3,2467,2836239,2026
4425,Palm Jumeirah,Apartment,5,4,1812,5137555,2024
4426,Palm Jumeirah,Townhouse,4,5,4407,14869521,2025
4427,Dubai Silicon Oasis,Apartment,5,6,1545,1102651,2025
4428,Dubai Silicon Oasis,Apartment,4,5,2593,2096649,2025
4429,Palm Jumeirah,Townhouse,3,3,3934,14871918,2025
4430,Downtown Dubai,Townhouse,5,5,4638,12299961,2023
4431,Business Bay,Townhouse,5,4,4632,8254364,2025
4432,Palm Jumeirah,Villa,1,1,758,1986163,2024
4433,Deira,Villa,5,6,4526,3165937,2023
4434,JVC,Penthouse,4,4,880,688516,2025
4435,Dubai Marina,Apartment,5,5,3067,4605636,2024
4436,Al Barsha,Villa,4,4,4672,5855210,2025
4437,Dubai Silicon Oasis,Penthouse,5,4,3394,2839327,2023
4438,Dubai Marina,Townhouse,2,3,4755,7229738,2025
4439,JVC,Penthouse,1,2,1951,2033919,2024
4440,Business Bay,Apartment,1,2,1813,2579997,2023
4441,Al Barsha,Apartment,2,2,1866,1862422,2026
4442,Al Barsha,Penthouse,2,3,2001,1831205,2025
4443,JVC,Townhouse,3,3,3525,2799144,2025
4444,JVC,Penthouse,1,1,2453,2355118,2025
4445,Business Bay,Penthouse,1,1,3779,7451190,2024
4446,Downtown Dubai,Villa,3,4,2285,5246151,2023
4447,Business Bay,Apartment,4,3,1780,3662674,2024
4448,JVC,Penthouse,1,2,1233,1396772,2026
4449,Dubai Marina,Villa,3,3,2912,6308740,2025
4450,Deira,Apartment,4,3,4527,4050633,2026
4451,Al Barsha,Townhouse,4,4,4344,5493066,2026
4452,JVC,Apartment,1,1,1527,1671503,2024
4453,Business Bay,Apartment,4,4,2570,4134455,2026
4454,Business Bay,Penthouse,1,1,3629,5473193,2025
4455,Dubai Marina,Apartment,2,3,3197,6695509,2025
4456,Palm Jumeirah,Townhouse,2,2,662,2428410,2025
4457,Business Bay,Villa,5,5,3098,6380811,2025
4458,Dubai Silicon Oasis,Apartment,1,2,530,475647,2023
4459,JVC,Penthouse,4,4,891,974255,2023
4460,Al Barsha,Apartment,5,5,3389,3909493,2024
4461,Business Bay,Townhouse,5,4,826,1590513,2024
4462,Downtown Dubai,Apartment,2,2,1926,3488436,2023
4463,JVC,Townhouse,1,2,3086,2861380,2023
4464,Dubai Silicon Oasis,Apartment,2,3,3397,2220070,2026
4465,JVC,Penthouse,4,4,2422,1844514,2024
4466,Al Barsha,Villa,1,1,787,842485,2026
4467,Deira,Apartment,4,5,4065,2343950,2025
4468,Deira,Apartment,2,1,4766,4192302,2024
4469,Al Barsha,Townhouse,4,3,4482,4594814,2023
4470,Palm Jumeirah,Townhouse,4,5,3830,13213308,2024
4471,Palm Jumeirah,Villa,3,4,2220,5820157,2024
4472,Dubai Marina,Townhouse,4,5,4424,9745345,2024
4473,Deira,Penthouse,5,5,2620,1905587,2026
4474,Deira,Townhouse,2,3,984,743482,2024
4475,Dubai Marina,Townhouse,3,4,4305,8711751,2025
4476,Palm Jumeirah,Penthouse,4,3,1838,5899699,2025
4477,Palm Jumeirah,Apartment,5,6,4714,15295896,2025
4478,JVC,Apartment,3,4,2062,2175483,2026
4479,Dubai Marina,Apartment,2,1,4392,9512300,2025
4480,Dubai Marina,Apartment,5,6,2847,4884169,2024
4481,Downtown Dubai,Villa,5,5,2523,6999443,2026
4482,Downtown Dubai,Apartment,3,4,1730,3718265,2026
4483,Downtown Dubai,Penthouse,1,1,4236,8724288,2026
4484,Palm Jumeirah,Villa,2,1,631,1809168,2026
4485,Business Bay,Apartment,3,2,2530,4211786,2025
4486,Dubai Marina,Townhouse,4,4,2065,3562615,2025
4487,Dubai Marina,Villa,4,5,2876,6325402,2024
4488,Deira,Apartment,5,6,1533,1159566,2025
4489,Dubai Silicon Oasis,Penthouse,1,1,3440,3533080,2026
4490,Al Barsha,Townhouse,3,4,2144,1805200,2024
4491,Al Barsha,Penthouse,4,4,1224,1354955,2025
4492,JVC,Penthouse,5,5,1265,965461,2026
4493,Deira,Penthouse,1,1,3588,2585503,2024
4494,Dubai Marina,Apartment,5,5,1567,2796251,2025
4495,Downtown Dubai,Penthouse,1,1,1778,4460739,2026
4496,Downtown Dubai,Apartment,1,2,3265,8423665,2023
4497,Downtown Dubai,Villa,5,5,1883,3807243,2024
4498,JVC,Penthouse,4,4,2154,1738647,2023
4499,Dubai Marina,Townhouse,5,5,1486,2700893,2023
4500,Al Barsha,Penthouse,4,4,1956,1801463,2025
4501,Deira,Penthouse,4,4,3571,2845438,2025
4502,Deira,Apartment,3,2,2832,2099061,2024
4503,Downtown Dubai,Townhouse,3,4,4988,13316337,2025
4504,Al Barsha,Townhouse,3,2,3939,5083815,2024
4505,Dubai Marina,Apartment,2,3,428,761967,2026
4506,Dubai Silicon Oasis,Apartment,5,6,2111,2121130,2024
4507,Deira,Villa,2,3,1697,1411921,2025
4508,Downtown Dubai,Townhouse,4,3,3081,5927954,2023
4509,Downtown Dubai,Penthouse,4,3,1585,4247041,2026
4510,Deira,Townhouse,3,2,4842,3527530,2025
4511,Al Barsha,Penthouse,4,4,1742,2011279,2026
4512,Business Bay,Apartment,1,2,2777,5435199,2025
4513,Dubai Marina,Villa,2,3,921,2060616,2026
4514,Business Bay,Villa,3,4,4580,9192014,2025
4515,Business Bay,Penthouse,2,3,4590,9459669,2023
4516,JVC,Townhouse,5,4,4040,3492217,2025
4517,Dubai Silicon Oasis,Townhouse,5,6,1985,2043071,2024
4518,JVC,Townhouse,4,3,623,634037,2026
4519,Downtown Dubai,Villa,2,3,3655,9543427,2024
4520,Deira,Penthouse,1,2,2345,2018126,2026
4521,Palm Jumeirah,Townhouse,4,5,4955,12812018,2025
4522,Palm Jumeirah,Townhouse,5,5,3597,10447904,2025
4523,Palm Jumeirah,Townhouse,3,3,2854,10428241,2025
4524,JVC,Penthouse,5,5,4938,5604096,2025
4525,JVC,Villa,5,5,4072,4317305,2025
4526,Dubai Marina,Townhouse,3,3,2481,4649587,2025
4527,Downtown Dubai,Penthouse,2,2,437,889834,2025
4528,Palm Jumeirah,Townhouse,1,1,781,2489469,2026
4529,Business Bay,Apartment,4,4,2413,4096562,2024
4530,Deira,Apartment,3,4,2963,2577723,2024
4531,Al Barsha,Apartment,1,2,490,530979,2025
4532,Palm Jumeirah,Villa,1,1,938,2802837,2025
4533,Dubai Marina,Apartment,5,4,3624,6844402,2026
4534,Dubai Marina,Townhouse,2,2,3844,8765130,2026
4535,Downtown Dubai,Penthouse,2,3,488,1188077,2026
4536,JVC,Apartment,4,3,2710,2230440,2025
4537,Dubai Marina,Villa,2,1,726,1372190,2026
4538,Al Barsha,Apartment,5,4,3713,3834894,2024
4539,JVC,Apartment,4,3,4228,3634735,2023
4540,Deira,Apartment,2,1,4392,3591359,2026
4541,Downtown Dubai,Townhouse,2,3,3131,6434567,2026
4542,Dubai Marina,Penthouse,5,6,3274,6165904,2023
4543,Downtown Dubai,Townhouse,3,3,4658,10457915,2026
4544,Business Bay,Townhouse,5,4,3197,5616595,2026
4545,Business Bay,Apartment,2,3,2425,4466266,2024
4546,Business Bay,Penthouse,1,1,3858,7487616,2023
4547,Dubai Silicon Oasis,Townhouse,5,4,3097,2159228,2026
4548,Deira,Penthouse,2,1,4267,2820119,2023
4549,Deira,Villa,5,5,2789,2316244,2024
4550,Dubai Marina,Townhouse,4,5,4391,9910358,2025
4551,Business Bay,Villa,2,2,558,780060,2026
4552,Palm Jumeirah,Townhouse,4,4,519,1302715,2026
4553,Palm Jumeirah,Apartment,1,1,810,3078603,2025
4554,Dubai Silicon Oasis,Villa,2,3,2936,2052781,2026
4555,Business Bay,Apartment,2,3,3646,7993474,2025
4556,JVC,Townhouse,4,4,1355,1480608,2025
4557,Dubai Silicon Oasis,Townhouse,3,3,1074,739214,2024
4558,JVC,Penthouse,4,4,4350,3332692,2025
4559,Palm Jumeirah,Villa,3,4,3840,14845230,2025
4560,Dubai Marina,Penthouse,4,4,3365,5617330,2023
4561,Downtown Dubai,Penthouse,1,2,2620,6163638,2025
4562,Dubai Marina,Villa,4,3,2304,3807618,2024
4563,Business Bay,Penthouse,1,2,445,832405,2023
4564,Dubai Silicon Oasis,Penthouse,1,2,1224,1194637,2025
4565,Dubai Marina,Villa,4,5,4521,9183137,2024
4566,Dubai Silicon Oasis,Villa,1,2,1926,1268553,2024
4567,Al Barsha,Apartment,4,4,3626,3979878,2026
4568,Dubai Marina,Villa,1,1,3622,7370462,2026
4569,Dubai Marina,Villa,1,1,1788,2898005,2025
4570,Dubai Silicon Oasis,Villa,5,5,1300,1228301,2024
4571,Palm Jumeirah,Villa,1,1,3566,11911652,2025
4572,Downtown Dubai,Apartment,5,4,785,1389843,2025
4573,Dubai Silicon Oasis,Villa,2,1,2650,2703588,2024
4574,Palm Jumeirah,Apartment,4,4,4479,13743226,2023
4575,Deira,Apartment,5,4,3657,2345353,2025
4576,Deira,Townhouse,1,2,3903,2303430,2025
4577,Downtown Dubai,Penthouse,2,1,737,1600669,2024
4578,JVC,Apartment,3,4,1279,1098016,2024
4579,Downtown Dubai,Townhouse,5,6,1629,3400942,2025
4580,Palm Jumeirah,Penthouse,1,1,1709,6134971,2025
4581,Dubai Silicon Oasis,Townhouse,1,1,1252,1124757,2025
4582,Deira,Apartment,2,3,4870,2953988,2026
4583,Deira,Penthouse,2,1,1117,902341,2023
4584,Downtown Dubai,Apartment,2,3,3643,9310889,2026
4585,Palm Jumeirah,Townhouse,1,1,3078,9761578,2024
4586,Dubai Silicon Oasis,Villa,5,4,3188,3310122,2026
4587,Dubai Marina,Townhouse,4,5,1348,2285037,2025
4588,Downtown Dubai,Apartment,1,1,1780,3247256,2025
4589,Deira,Penthouse,3,2,3170,1807160,2025
4590,Dubai Marina,Apartment,4,4,1740,3007578,2025
4591,Downtown Dubai,Penthouse,4,4,3577,8254677,2025
4592,Dubai Silicon Oasis,Apartment,5,6,533,357798,2023
4593,Dubai Marina,Villa,4,4,688,1341062,2024
4594,Business Bay,Townhouse,4,5,3737,7943890,2026
4595,JVC,Townhouse,1,2,3217,3469818,2025
4596,Business Bay,Villa,1,1,550,1062379,2023
4597,JVC,Villa,4,4,4530,4610540,2026
4598,JVC,Townhouse,5,4,372,390092,2026
4599,Al Barsha,Apartment,2,2,4793,5018765,2025
4600,Dubai Marina,Apartment,4,3,3742,6741661,2025
4601,Downtown Dubai,Villa,2,2,4944,10369155,2024
4602,JVC,Apartment,3,2,4762,3642112,2025
4603,Al Barsha,Apartment,4,4,1806,1952432,2026
4604,Business Bay,Apartment,4,4,3867,6812263,2024
4605,Dubai Marina,Penthouse,1,2,1330,2057526,2024
4606,Palm Jumeirah,Apartment,5,6,2543,7126514,2026
4607,Deira,Apartment,5,5,1466,1224873,2024
4608,Business Bay,Penthouse,3,3,2610,4116657,2026
4609,Dubai Marina,Villa,2,3,4406,8032786,2024
4610,Dubai Silicon Oasis,Villa,3,4,2378,1675355,2023
4611,Al Barsha,Townhouse,5,4,779,689355,2026
4612,Dubai Silicon Oasis,Townhouse,3,3,1859,1752178,2024
4613,Dubai Silicon Oasis,Villa,1,2,4007,2671345,2025
4614,JVC,Penthouse,1,1,2775,2353926,2023
4615,Business Bay,Apartment,5,4,2954,6480242,2025
4616,Dubai Silicon Oasis,Apartment,4,5,2354,1954660,2024
4617,Business Bay,Townhouse,4,5,1711,3208606,2026
4618,Al Barsha,Penthouse,1,1,3131,3507956,2026
4619,Deira,Penthouse,1,1,3293,2070139,2023
4620,Dubai Silicon Oasis,Townhouse,2,2,4526,3565296,2024
4621,Dubai Marina,Apartment,2,2,3222,5801649,2025
4622,Deira,Townhouse,2,3,4976,3188317,2026
4623,Al Barsha,Apartment,3,4,4193,3844947,2024
4624,Downtown Dubai,Penthouse,2,2,716,1738917,2026
4625,Deira,Apartment,1,1,2173,1299381,2026
4626,Downtown Dubai,Apartment,3,2,2138,4066604,2025
4627,Dubai Silicon Oasis,Townhouse,4,3,364,316432,2024
4628,Dubai Silicon Oasis,Townhouse,4,4,1190,975484,2025
4629,Dubai Marina,Villa,2,2,3894,7751942,2025
4630,Palm Jumeirah,Villa,2,3,1987,4849152,2025
4631,Business Bay,Townhouse,3,4,1037,2031667,2024
4632,Dubai Silicon Oasis,Townhouse,1,1,1686,1652205,2025
4633,JVC,Townhouse,5,4,1627,1555189,2026
4634,Deira,Apartment,5,6,1161,991835,2025
4635,Dubai Marina,Townhouse,1,2,820,1475751,2025
4636,Downtown Dubai,Apartment,5,5,3902,7206278,2024
4637,Dubai Silicon Oasis,Apartment,1,1,4184,3309617,2024
4638,Business Bay,Penthouse,3,3,2657,4621620,2023
4639,Al Barsha,Apartment,4,4,3211,3958420,2025
4640,Dubai Silicon Oasis,Villa,2,3,4624,3578451,2025
4641,Dubai Silicon Oasis,Villa,2,2,4268,3269460,2026
4642,Dubai Marina,Apartment,1,1,501,1121847,2023
4643,Downtown Dubai,Apartment,4,4,4781,9734415,2024
4644,Deira,Apartment,1,1,661,518790,2026
4645,Dubai Silicon Oasis,Townhouse,3,2,473,364519,2023
4646,Dubai Silicon Oasis,Townhouse,2,1,2225,2270795,2026
4647,Deira,Townhouse,5,6,3818,2391475,2025
4648,Dubai Marina,Apartment,5,5,723,1512186,2026
4649,Deira,Townhouse,5,6,1712,1288318,2025
4650,JVC,Apartment,4,4,1571,1823017,2026
4651,Al Barsha,Villa,3,4,2197,2849570,2025
4652,Palm Jumeirah,Penthouse,2,1,4935,17719350,2024
4653,Downtown Dubai,Villa,1,1,1891,3543358,2026
4654,Al Barsha,Apartment,5,5,1321,1366579,2024
4655,Dubai Silicon Oasis,Townhouse,2,3,918,901297,2025
4656,Palm Jumeirah,Apartment,3,2,1271,4267668,2024
4657,Al Barsha,Apartment,1,1,969,1201060,2026
4658,Dubai Marina,Townhouse,2,1,3017,6514999,2026
4659,JVC,Townhouse,4,5,2305,1984218,2026
4660,Downtown Dubai,Apartment,3,3,2665,5262234,2024
4661,JVC,Townhouse,3,3,4219,3650083,2026
4662,Business Bay,Apartment,2,1,3049,5950285,2026
4663,Business Bay,Townhouse,1,1,1071,1894497,2024
4664,JVC,Townhouse,5,5,2101,1554176,2023
4665,Palm Jumeirah,Apartment,3,3,1803,6335228,2024
4666,Downtown Dubai,Townhouse,2,3,4194,7587644,2023
4667,JVC,Townhouse,2,1,1777,1606740,2025
4668,Al Barsha,Villa,4,3,994,1024955,2023
4669,Palm Jumeirah,Townhouse,3,2,3772,11898925,2025
4670,Dubai Marina,Penthouse,2,1,2342,3665655,2025
4671,JVC,Villa,5,4,795,839921,2025
4672,Al Barsha,Penthouse,5,5,3557,4356208,2026
4673,Downtown Dubai,Apartment,1,1,1328,3356773,2024
4674,Dubai Silicon Oasis,Townhouse,4,3,4387,4476618,2025
4675,JVC,Villa,5,6,4220,3527393,2026
4676,Deira,Townhouse,3,3,2068,1274416,2024
4677,Business Bay,Townhouse,1,2,2933,4156650,2025
4678,Deira,Penthouse,1,2,2990,2429470,2026
4679,Al Barsha,Townhouse,4,3,3388,2985009,2025
4680,Downtown Dubai,Apartment,5,5,671,1873431,2026
4681,JVC,Penthouse,1,2,1860,1840019,2026
4682,Palm Jumeirah,Townhouse,3,3,1141,4114678,2024
4683,JVC,Apartment,3,4,3593,3289802,2026
4684,Business Bay,Apartment,2,3,671,1331679,2025
4685,Dubai Silicon Oasis,Apartment,4,4,2753,2250468,2026
4686,Downtown Dubai,Apartment,5,4,3734,8784758,2025
4687,Downtown Dubai,Villa,2,2,4759,12425463,2026
4688,Palm Jumeirah,Penthouse,1,2,1689,4656962,2024
4689,Dubai Marina,Penthouse,2,2,387,865354,2025
4690,Dubai Marina,Apartment,2,3,3715,7744545,2026
4691,Al Barsha,Villa,4,4,357,418857,2026
4692,JVC,Villa,3,3,658,544280,2024
4693,Dubai Marina,Villa,1,2,4955,7537123,2023
4694,Deira,Apartment,2,1,4360,2552778,2026
4695,Business Bay,Villa,4,4,3640,6952269,2025
4696,Business Bay,Townhouse,3,2,4235,6299571,2023
4697,Business Bay,Townhouse,3,3,700,1546518,2025
4698,Downtown Dubai,Penthouse,2,3,763,2149487,2026
4699,Al Barsha,Penthouse,2,3,1748,1423900,2026
4700,Dubai Marina,Villa,1,1,460,962573,2024
4701,Business Bay,Penthouse,1,2,4480,7085819,2026
4702,JVC,Penthouse,1,2,611,533650,2025
4703,Deira,Villa,4,5,2879,1854388,2024
4704,Palm Jumeirah,Villa,1,1,4319,15746289,2026
4705,Business Bay,Townhouse,3,2,3767,7984870,2024
4706,Palm Jumeirah,Penthouse,5,5,1441,3545727,2025
4707,Downtown Dubai,Penthouse,4,5,2537,5218715,2024
4708,Downtown Dubai,Penthouse,3,3,2899,6533094,2023
4709,Dubai Silicon Oasis,Penthouse,1,1,3920,3327016,2024
4710,Palm Jumeirah,Apartment,3,2,2332,5903388,2026
4711,Deira,Apartment,5,5,1675,1424604,2025
4712,Dubai Silicon Oasis,Penthouse,2,2,4049,4104033,2025
4713,Dubai Silicon Oasis,Villa,5,5,4472,3582725,2024
4714,Palm Jumeirah,Apartment,4,5,2623,9667987,2026
4715,Al Barsha,Villa,2,1,480,546325,2025
4716,Palm Jumeirah,Villa,1,1,2678,8804234,2026
4717,Downtown Dubai,Townhouse,1,2,4485,11934383,2024
4718,Palm Jumeirah,Apartment,2,3,4949,15389135,2025
4719,Dubai Silicon Oasis,Villa,2,1,2214,1902017,2024
4720,Dubai Silicon Oasis,Villa,4,5,1048,785859,2023
4721,Palm Jumeirah,Apartment,3,2,3010,10439514,2025
4722,Dubai Silicon Oasis,Penthouse,3,2,4212,2963667,2026
4723,Downtown Dubai,Apartment,4,3,4744,9618354,2024
4724,Dubai Marina,Penthouse,4,4,590,1104438,2025
4725,Business Bay,Villa,4,3,1701,2870464,2025
4726,Downtown Dubai,Townhouse,5,4,2571,5202511,2025
4727,Dubai Silicon Oasis,Villa,2,3,806,577704,2026
4728,Dubai Marina,Penthouse,5,5,4471,9902404,2025
4729,Palm Jumeirah,Penthouse,3,3,871,2862357,2026
4730,Al Barsha,Villa,1,2,3443,3404081,2026
4731,Dubai Marina,Apartment,1,1,4621,10171756,2026
4732,Dubai Marina,Apartment,1,2,3536,7717830,2024
4733,Palm Jumeirah,Townhouse,5,5,3898,10003556,2026
4734,Dubai Silicon Oasis,Penthouse,1,2,1574,1364523,2026
4735,Dubai Marina,Apartment,5,6,4197,7198071,2024
4736,Dubai Marina,Apartment,4,3,2296,4423821,2025
4737,Dubai Silicon Oasis,Villa,3,2,635,588771,2026
4738,Palm Jumeirah,Penthouse,5,5,2054,4955811,2024
4739,Deira,Penthouse,5,5,1976,1461743,2025
4740,JVC,Apartment,5,4,2774,2361449,2025
4741,JVC,Penthouse,3,2,1581,1518242,2026
4742,Business Bay,Villa,2,3,2499,3631961,2024
4743,Downtown Dubai,Apartment,1,2,2340,6222815,2024
4744,Business Bay,Villa,5,4,1870,3407361,2024
4745,Dubai Silicon Oasis,Penthouse,5,6,3587,2598513,2024
4746,Deira,Villa,3,2,1770,1468019,2023
4747,Al Barsha,Townhouse,1,1,3910,3201864,2025
4748,Business Bay,Apartment,5,4,1516,2825672,2026
4749,Al Barsha,Apartment,2,2,4371,4593400,2026
4750,Business Bay,Apartment,3,2,2047,2852900,2026
4751,Palm Jumeirah,Villa,4,3,539,1495486,2026
4752,Deira,Apartment,1,1,1047,614588,2023
4753,Al Barsha,Townhouse,1,1,4099,4780227,2024
4754,Dubai Silicon Oasis,Penthouse,1,1,4405,4062768,2023
4755,Dubai Marina,Townhouse,5,5,1335,2029691,2025
4756,Al Barsha,Villa,5,6,3149,2691146,2026
4757,Deira,Apartment,3,2,3020,2621658,2023
4758,Deira,Apartment,3,4,972,612648,2025
4759,Dubai Marina,Apartment,3,3,2451,4199285,2025
4760,Business Bay,Apartment,2,1,3576,6943297,2024
4761,Dubai Silicon Oasis,Townhouse,3,2,4847,3219810,2026
4762,Dubai Silicon Oasis,Villa,2,3,4291,4372797,2024
4763,Downtown Dubai,Townhouse,4,3,804,1435389,2025
4764,Business Bay,Villa,2,2,1454,3026895,2026
4765,Al Barsha,Villa,4,3,2380,2333478,2024
4766,Dubai Silicon Oasis,Villa,5,6,1050,735016,2024
4767,JVC,Villa,2,3,3003,2672282,2026
4768,Al Barsha,Apartment,1,1,390,501704,2025
4769,Al Barsha,Apartment,3,2,877,933556,2025
4770,Downtown Dubai,Penthouse,1,1,569,1038543,2025
4771,Dubai Marina,Apartment,2,2,1724,3943456,2024
4772,Dubai Marina,Villa,4,4,3894,6110485,2024
4773,Downtown Dubai,Villa,3,3,1174,2136863,2026
4774,Deira,Villa,3,2,4940,2844941,2024
4775,Business Bay,Townhouse,4,3,1603,3306002,2026
4776,Deira,Townhouse,1,1,558,342364,2023
4777,Dubai Marina,Townhouse,3,4,1910,3058071,2026
4778,Palm Jumeirah,Villa,1,2,3828,14608310,2026
4779,Deira,Penthouse,3,3,845,654083,2023
4780,Dubai Silicon Oasis,Apartment,2,3,684,515850,2025
4781,JVC,Villa,5,5,4299,4229806,2026
4782,Palm Jumeirah,Villa,2,2,3103,8578674,2025
4783,Business Bay,Villa,2,2,1946,3464124,2026
4784,JVC,Townhouse,1,1,3865,3364792,2023
4785,Deira,Apartment,1,1,4276,3326382,2026
4786,Palm Jumeirah,Penthouse,2,3,2020,7147190,2025
4787,Al Barsha,Apartment,2,1,2959,2882816,2024
4788,Dubai Marina,Villa,4,3,400,627808,2025
4789,Downtown Dubai,Townhouse,5,5,1773,3814280,2024
4790,Palm Jumeirah,Penthouse,5,4,3117,11025553,2025
4791,Palm Jumeirah,Townhouse,5,4,1266,4533068,2024
4792,Dubai Silicon Oasis,Townhouse,5,5,4959,4731978,2026
4793,Deira,Apartment,3,2,4865,4383853,2024
4794,Dubai Marina,Townhouse,2,1,1547,3376025,2025
4795,Business Bay,Townhouse,4,4,2193,4787948,2026
4796,Al Barsha,Apartment,2,2,1231,1370590,2026
4797,Al Barsha,Villa,4,5,2693,2463217,2026
4798,Al Barsha,Penthouse,5,4,926,1022394,2023
4799,Business Bay,Penthouse,1,2,2167,3311520,2026
4800,Dubai Marina,Apartment,4,4,2931,4445722,2024
4801,Downtown Dubai,Townhouse,5,5,3195,6682204,2025
4802,Al Barsha,Villa,3,4,3123,3064874,2026
4803,JVC,Penthouse,2,1,1379,1432780,2023
4804,Al Barsha,Townhouse,2,3,4034,3959525,2023
4805,Dubai Marina,Villa,1,1,3566,5145144,2025
4806,Business Bay,Penthouse,2,2,3851,8238829,2025
4807,Dubai Silicon Oasis,Apartment,4,3,2525,2211298,2024
4808,Downtown Dubai,Villa,3,3,4500,8963252,2026
4809,Dubai Marina,Penthouse,2,3,2162,3604181,2026
4810,JVC,Apartment,3,4,4096,3177935,2026
4811,Dubai Marina,Apartment,5,6,1296,2923636,2023
4812,Palm Jumeirah,Penthouse,1,2,1499,4115224,2025
4813,Downtown Dubai,Villa,1,1,2799,7822398,2026
4814,Downtown Dubai,Penthouse,5,5,2934,6016878,2024
4815,Palm Jumeirah,Apartment,4,5,3819,13744110,2025
4816,JVC,Townhouse,3,2,1732,1255186,2023
4817,Deira,Apartment,5,6,4407,3213345,2023
4818,Dubai Silicon Oasis,Villa,3,3,1883,1483212,2023
4819,Dubai Silicon Oasis,Apartment,3,3,2833,2192272,2025
4820,Deira,Villa,2,2,4683,4248673,2025
4821,Dubai Silicon Oasis,Villa,5,6,2858,2653214,2023
4822,Deira,Penthouse,4,5,3520,2286318,2025
4823,Dubai Marina,Townhouse,2,1,4575,9686178,2023
4824,Dubai Silicon Oasis,Apartment,4,5,4881,3376810,2024
4825,Palm Jumeirah,Villa,4,5,2672,10123921,2026
4826,Dubai Marina,Penthouse,1,2,2288,4172734,2025
4827,Palm Jumeirah,Villa,1,2,1265,3397782,2026
4828,Downtown Dubai,Townhouse,3,4,2849,5869232,2024
4829,Palm Jumeirah,Townhouse,4,3,4620,12163181,2023
4830,Deira,Penthouse,4,4,2615,2316093,2026
4831,Dubai Marina,Townhouse,2,3,1970,3379149,2024
4832,Business Bay,Townhouse,5,6,848,1256246,2024
4833,Dubai Marina,Penthouse,3,3,2162,4695022,2025
4834,Dubai Marina,Villa,2,3,1450,2366303,2025
4835,Downtown Dubai,Penthouse,1,2,4891,9114698,2026
4836,Al Barsha,Penthouse,5,4,2803,3179155,2026
4837,Business Bay,Villa,4,5,986,1347166,2023
4838,Dubai Marina,Penthouse,3,3,663,1451425,2024
4839,Deira,Villa,2,2,4305,3258662,2025
4840,Palm Jumeirah,Penthouse,1,1,4681,12967435,2023
4841,Downtown Dubai,Apartment,1,2,3897,8888874,2025
4842,Palm Jumeirah,Villa,1,1,925,2584100,2024
4843,Downtown Dubai,Villa,3,3,807,1893337,2026
4844,Deira,Villa,1,1,1270,965295,2026
4845,Dubai Silicon Oasis,Villa,1,2,3842,3644801,2024
4846,JVC,Penthouse,2,2,3908,3633421,2023
4847,Deira,Villa,4,3,4245,3545947,2026
4848,Dubai Marina,Townhouse,3,2,800,1201855,2023
4849,Business Bay,Apartment,1,2,1062,2276016,2024
4850,Dubai Silicon Oasis,Apartment,4,3,4536,3239627,2024
4851,Dubai Marina,Villa,3,4,4668,10236548,2024
4852,Dubai Silicon Oasis,Apartment,1,1,3724,3120163,2023
4853,Dubai Marina,Apartment,4,5,843,1293369,2024
4854,Business Bay,Apartment,5,5,669,1114441,2023
4855,Downtown Dubai,Villa,3,2,608,1684259,2026
4856,Dubai Marina,Apartment,1,2,3567,7816162,2024
4857,JVC,Apartment,2,1,4283,4475915,2026
4858,Palm Jumeirah,Villa,3,4,3287,9761630,2025
4859,Deira,Villa,5,5,1568,1201208,2025
4860,JVC,Penthouse,5,5,3871,3191464,2026
4861,Business Bay,Townhouse,5,4,624,1192256,2024
4862,Downtown Dubai,Townhouse,5,4,4201,8599591,2024
4863,Deira,Townhouse,3,2,4497,3823135,2025
4864,Downtown Dubai,Apartment,4,5,3690,9353958,2023
4865,Al Barsha,Villa,4,3,4438,4407132,2024
4866,Downtown Dubai,Townhouse,4,3,3075,7642697,2026
4867,Deira,Penthouse,4,3,2527,1702686,2026
4868,JVC,Villa,1,2,1849,1460791,2025
4869,Dubai Silicon Oasis,Villa,5,6,4635,3402431,2025
4870,JVC,Penthouse,1,2,3592,3025396,2025
4871,Dubai Silicon Oasis,Apartment,3,2,1235,902348,2023
4872,Al Barsha,Penthouse,3,3,4799,5466915,2024
4873,Business Bay,Villa,5,6,625,1242945,2025
4874,Business Bay,Apartment,1,1,3081,5387339,2024
4875,JVC,Villa,3,4,1236,1439330,2024
4876,Business Bay,Penthouse,2,1,3439,7281626,2025
4877,Business Bay,Villa,1,2,2268,3252295,2025
4878,Downtown Dubai,Apartment,2,2,2382,5398792,2024
4879,JVC,Villa,3,4,3472,3919244,2026
4880,Dubai Silicon Oasis,Townhouse,5,5,3865,2814128,2026
4881,Dubai Silicon Oasis,Apartment,2,3,2117,1675305,2025
4882,Dubai Marina,Penthouse,5,6,4989,11436048,2024
4883,Deira,Penthouse,4,3,2667,2217935,2025
4884,Downtown Dubai,Penthouse,5,5,1095,2929735,2025
4885,Deira,Penthouse,5,5,379,328903,2025
4886,Palm Jumeirah,Apartment,4,4,1291,3429881,2025
4887,Dubai Silicon Oasis,Penthouse,4,5,3563,3276925,2024
4888,Deira,Apartment,1,1,2858,2403522,2024
4889,Al Barsha,Apartment,4,3,1920,1753420,2026
4890,Al Barsha,Apartment,1,1,2588,2126507,2023
4891,Deira,Apartment,4,5,4247,2643437,2025
4892,Business Bay,Apartment,4,3,3007,5984508,2026
4893,JVC,Penthouse,4,4,620,640107,2023
4894,JVC,Apartment,4,5,578,648097,2026
4895,JVC,Townhouse,2,2,2591,2235071,2026
4896,JVC,Apartment,2,2,2229,2228520,2025
4897,JVC,Penthouse,3,3,4304,3150773,2025
4898,Palm Jumeirah,Townhouse,3,4,3060,11636036,2026
4899,JVC,Townhouse,2,3,3869,3751079,2024
4900,JVC,Apartment,3,3,3071,3245351,2025
4901,Deira,Penthouse,3,3,1955,1289001,2024
4902,JVC,Villa,2,1,3406,2577931,2026
4903,Dubai Marina,Apartment,4,4,3239,4847292,2025
4904,Dubai Marina,Townhouse,2,3,3699,8038645,2026
4905,Al Barsha,Penthouse,2,2,1229,1076570,2024
4906,Dubai Silicon Oasis,Apartment,3,4,3333,3231679,2024
4907,Deira,Apartment,1,1,1677,1094817,2026
4908,Dubai Marina,Townhouse,4,5,4024,7754830,2024
4909,Palm Jumeirah,Apartment,4,5,4063,11347450,2025
4910,JVC,Penthouse,5,5,3255,2416960,2025
4911,JVC,Townhouse,2,3,4752,4581049,2024
4912,Dubai Silicon Oasis,Townhouse,3,4,2849,2241730,2024
4913,Al Barsha,Villa,3,2,466,474180,2024
4914,Deira,Villa,4,3,3168,2441088,2026
4915,Palm Jumeirah,Apartment,4,5,3966,11384367,2023
4916,Palm Jumeirah,Townhouse,5,5,820,2661480,2024
4917,Dubai Silicon Oasis,Townhouse,5,4,836,754999,2026
4918,Deira,Townhouse,1,2,1620,957971,2026
4919,Palm Jumeirah,Penthouse,2,2,4275,12504994,2025
4920,Dubai Marina,Townhouse,4,3,2802,4261709,2025
4921,Dubai Silicon Oasis,Villa,3,2,4890,3143162,2026
4922,Al Barsha,Penthouse,3,4,4409,3640136,2026
4923,JVC,Penthouse,1,2,2929,2889448,2026
4924,JVC,Penthouse,3,3,3507,2658086,2025
4925,Dubai Silicon Oasis,Townhouse,4,5,1889,1865199,2025
4926,Dubai Silicon Oasis,Villa,1,1,770,726708,2026
4927,Business Bay,Apartment,3,4,2204,3013960,2026
4928,Downtown Dubai,Villa,5,4,3104,7420328,2025
4929,Al Barsha,Penthouse,3,3,1197,963735,2024
4930,Deira,Penthouse,5,6,1381,826139,2026
4931,Dubai Silicon Oasis,Apartment,2,2,419,433790,2024
4932,Palm Jumeirah,Townhouse,1,2,3763,11610867,2024
4933,Palm Jumeirah,Townhouse,4,4,4532,11061781,2023
4934,Downtown Dubai,Townhouse,2,1,4197,11312367,2024
4935,Palm Jumeirah,Penthouse,1,1,2116,7990052,2025
4936,JVC,Apartment,1,1,3109,3005695,2024
4937,Downtown Dubai,Villa,5,4,4817,12218495,2025
4938,Al Barsha,Apartment,4,3,3099,3687997,2026
4939,JVC,Townhouse,2,3,1725,1812288,2023
4940,Downtown Dubai,Townhouse,3,2,1924,4432846,2023
4941,Dubai Silicon Oasis,Villa,2,1,3731,3630538,2024
4942,Dubai Silicon Oasis,Penthouse,1,2,2425,2063508,2026
4943,Business Bay,Penthouse,5,5,4243,6706391,2024
4944,JVC,Villa,5,4,4368,3152954,2024
4945,Downtown Dubai,Penthouse,2,3,516,1111695,2024
4946,Deira,Penthouse,2,1,3713,2186604,2023
4947,Palm Jumeirah,Apartment,5,6,2070,5164473,2025
4948,Palm Jumeirah,Penthouse,3,2,2766,8585211,2025
4949,Al Barsha,Apartment,2,2,1581,2010774,2024
4950,Business Bay,Penthouse,2,2,2062,2989255,2025
4951,Deira,Townhouse,3,3,1886,1236862,2025
4952,Deira,Penthouse,3,4,584,496707,2026
4953,Al Barsha,Townhouse,1,1,3989,3992649,2025
4954,Deira,Villa,3,3,1014,837139,2026
4955,Dubai Marina,Townhouse,3,2,2097,4043227,2026
4956,Palm Jumeirah,Villa,2,2,1247,4122453,2024
4957,Dubai Silicon Oasis,Apartment,2,3,1096,772085,2023
4958,Palm Jumeirah,Apartment,3,4,2086,6108691,2025
4959,Palm Jumeirah,Penthouse,2,2,4622,15403430,2023
4960,Palm Jumeirah,Villa,5,5,4740,11566321,2025
4961,Palm Jumeirah,Apartment,3,3,2124,5697608,2025
4962,Business Bay,Apartment,3,4,2698,4555628,2025
4963,Dubai Silicon Oasis,Apartment,2,3,4933,4488230,2024
4964,Dubai Marina,Penthouse,5,5,1442,2737824,2025
4965,Al Barsha,Apartment,1,2,4742,5497713,2024
4966,Downtown Dubai,Penthouse,3,2,841,2152580,2023
4967,Downtown Dubai,Townhouse,1,2,1400,2511824,2025
4968,Palm Jumeirah,Apartment,4,5,1923,7216189,2023
4969,Deira,Penthouse,2,3,522,442904,2026
4970,Dubai Silicon Oasis,Villa,2,2,4143,3100734,2025
4971,JVC,Villa,1,2,4327,4058882,2026
4972,Dubai Marina,Townhouse,4,4,2132,3661358,2026
4973,JVC,Townhouse,2,3,4239,4781545,2025
4974,Palm Jumeirah,Townhouse,2,1,3942,11724408,2025
4975,JVC,Townhouse,5,5,4076,3661160,2026
4976,JVC,Penthouse,1,1,4082,4614131,2023
4977,Dubai Silicon Oasis,Villa,3,4,3016,2654917,2025
4978,Palm Jumeirah,Apartment,1,2,865,2254885,2024
4979,Deira,Apartment,1,2,4644,3618167,2026
4980,Deira,Apartment,1,1,3180,2665020,2026
4981,Business Bay,Penthouse,1,1,4540,7478129,2025
4982,Deira,Penthouse,5,4,4809,3580069,2025
4983,Dubai Silicon Oasis,Villa,3,4,1220,1086698,2025
4984,Deira,Apartment,5,4,2219,1639055,2025
4985,JVC,Townhouse,2,2,1245,1456159,2025
4986,Al Barsha,Penthouse,4,4,586,617290,2026
4987,Downtown Dubai,Apartment,1,2,4843,11951120,2024
4988,Dubai Marina,Apartment,1,2,4643,10002092,2024
4989,Business Bay,Villa,1,2,4682,6911080,2024
4990,Palm Jumeirah,Villa,5,5,4459,10995294,2025
4991,Business Bay,Apartment,4,3,3366,7361581,2026
4992,JVC,Townhouse,4,5,2777,2914507,2024
4993,JVC,Villa,5,4,4960,4449005,2025
4994,Dubai Silicon Oasis,Penthouse,2,2,2917,1887495,2026
4995,JVC,Penthouse,4,4,3337,2652514,2023
4996,Al Barsha,Apartment,3,3,1334,1073701,2026
4997,JVC,Villa,3,4,3822,3433706,2026
4998,Dubai Marina,Penthouse,4,3,4160,8067778,2026
4999,Dubai Marina,Apartment,3,3,3505,5553759,2024
5000,Downtown Dubai,Penthouse,1,1,2668,6573533,2025
5001,Al Barsha,Villa,1,2,1270,1621943,2024
5002,Business Bay,Penthouse,3,4,507,1116354,2023
5003,Deira,Townhouse,3,3,3266,2781352,2023
5004,Dubai Silicon Oasis,Penthouse,4,3,3526,2882693,2023
5005,Dubai Marina,Apartment,3,2,3942,7618578,2026
5006,Dubai Marina,Penthouse,1,1,4769,9027603,2025
5007,Dubai Silicon Oasis,Townhouse,2,2,2662,1869433,2024
5008,Palm Jumeirah,Penthouse,3,4,4205,15481217,2025
5009,Palm Jumeirah,Penthouse,5,4,3680,12562365,2025
5010,JVC,Townhouse,3,3,1638,1649582,2024
5011,Al Barsha,Villa,4,4,4279,3894598,2024
5012,Deira,Penthouse,4,3,597,366322,2025
5013,JVC,Townhouse,2,2,3134,3487709,2026
5014,Deira,Penthouse,5,6,4722,2940837,2023
5015,Dubai Marina,Townhouse,4,5,3414,5142667,2026
5016,Downtown Dubai,Townhouse,5,5,4707,11523516,2025
5017,Downtown Dubai,Townhouse,4,3,611,1548749,2025
5018,Al Barsha,Apartment,4,5,2825,2428966,2023
5019,Deira,Townhouse,1,1,3979,2516322,2025
5020,Dubai Marina,Apartment,3,4,3336,7172024,2024
5021,Dubai Silicon Oasis,Townhouse,1,2,4444,4496590,2024
5022,Al Barsha,Penthouse,4,3,2501,2596649,2026
5023,Business Bay,Villa,4,5,3524,7165011,2025
5024,Downtown Dubai,Penthouse,3,2,2301,4858193,2023
5025,Business Bay,Apartment,2,2,4405,8623883,2024
5026,Palm Jumeirah,Apartment,1,1,905,2928426,2024
5027,Deira,Villa,4,3,1531,1309194,2026
5028,JVC,Penthouse,4,5,799,854255,2024
5029,Dubai Marina,Townhouse,3,3,3614,6128340,2025
5030,Palm Jumeirah,Villa,4,4,1432,3757829,2025
5031,Deira,Penthouse,4,4,1824,1537048,2024
5032,JVC,Villa,3,4,4240,3115368,2025
5033,Deira,Villa,1,2,2024,1614471,2025
5034,Palm Jumeirah,Penthouse,5,5,1028,3201059,2026
5035,Palm Jumeirah,Apartment,3,2,447,1123288,2025
5036,Dubai Marina,Penthouse,4,3,1404,2891825,2023
5037,JVC,Apartment,5,5,4603,4314361,2024
5038,JVC,Townhouse,2,1,2901,3211539,2024
5039,Al Barsha,Townhouse,4,3,4975,4498971,2024
5040,Al Barsha,Penthouse,1,1,1350,1081552,2026
5041,Al Barsha,Penthouse,5,6,1984,1716642,2023
5042,Business Bay,Penthouse,1,1,1108,1760798,2024
5043,JVC,Penthouse,3,4,2202,2231748,2025
5044,Business Bay,Penthouse,2,2,2969,4953024,2023
5045,Al Barsha,Townhouse,1,1,4107,3528420,2025
5046,Palm Jumeirah,Penthouse,3,4,2061,7980934,2023
5047,Palm Jumeirah,Penthouse,5,6,3937,10087937,2026
5048,Business Bay,Villa,1,1,3261,5419300,2024
5049,Deira,Penthouse,2,1,1706,1478780,2025
5050,Al Barsha,Apartment,1,1,4591,5170878,2025
5051,Deira,Apartment,1,1,2369,1591800,2024
5052,Business Bay,Apartment,2,1,1052,2298404,2024
5053,Al Barsha,Townhouse,3,2,4826,5069950,2025
5054,Dubai Silicon Oasis,Apartment,4,5,4597,2956992,2026
5055,Al Barsha,Apartment,4,4,580,465787,2025
5056,Dubai Silicon Oasis,Apartment,4,3,4546,4620571,2025
5057,JVC,Apartment,4,5,4755,4025256,2025
5058,Business Bay,Apartment,2,2,4205,8621323,2025
5059,Downtown Dubai,Apartment,5,6,1535,2775151,2025
5060,JVC,Villa,1,1,3285,2582380,2023
5061,Deira,Penthouse,4,5,2852,2452357,2025
5062,Deira,Townhouse,1,1,3233,2935344,2026
5063,Dubai Marina,Villa,4,4,3216,4781325,2025
5064,Al Barsha,Apartment,1,1,3322,2936045,2025
5065,Downtown Dubai,Townhouse,2,1,2740,7001256,2026
5066,Downtown Dubai,Villa,2,2,3560,8339133,2024
5067,Palm Jumeirah,Townhouse,4,3,2798,8419039,2025
5068,Downtown Dubai,Apartment,1,1,426,840887,2024
5069,Dubai Silicon Oasis,Penthouse,2,3,514,523341,2023
5070,Downtown Dubai,Apartment,2,1,4805,9367325,2023
5071,Downtown Dubai,Penthouse,4,4,4578,9393023,2025
5072,Al Barsha,Townhouse,5,6,3073,2956684,2025
5073,JVC,Townhouse,4,3,1161,908322,2026
5074,Deira,Penthouse,3,2,3983,2978015,2024
5075,Deira,Villa,2,1,1016,690335,2024
5076,Downtown Dubai,Townhouse,5,5,2104,5109842,2025
5077,Palm Jumeirah,Townhouse,1,1,1883,5558215,2023
5078,Palm Jumeirah,Townhouse,1,2,407,1047876,2025
5079,Dubai Marina,Townhouse,2,1,4102,9128334,2023
5080,Al Barsha,Penthouse,2,2,2720,2869126,2024
5081,Al Barsha,Villa,3,2,1820,1748883,2025
5082,Dubai Silicon Oasis,Townhouse,5,4,2708,1750846,2025
5083,Dubai Marina,Apartment,4,3,350,692321,2024
5084,Downtown Dubai,Apartment,2,2,2382,6242637,2024
5085,Al Barsha,Townhouse,2,1,2766,3111834,2024
5086,JVC,Apartment,4,3,1929,2072659,2023
5087,Deira,Apartment,2,2,4211,2586585,2026
5088,JVC,Townhouse,5,5,1511,1748629,2025
5089,Downtown Dubai,Townhouse,3,2,990,1972541,2023
5090,Palm Jumeirah,Townhouse,3,3,2803,7848874,2024
5091,Downtown Dubai,Villa,5,5,4475,10397942,2024
5092,Downtown Dubai,Penthouse,2,3,2095,3699173,2024
5093,Palm Jumeirah,Apartment,3,3,566,1734038,2026
5094,Downtown Dubai,Apartment,3,4,4860,9599947,2023
5095,Downtown Dubai,Villa,2,1,2415,6240166,2026
5096,Al Barsha,Penthouse,1,1,1154,1360423,2026
5097,Palm Jumeirah,Townhouse,2,2,3212,10675410,2025
5098,Palm Jumeirah,Townhouse,1,1,1836,5567720,2025
5099,Downtown Dubai,Penthouse,4,5,4710,9896922,2024
5100,Downtown Dubai,Penthouse,1,1,1716,4582077,2026
5101,Business Bay,Apartment,2,2,2908,5208314,2026
5102,Business Bay,Townhouse,5,5,2876,5125022,2025
5103,Business Bay,Penthouse,3,2,1477,2151129,2023
5104,Downtown Dubai,Apartment,4,4,2671,5342591,2024
5105,Dubai Silicon Oasis,Apartment,4,5,857,672055,2023
5106,JVC,Villa,2,2,3343,3458279,2024
5107,Al Barsha,Penthouse,4,4,3876,4738935,2025
5108,Business Bay,Apartment,2,2,4767,10506140,2026
5109,Business Bay,Townhouse,4,4,1864,3212263,2025
5110,Dubai Marina,Villa,4,5,1676,3097053,2025
5111,Deira,Townhouse,5,6,2901,2402379,2025
5112,Dubai Marina,Penthouse,5,5,3571,6174631,2025
5113,Deira,Apartment,1,2,4964,3718935,2025
5114,Dubai Silicon Oasis,Villa,2,1,466,424436,2026
5115,JVC,Townhouse,3,2,1458,1204763,2024
5116,Dubai Silicon Oasis,Apartment,2,1,1570,1180382,2026
5117,Deira,Townhouse,4,5,1537,1052332,2023
5118,Dubai Marina,Villa,5,5,2506,4911550,2025
5119,Downtown Dubai,Apartment,2,2,4409,9071327,2025
5120,Deira,Townhouse,5,4,494,312632,2025
5121,Deira,Apartment,5,5,4143,2536874,2025
5122,Dubai Marina,Apartment,5,4,3222,6986516,2023
5123,Deira,Apartment,1,1,3210,2792988,2026
5124,Al Barsha,Apartment,2,2,3504,4388272,2024
5125,Dubai Marina,Villa,1,2,886,1931010,2025
5126,Dubai Silicon Oasis,Penthouse,1,2,3822,2655967,2026
5127,Palm Jumeirah,Villa,1,1,1503,3827581,2025
5128,Palm Jumeirah,Apartment,3,4,2752,8665350,2026
5129,Dubai Marina,Penthouse,1,1,3497,6676767,2023
5130,Palm Jumeirah,Penthouse,2,2,3158,11050583,2024
5131,Business Bay,Villa,5,5,1852,2869578,2024
5132,JVC,Apartment,5,4,2191,2495389,2026
5133,Al Barsha,Penthouse,5,4,2565,2449484,2026
5134,Downtown Dubai,Townhouse,1,1,541,1296014,2026
5135,Dubai Marina,Penthouse,4,5,3726,8263493,2025
5136,Business Bay,Townhouse,4,4,814,1469213,2024
5137,Deira,Penthouse,1,1,2482,2044535,2024
5138,Downtown Dubai,Apartment,5,6,3395,8772438,2025
5139,Dubai Silicon Oasis,Apartment,3,4,723,691194,2023
5140,Deira,Townhouse,5,5,4979,4201613,2025
5141,Dubai Silicon Oasis,Townhouse,1,1,2104,1676856,2026
5142,Business Bay,Villa,4,5,423,705996,2024
5143,Dubai Marina,Villa,1,2,3412,7380661,2025
5144,Downtown Dubai,Villa,5,6,2942,7053978,2025
5145,Palm Jumeirah,Apartment,4,5,3327,11017593,2023
5146,Palm Jumeirah,Penthouse,1,1,3842,11594679,2024
5147,Deira,Penthouse,2,1,2561,1614877,2025
5148,Al Barsha,Penthouse,2,1,4194,4313383,2025
5149,Al Barsha,Townhouse,1,2,2071,2660868,2025
5150,Palm Jumeirah,Apartment,1,1,2885,8182726,2024
5151,Dubai Marina,Villa,5,5,1087,1831385,2023
5152,Palm Jumeirah,Townhouse,5,5,3232,8390841,2025
5153,Al Barsha,Apartment,3,4,1566,1629564,2024
5154,Al Barsha,Apartment,5,5,3589,3388967,2025
5155,Al Barsha,Penthouse,4,3,4074,4658871,2024
5156,Dubai Marina,Apartment,1,2,4344,6783643,2026
5157,Business Bay,Townhouse,4,4,4670,7332906,2024
5158,Palm Jumeirah,Apartment,1,1,918,2288368,2023
5159,Downtown Dubai,Apartment,5,4,991,1789367,2025
5160,Business Bay,Townhouse,2,2,4656,9554214,2025
5161,Dubai Marina,Apartment,1,2,2120,4781215,2026
5162,Downtown Dubai,Townhouse,2,1,470,1222130,2026
5163,Dubai Marina,Penthouse,4,3,1684,3736201,2025
5164,Dubai Silicon Oasis,Townhouse,5,4,4238,2859117,2025
5165,Al Barsha,Apartment,3,2,2000,2498134,2025
5166,Business Bay,Penthouse,1,1,706,1239830,2025
5167,Dubai Marina,Villa,5,4,3707,7902506,2023
5168,JVC,Penthouse,4,5,1255,1251348,2025
5169,Business Bay,Apartment,3,3,1990,3298204,2026
5170,Downtown Dubai,Apartment,3,3,368,754870,2023
5171,Deira,Townhouse,5,4,3149,1893637,2024
5172,Dubai Silicon Oasis,Apartment,2,1,2420,1948246,2023
5173,Al Barsha,Townhouse,1,1,4381,4587131,2025
5174,Al Barsha,Townhouse,1,1,1904,2459125,2025
5175,Al Barsha,Apartment,4,4,1301,1065057,2024
5176,Dubai Marina,Villa,5,5,1121,2209641,2025
5177,Palm Jumeirah,Apartment,4,4,1280,4079990,2026
5178,Palm Jumeirah,Apartment,4,4,2447,5956840,2024
5179,Dubai Marina,Penthouse,2,3,755,1311259,2026
5180,Downtown Dubai,Apartment,3,4,2221,4942213,2026
5181,Palm Jumeirah,Penthouse,1,1,4324,13583433,2025
5182,Deira,Villa,2,2,3919,2514860,2024
5183,Downtown Dubai,Villa,4,5,3313,5955151,2026
5184,Business Bay,Townhouse,5,6,4503,7248779,2024
5185,Dubai Marina,Penthouse,5,4,3978,8722662,2023
5186,Dubai Marina,Townhouse,5,6,3384,7333371,2023
5187,Palm Jumeirah,Apartment,1,2,4363,11654123,2026
5188,Palm Jumeirah,Penthouse,5,5,928,3126849,2023
5189,Al Barsha,Penthouse,2,3,4154,5241615,2025
5190,Dubai Silicon Oasis,Penthouse,4,4,1723,1221336,2025
5191,Downtown Dubai,Apartment,5,6,3758,7146002,2025
5192,JVC,Penthouse,5,6,4596,3354922,2025
5193,Al Barsha,Villa,4,5,2656,2353762,2024
5194,Dubai Marina,Villa,2,3,762,1655488,2025
5195,Al Barsha,Townhouse,3,4,2071,2499686,2023
5196,Dubai Silicon Oasis,Townhouse,4,4,2241,1918701,2024
5197,Dubai Marina,Apartment,3,3,4705,8187678,2023
5198,Downtown Dubai,Apartment,3,3,4732,12527773,2025
5199,Deira,Townhouse,3,4,2993,1880368,2023
5200,Business Bay,Penthouse,3,3,4770,7054238,2025
5201,Dubai Silicon Oasis,Apartment,1,1,2378,1606776,2024
5202,Palm Jumeirah,Townhouse,5,6,2262,8317348,2025
5203,Deira,Villa,1,2,4239,3434416,2023
5204,Downtown Dubai,Apartment,5,6,3453,8449646,2025
5205,JVC,Penthouse,1,1,2779,2910614,2026
5206,Downtown Dubai,Townhouse,3,4,2473,4742785,2024
5207,Downtown Dubai,Villa,3,4,3631,7927446,2025
5208,Dubai Marina,Villa,3,2,3853,8371427,2025
5209,Dubai Silicon Oasis,Villa,3,2,2631,2648644,2024
5210,Dubai Marina,Penthouse,5,4,496,943285,2024
5211,Palm Jumeirah,Penthouse,1,2,823,2125884,2024
5212,Palm Jumeirah,Apartment,5,6,1020,3945131,2025
5213,Dubai Marina,Penthouse,4,4,2498,4485223,2024
5214,Al Barsha,Villa,4,4,3206,3076148,2026
5215,Palm Jumeirah,Townhouse,1,1,4087,10544404,2025
5216,Downtown Dubai,Penthouse,1,2,1431,2538440,2025
5217,Downtown Dubai,Villa,2,1,4007,9713130,2026
5218,Deira,Villa,2,1,3447,2669187,2024
5219,Palm Jumeirah,Townhouse,4,3,590,1623303,2026
5220,Business Bay,Villa,5,6,1983,2969916,2024
5221,Business Bay,Villa,3,3,1757,3178074,2025
5222,Dubai Marina,Townhouse,4,5,4472,8192105,2023
5223,Dubai Marina,Apartment,1,2,4633,7937666,2026
5224,Palm Jumeirah,Townhouse,4,3,4159,11343045,2024
5225,JVC,Apartment,1,2,2805,3104258,2025
5226,JVC,Apartment,4,3,2641,3070750,2026
5227,Business Bay,Apartment,2,3,1798,2988715,2023
5228,Palm Jumeirah,Villa,3,4,3943,13592294,2026
5229,JVC,Apartment,2,3,751,833231,2025
5230,JVC,Villa,3,2,1610,1178715,2026
5231,JVC,Villa,5,6,978,1103799,2025
5232,Deira,Apartment,5,6,2648,1945491,2026
5233,Dubai Marina,Townhouse,2,1,1743,3383292,2026
5234,Dubai Silicon Oasis,Villa,2,2,1268,1085343,2024
5235,Palm Jumeirah,Apartment,3,4,2100,5805220,2025
5236,Downtown Dubai,Villa,4,4,4353,11406886,2026
5237,Al Barsha,Apartment,1,1,2944,3433202,2026
5238,Dubai Silicon Oasis,Townhouse,4,3,4177,2833329,2026
5239,Dubai Marina,Villa,5,5,4599,8952010,2025
5240,Downtown Dubai,Townhouse,5,6,4544,12781039,2024
5241,Downtown Dubai,Apartment,3,3,1982,5387617,2026
5242,Dubai Marina,Villa,2,3,4430,8874680,2025
5243,Deira,Penthouse,2,3,4578,2882046,2023
5244,Downtown Dubai,Apartment,4,5,4812,10307041,2024
5245,Business Bay,Penthouse,3,3,1982,2948828,2024
5246,Al Barsha,Villa,1,2,1411,1708672,2025
5247,Palm Jumeirah,Apartment,4,3,3066,10939507,2026
5248,Deira,Apartment,1,1,4682,4113724,2026
5249,Dubai Marina,Villa,5,4,4537,6792143,2023
5250,Dubai Silicon Oasis,Penthouse,3,4,3006,3083811,2023
5251,Dubai Marina,Villa,2,3,1043,2409105,2024
5252,Deira,Apartment,1,1,2314,1842044,2025
5253,Deira,Villa,1,1,3670,3187805,2026
5254,Business Bay,Penthouse,5,5,2955,5120046,2026
5255,Al Barsha,Penthouse,3,4,1956,1871309,2024
5256,Dubai Silicon Oasis,Townhouse,5,4,1943,1363495,2026
5257,Dubai Marina,Penthouse,5,6,627,920700,2025
5258,Dubai Silicon Oasis,Penthouse,1,1,1691,1110647,2026
5259,Downtown Dubai,Villa,2,1,3462,8726744,2026
5260,Al Barsha,Penthouse,5,6,1472,1425318,2025
5261,Al Barsha,Apartment,3,4,4969,4109516,2026
5262,Palm Jumeirah,Penthouse,3,3,733,1882566,2024
5263,Al Barsha,Townhouse,3,3,3087,3496465,2026
5264,Al Barsha,Townhouse,4,5,2659,3375175,2026
5265,Palm Jumeirah,Penthouse,5,6,4224,12722549,2026
5266,Downtown Dubai,Villa,5,6,4478,11711865,2024
5267,Business Bay,Apartment,4,5,2877,6293565,2026
5268,Dubai Silicon Oasis,Townhouse,3,3,3280,3028488,2024
5269,Downtown Dubai,Townhouse,2,1,3600,9199105,2026
5270,Dubai Silicon Oasis,Apartment,1,1,2772,2456990,2026
5271,Downtown Dubai,Villa,4,4,1209,3428051,2023
5272,Deira,Villa,1,1,2342,1557271,2025
5273,Deira,Penthouse,4,5,1473,1228549,2025
5274,Downtown Dubai,Penthouse,3,2,2509,5561413,2026
5275,Business Bay,Apartment,4,5,3210,4789662,2023
5276,Downtown Dubai,Townhouse,5,6,1323,3404488,2026
5277,JVC,Townhouse,3,4,1509,1649685,2026
5278,Dubai Silicon Oasis,Villa,3,3,4176,4115195,2025
5279,Dubai Marina,Penthouse,3,2,2106,4779968,2025
5280,Al Barsha,Penthouse,2,2,1272,1491363,2025
5281,Deira,Apartment,1,1,3666,2729947,2023
5282,Deira,Apartment,1,1,3682,3271616,2026
5283,JVC,Townhouse,4,4,4191,3412750,2023
5284,Dubai Silicon Oasis,Penthouse,5,5,3883,2605197,2024
5285,JVC,Townhouse,1,1,4962,4536417,2023
5286,Palm Jumeirah,Penthouse,2,1,3023,9895270,2025
5287,Dubai Marina,Townhouse,4,4,1683,3453499,2025
5288,Dubai Silicon Oasis,Apartment,4,3,4362,4214428,2025
5289,Deira,Apartment,4,4,1581,900165,2023
5290,Downtown Dubai,Apartment,4,4,1703,4499753,2024
5291,Deira,Penthouse,1,2,4202,3235729,2025
5292,Downtown Dubai,Penthouse,2,3,4449,12493870,2025
5293,Business Bay,Penthouse,3,3,1927,3190558,2023
5294,Palm Jumeirah,Apartment,1,1,3741,12440574,2025
5295,Dubai Silicon Oasis,Penthouse,2,3,4639,4391367,2024
5296,JVC,Penthouse,2,1,4064,3870463,2026
5297,Dubai Marina,Penthouse,5,4,373,589458,2025
5298,Business Bay,Villa,2,1,3440,4824014,2023
5299,Dubai Silicon Oasis,Apartment,5,6,1139,779714,2023
5300,Al Barsha,Villa,4,4,4285,4488333,2024
5301,Dubai Marina,Apartment,4,3,661,1332343,2024
5302,Dubai Marina,Townhouse,5,4,4967,9702880,2026
5303,Al Barsha,Penthouse,5,5,1174,1357681,2025
5304,Deira,Villa,2,3,2303,1321111,2023
5305,Palm Jumeirah,Apartment,3,3,1438,3745286,2026
5306,Dubai Marina,Villa,3,2,4134,8784857,2023
5307,JVC,Penthouse,5,5,2179,2334868,2026
5308,Al Barsha,Townhouse,1,1,3812,4388172,2023
5309,Downtown Dubai,Apartment,3,2,662,1707942,2024
5310,Downtown Dubai,Villa,2,1,2455,6922569,2026
5311,Business Bay,Villa,2,1,4586,9917618,2024
5312,Deira,Apartment,4,4,4660,3660749,2023
5313,Al Barsha,Villa,2,1,1320,1266760,2026
5314,Palm Jumeirah,Penthouse,4,3,2184,5287824,2025
5315,Business Bay,Apartment,5,4,2252,4271744,2026
5316,Business Bay,Townhouse,4,5,2979,5143566,2025
5317,Dubai Marina,Townhouse,1,1,2848,4477980,2023
5318,JVC,Townhouse,1,2,842,687801,2025
5319,Downtown Dubai,Villa,3,3,3896,10870550,2026
5320,Dubai Marina,Townhouse,3,2,1399,2097940,2023
5321,Deira,Townhouse,4,3,1814,1515805,2023
5322,JVC,Townhouse,3,4,4259,4795302,2025
5323,Palm Jumeirah,Penthouse,1,1,3556,12206045,2026
5324,Downtown Dubai,Apartment,5,4,2193,4007654,2024
5325,Palm Jumeirah,Apartment,5,5,4593,16850703,2025
5326,Downtown Dubai,Penthouse,4,4,2182,5408344,2024
5327,Deira,Townhouse,4,3,2979,1957088,2025
5328,Deira,Villa,5,6,1493,1165106,2025
5329,JVC,Townhouse,3,2,1201,938514,2024
5330,Downtown Dubai,Penthouse,1,1,2635,6688716,2024
5331,Al Barsha,Penthouse,4,5,2968,3714445,2025
5332,Downtown Dubai,Penthouse,3,3,4097,9561780,2024
5333,Downtown Dubai,Townhouse,4,3,2167,6083454,2026
5334,JVC,Townhouse,4,3,4512,4138148,2026
5335,Dubai Silicon Oasis,Townhouse,3,3,3174,3120127,2025
5336,Business Bay,Villa,2,3,676,1363898,2026
5337,JVC,Townhouse,3,2,3786,2876577,2026
5338,Palm Jumeirah,Apartment,4,4,3022,11389854,2025
5339,JVC,Penthouse,4,4,2160,2440135,2026
5340,Deira,Villa,3,4,2522,1722514,2023
5341,Business Bay,Townhouse,3,4,1753,3566343,2026
5342,Palm Jumeirah,Townhouse,5,4,3206,8774681,2024
5343,Business Bay,Villa,2,2,2986,4138100,2023
5344,Business Bay,Villa,1,2,2429,3732757,2025
5345,Business Bay,Apartment,4,4,1676,2968849,2024
5346,Business Bay,Apartment,5,4,2203,3104252,2023
5347,Dubai Silicon Oasis,Penthouse,4,3,2664,1875462,2025
5348,JVC,Townhouse,3,3,2544,2919741,2023
5349,Al Barsha,Townhouse,2,3,1788,1871893,2026
5350,Deira,Apartment,3,2,3056,2591748,2026
5351,Palm Jumeirah,Penthouse,1,1,1403,3802037,2025
5352,JVC,Villa,3,2,2679,2035597,2024
5353,Business Bay,Villa,2,2,915,1851471,2025
5354,Al Barsha,Townhouse,2,1,2545,2479891,2023
5355,Downtown Dubai,Townhouse,3,2,3995,9051810,2025
5356,Palm Jumeirah,Apartment,5,5,4152,16143779,2024
5357,Al Barsha,Penthouse,2,3,3580,3430589,2025
5358,Deira,Apartment,5,4,3817,2769619,2024
5359,Downtown Dubai,Townhouse,3,3,656,1612639,2026
5360,Palm Jumeirah,Apartment,5,5,1937,4907589,2024
5361,Downtown Dubai,Penthouse,2,3,3392,8643071,2025
5362,Dubai Silicon Oasis,Townhouse,5,6,4072,3341859,2024
5363,JVC,Penthouse,4,5,3060,2444194,2025
5364,Business Bay,Penthouse,4,3,4319,7454423,2026
5365,Al Barsha,Villa,3,4,1619,1668110,2024
5366,Business Bay,Apartment,3,2,1063,2024617,2023
5367,Downtown Dubai,Apartment,3,4,751,2095926,2023
5368,Dubai Silicon Oasis,Townhouse,5,4,3059,2893894,2025
5369,Deira,Apartment,4,3,3443,2388951,2025
5370,Palm Jumeirah,Apartment,1,1,1676,6460095,2026
5371,Dubai Marina,Penthouse,4,3,3994,8594081,2026
5372,Business Bay,Townhouse,5,5,3787,5240295,2023
5373,Business Bay,Villa,4,4,2024,2953215,2026
5374,JVC,Apartment,3,4,1460,1194433,2026
5375,Palm Jumeirah,Penthouse,2,1,3801,9598495,2025
5376,Downtown Dubai,Penthouse,4,3,3472,7964663,2024
5377,Business Bay,Apartment,4,3,1144,1887154,2025
5378,Al Barsha,Townhouse,2,1,1536,1976006,2025
5379,Deira,Villa,3,4,2609,1892718,2024
5380,JVC,Townhouse,2,2,2726,2222970,2023
5381,Downtown Dubai,Villa,1,1,1121,3169968,2025
5382,Dubai Marina,Apartment,1,1,4761,9057772,2025
5383,JVC,Penthouse,1,2,2157,1623955,2024
5384,Dubai Marina,Penthouse,3,3,2123,3211647,2026
5385,Downtown Dubai,Townhouse,3,2,631,1579280,2024
5386,Dubai Silicon Oasis,Apartment,3,4,4422,3705274,2024
5387,Al Barsha,Villa,5,4,1443,1604782,2024
5388,Palm Jumeirah,Townhouse,2,1,4939,18148306,2025
5389,Al Barsha,Penthouse,2,3,2656,3029677,2023
5390,Business Bay,Penthouse,2,2,4418,9244759,2025
5391,Palm Jumeirah,Penthouse,2,1,1182,4153586,2025
5392,Dubai Silicon Oasis,Townhouse,3,4,1121,1019840,2024
5393,Dubai Marina,Penthouse,2,1,4075,6362007,2023
5394,JVC,Penthouse,2,3,4161,3899990,2025
5395,Dubai Marina,Apartment,4,4,2875,5260627,2025
5396,Al Barsha,Townhouse,5,6,499,534103,2023
5397,Al Barsha,Apartment,2,3,4738,4717017,2025
5398,Deira,Penthouse,1,2,2178,1692639,2025
5399,Palm Jumeirah,Apartment,2,3,4702,14052791,2026
5400,Business Bay,Villa,3,3,4398,8065822,2025
5401,Dubai Marina,Townhouse,5,4,4309,7736325,2023
5402,Al Barsha,Villa,1,1,3552,4443138,2025
5403,Dubai Silicon Oasis,Townhouse,1,1,3480,2746994,2023
5404,Dubai Silicon Oasis,Townhouse,3,4,2827,2635818,2025
5405,JVC,Townhouse,5,4,465,463224,2024
5406,Downtown Dubai,Townhouse,3,4,2153,4702315,2026
5407,Deira,Apartment,5,5,3747,3157487,2025
5408,Dubai Marina,Townhouse,4,5,4127,9388142,2026
5409,Dubai Marina,Penthouse,1,1,2951,6269210,2025
5410,Al Barsha,Townhouse,3,3,3649,4649898,2024
5411,Dubai Silicon Oasis,Townhouse,4,3,451,367349,2024
5412,Business Bay,Townhouse,3,4,2528,5401524,2024
5413,Palm Jumeirah,Apartment,1,1,2710,10065846,2026
5414,Palm Jumeirah,Apartment,1,1,4500,15946114,2026
5415,Downtown Dubai,Townhouse,4,4,1796,4810982,2024
5416,Downtown Dubai,Villa,3,2,1419,3637105,2025
5417,JVC,Townhouse,3,4,1988,1889671,2024
5418,Al Barsha,Penthouse,2,2,1142,1229031,2025
5419,Business Bay,Penthouse,2,1,2946,5052489,2026
5420,Deira,Apartment,4,3,3339,2646165,2023
5421,Downtown Dubai,Villa,1,1,4075,8627870,2024
5422,Dubai Silicon Oasis,Apartment,3,3,4869,4556720,2025
5423,Dubai Silicon Oasis,Apartment,2,2,692,582695,2024
5424,Business Bay,Townhouse,4,3,1499,2488654,2023
5425,Downtown Dubai,Townhouse,4,5,1748,3359569,2024
5426,Dubai Silicon Oasis,Apartment,3,3,1510,1120737,2025
5427,Al Barsha,Townhouse,2,2,4196,4699940,2026
5428,Palm Jumeirah,Villa,2,2,998,2948864,2026
5429,JVC,Penthouse,2,2,488,358643,2025
5430,Palm Jumeirah,Townhouse,2,1,4351,12594435,2026
5431,JVC,Villa,4,5,4821,4265914,2025
5432,Deira,Villa,1,1,1402,900091,2025
5433,Al Barsha,Apartment,1,1,1897,1789169,2024
5434,Business Bay,Penthouse,3,3,2689,5268257,2024
5435,Dubai Marina,Townhouse,2,3,2795,5902033,2025
5436,Palm Jumeirah,Penthouse,5,6,4957,19026693,2026
5437,Al Barsha,Townhouse,4,3,2229,1914809,2025
5438,Downtown Dubai,Townhouse,4,4,406,853776,2026
5439,Dubai Silicon Oasis,Apartment,3,3,2315,1552943,2024
5440,JVC,Penthouse,3,2,2937,2925212,2023
5441,Deira,Townhouse,3,4,2753,1557470,2026
5442,Deira,Villa,1,1,2732,1726281,2024
5443,Downtown Dubai,Penthouse,3,2,4640,11162346,2025
5444,Dubai Marina,Apartment,5,4,4104,7234797,2023
5445,Dubai Silicon Oasis,Apartment,2,3,1520,1303780,2026
5446,Deira,Townhouse,1,1,2002,1569734,2023
5447,Deira,Townhouse,3,4,3454,2948434,2026
5448,JVC,Townhouse,2,3,2258,2024960,2024
5449,Dubai Marina,Townhouse,4,3,2342,3960338,2024
5450,JVC,Villa,5,4,1130,1087582,2026
5451,Palm Jumeirah,Villa,5,6,1532,3836927,2024
5452,Deira,Villa,2,1,3794,2180297,2024
5453,JVC,Apartment,5,5,4269,3942450,2025
5454,Downtown Dubai,Apartment,1,2,3998,7995546,2024
5455,Downtown Dubai,Apartment,2,1,1781,3148697,2024
5456,Dubai Silicon Oasis,Apartment,2,2,985,898071,2023
5457,Deira,Townhouse,5,5,1092,923454,2025
5458,Dubai Silicon Oasis,Villa,4,4,2179,1523450,2023
5459,Dubai Marina,Villa,2,3,2757,5369290,2026
5460,Business Bay,Penthouse,1,1,4502,9888135,2026
5461,Business Bay,Apartment,4,3,4529,7194055,2024
5462,Business Bay,Penthouse,4,5,362,717191,2025
5463,Business Bay,Apartment,5,5,3640,5451945,2025
5464,Dubai Marina,Townhouse,3,2,1739,3962978,2025
5465,Dubai Marina,Apartment,1,1,1269,1827855,2025
5466,Al Barsha,Villa,2,1,2930,2775779,2025
5467,Business Bay,Penthouse,4,4,507,1110313,2024
5468,Downtown Dubai,Apartment,2,3,1903,4753235,2025
5469,JVC,Townhouse,1,1,2917,2378319,2023
5470,Dubai Silicon Oasis,Villa,5,6,1615,1544822,2026
5471,Business Bay,Villa,3,4,3109,6601565,2025
5472,Dubai Silicon Oasis,Townhouse,2,3,2489,2078087,2025
5473,Downtown Dubai,Villa,3,3,4067,7855923,2025
5474,Dubai Marina,Penthouse,4,3,1194,1997244,2023
5475,Palm Jumeirah,Apartment,1,1,615,2346022,2023
5476,Deira,Villa,3,4,2812,1733277,2024
5477,Dubai Silicon Oasis,Villa,2,2,1544,1180793,2025
5478,Business Bay,Penthouse,1,1,3636,5394758,2025
5479,Downtown Dubai,Townhouse,1,2,783,1469038,2024
5480,Palm Jumeirah,Penthouse,3,4,3025,9628688,2025
5481,JVC,Apartment,3,4,4952,4449466,2024
5482,Downtown Dubai,Apartment,3,4,782,1416034,2025
5483,Dubai Marina,Townhouse,4,5,1753,2753393,2024
5484,Deira,Penthouse,3,2,4276,2450919,2026
5485,Deira,Apartment,3,2,2831,1609724,2025
5486,Downtown Dubai,Apartment,5,4,1163,2275196,2025
5487,Palm Jumeirah,Apartment,4,4,1341,4714250,2025
5488,Dubai Silicon Oasis,Penthouse,5,5,3906,2522916,2026
5489,Al Barsha,Apartment,2,3,4353,4145095,2025
5490,Business Bay,Townhouse,4,5,2026,3727981,2023
5491,Dubai Marina,Villa,4,5,2553,5385127,2023
5492,Deira,Villa,3,2,3989,3180278,2024
5493,Palm Jumeirah,Townhouse,1,2,1172,4550450,2025
5494,Dubai Silicon Oasis,Villa,3,4,1309,982078,2025
5495,Palm Jumeirah,Apartment,5,6,3951,9483222,2024
5496,Deira,Townhouse,4,4,1217,697799,2023
5497,Palm Jumeirah,Apartment,1,2,3934,10017057,2025
5498,Palm Jumeirah,Penthouse,2,2,2661,10279061,2025
5499,JVC,Penthouse,3,2,4953,4836712,2026
5500,Business Bay,Penthouse,5,5,503,1025850,2025
5501,JVC,Villa,3,2,4748,5523279,2024
5502,Business Bay,Villa,5,6,1397,2902445,2025
5503,Dubai Silicon Oasis,Townhouse,4,3,513,411962,2025
5504,JVC,Penthouse,2,1,3716,4140168,2025
5505,Business Bay,Penthouse,1,1,2826,4885273,2024
5506,Dubai Silicon Oasis,Villa,5,5,4243,2908946,2026
5507,Downtown Dubai,Penthouse,3,3,853,2015591,2024
5508,JVC,Villa,5,4,725,820762,2024
5509,Business Bay,Penthouse,5,5,2987,6054223,2024
5510,Business Bay,Apartment,3,4,4451,7573991,2026
5511,JVC,Villa,1,1,2236,2470086,2025
5512,Al Barsha,Penthouse,5,6,4058,4188226,2024
5513,Business Bay,Apartment,3,2,4563,8860837,2023
5514,JVC,Townhouse,1,1,4394,3822388,2023
5515,Business Bay,Villa,3,4,2715,4141751,2025
5516,Dubai Silicon Oasis,Villa,1,1,3597,2753101,2025
5517,Dubai Silicon Oasis,Villa,2,2,2794,2766242,2025
5518,Downtown Dubai,Townhouse,2,2,3484,9925038,2025
5519,Dubai Marina,Penthouse,3,3,2986,5009090,2026
5520,Dubai Marina,Penthouse,3,3,2791,4434416,2025
5521,Business Bay,Villa,5,5,2381,3382020,2026
5522,Deira,Apartment,2,3,3385,2788687,2025
5523,Dubai Marina,Penthouse,4,4,3842,7358199,2025
5524,Palm Jumeirah,Villa,5,5,4623,14951476,2025
5525,Business Bay,Townhouse,4,5,3201,4476359,2026
5526,Dubai Silicon Oasis,Villa,2,2,817,549369,2024
5527,Palm Jumeirah,Penthouse,4,5,3081,11621330,2025
5528,Business Bay,Apartment,2,3,1818,3363702,2025
5529,Palm Jumeirah,Apartment,3,4,474,1293455,2026
5530,Downtown Dubai,Villa,4,4,686,1363910,2023
5531,Business Bay,Villa,2,2,3099,4849215,2025
5532,JVC,Penthouse,1,1,4743,3551041,2024
5533,Downtown Dubai,Villa,5,4,2700,4899796,2026
5534,Business Bay,Villa,4,3,2420,4772209,2026
5535,Deira,Apartment,1,1,762,497063,2025
5536,Palm Jumeirah,Penthouse,2,1,3490,10388674,2025
5537,Dubai Silicon Oasis,Townhouse,2,1,607,518951,2025
5538,JVC,Penthouse,5,5,4261,3681626,2025
5539,Deira,Villa,5,5,4146,3016526,2024
5540,Palm Jumeirah,Apartment,4,3,4958,18332284,2026
5541,Al Barsha,Villa,3,3,1671,1540745,2025
5542,Dubai Silicon Oasis,Villa,1,1,1102,1054067,2024
5543,Deira,Apartment,2,1,1742,1136449,2025
5544,Business Bay,Apartment,1,1,4067,6177388,2023
5545,Palm Jumeirah,Penthouse,4,3,1367,3429786,2025
5546,Deira,Townhouse,1,2,4476,3578430,2025
5547,Al Barsha,Townhouse,4,3,1066,1072200,2025
5548,Downtown Dubai,Villa,5,4,577,1504509,2024
5549,Al Barsha,Villa,2,1,1370,1186879,2025
5550,Al Barsha,Townhouse,4,4,3856,4248059,2025
5551,Dubai Marina,Villa,5,6,3150,4572818,2025
5552,JVC,Penthouse,3,2,1999,1649621,2025
5553,Downtown Dubai,Apartment,3,4,3400,8264080,2025
5554,Palm Jumeirah,Penthouse,2,1,3365,8358855,2025
5555,Downtown Dubai,Penthouse,3,3,2929,6370433,2024
5556,JVC,Townhouse,5,4,2740,2665330,2023
5557,Downtown Dubai,Villa,4,3,821,2102043,2025
5558,Dubai Marina,Penthouse,2,2,1557,3230915,2026
5559,Business Bay,Penthouse,3,3,2803,4165127,2024
5560,JVC,Penthouse,4,5,978,737242,2025
5561,Palm Jumeirah,Apartment,1,1,2562,7595145,2025
5562,Downtown Dubai,Townhouse,4,3,893,1808223,2024
5563,JVC,Apartment,2,2,4010,3438820,2023
5564,Dubai Silicon Oasis,Apartment,2,3,830,644904,2025
5565,Al Barsha,Apartment,3,3,780,778899,2024
5566,JVC,Penthouse,3,3,3315,3160422,2023
5567,Downtown Dubai,Townhouse,5,5,1375,2434071,2026
5568,Dubai Silicon Oasis,Penthouse,2,2,1984,1506254,2026
5569,Deira,Townhouse,2,3,1811,1181729,2023
5570,Business Bay,Townhouse,2,2,1357,2117991,2024
5571,Deira,Apartment,5,5,3892,3253777,2025
5572,Downtown Dubai,Townhouse,5,5,3567,7263937,2026
5573,Business Bay,Penthouse,3,3,1460,2172947,2026
5574,Business Bay,Villa,4,5,3543,7383796,2026
5575,Deira,Townhouse,5,6,3667,2545006,2025
5576,Downtown Dubai,Townhouse,5,6,2857,5606683,2026
5577,Business Bay,Townhouse,4,4,3039,6073522,2024
5578,Al Barsha,Penthouse,3,4,4697,5300973,2023
5579,Downtown Dubai,Villa,5,4,2460,6887581,2025
5580,Dubai Marina,Penthouse,2,1,2142,4776694,2025
5581,Al Barsha,Penthouse,2,1,2856,3276282,2026
5582,Al Barsha,Apartment,4,4,4236,3729779,2025
5583,Business Bay,Townhouse,1,2,3649,6461299,2026
5584,Dubai Marina,Apartment,3,2,699,1081289,2024
5585,Palm Jumeirah,Villa,5,4,2485,8011882,2024
5586,JVC,Villa,1,1,3790,4292374,2026
5587,Palm Jumeirah,Townhouse,5,6,1391,3346376,2025
5588,Downtown Dubai,Villa,3,2,4946,13471006,2024
5589,Al Barsha,Villa,5,6,4107,4393089,2024
5590,Deira,Penthouse,4,3,4286,2627049,2026
5591,Deira,Penthouse,1,1,730,627473,2026
5592,Palm Jumeirah,Apartment,4,4,3045,9760274,2026
5593,Downtown Dubai,Villa,1,2,2804,6317362,2025
5594,Dubai Silicon Oasis,Penthouse,2,3,3264,2741392,2026
5595,JVC,Apartment,5,4,4303,3383522,2024
5596,JVC,Townhouse,5,4,1992,1535298,2025
5597,Dubai Silicon Oasis,Villa,1,1,2833,2562795,2025
5598,Dubai Marina,Townhouse,2,2,3509,7833388,2026
5599,Downtown Dubai,Townhouse,1,1,3852,9722080,2023
5600,Al Barsha,Townhouse,2,2,3932,4798583,2026
5601,JVC,Villa,5,4,1916,2107882,2025
5602,Palm Jumeirah,Penthouse,1,2,4991,12218271,2023
5603,Palm Jumeirah,Villa,4,3,394,1401234,2025
5604,Al Barsha,Villa,5,5,2639,3129976,2023
5605,Palm Jumeirah,Villa,5,5,3180,9301390,2025
5606,Business Bay,Villa,2,1,635,1084816,2025
5607,Palm Jumeirah,Townhouse,4,4,2447,8609121,2026
5608,Deira,Townhouse,3,2,3120,2824517,2025
5609,Business Bay,Penthouse,1,1,3175,6983893,2026
5610,Downtown Dubai,Villa,2,2,903,2059948,2024
5611,Business Bay,Penthouse,4,3,1640,3331033,2026
5612,Dubai Silicon Oasis,Villa,4,3,1488,1229719,2026
5613,Dubai Marina,Penthouse,3,2,3325,7379382,2025
5614,Downtown Dubai,Penthouse,4,5,1878,4647487,2024
5615,Dubai Silicon Oasis,Townhouse,4,3,3007,3051071,2026
5616,Al Barsha,Townhouse,2,3,3749,4868526,2026
5617,Dubai Marina,Townhouse,2,2,4057,7047694,2026
5618,Downtown Dubai,Apartment,5,6,1204,3416056,2023
5619,Deira,Penthouse,5,6,4551,3651629,2026
5620,Al Barsha,Townhouse,1,1,1120,1029328,2024
5621,Deira,Villa,4,4,451,253051,2025
5622,Al Barsha,Villa,1,2,559,638332,2025
5623,Palm Jumeirah,Townhouse,5,4,1284,3509903,2025
5624,Dubai Silicon Oasis,Villa,3,3,4410,3230551,2024
5625,Palm Jumeirah,Penthouse,4,4,1316,4248379,2025
5626,Business Bay,Apartment,4,3,3574,4954589,2024
5627,Deira,Townhouse,4,5,2295,1619648,2025
5628,Business Bay,Apartment,2,1,535,1091115,2023
5629,Palm Jumeirah,Townhouse,5,6,2415,5894750,2025
5630,Al Barsha,Villa,3,2,481,534857,2025
5631,Dubai Silicon Oasis,Apartment,3,3,2564,1803394,2026
5632,Palm Jumeirah,Townhouse,2,2,2947,10886981,2025
5633,Dubai Marina,Townhouse,1,2,2774,4969948,2025
5634,Palm Jumeirah,Villa,3,4,1663,6017039,2026
5635,JVC,Penthouse,2,3,3914,4092944,2026
5636,Downtown Dubai,Apartment,4,5,3124,8514832,2025
5637,Dubai Silicon Oasis,Villa,2,3,1534,1298905,2025
5638,Business Bay,Apartment,5,4,2370,4202474,2024
5639,Al Barsha,Penthouse,4,5,854,699182,2025
5640,JVC,Apartment,3,3,4643,4458284,2026
5641,Palm Jumeirah,Apartment,4,4,3851,12257596,2026
5642,Deira,Townhouse,4,3,1688,1303538,2024
5643,Dubai Silicon Oasis,Villa,4,5,3488,2415121,2024
5644,Downtown Dubai,Villa,3,2,3508,8257708,2026
5645,Palm Jumeirah,Apartment,5,5,3184,9810058,2026
5646,Business Bay,Townhouse,2,1,601,1121814,2025
5647,Business Bay,Townhouse,3,3,4435,8521708,2023
5648,Al Barsha,Villa,2,2,4794,4701531,2025
5649,Downtown Dubai,Penthouse,3,3,4879,11292242,2025
5650,Palm Jumeirah,Villa,5,5,4910,14693895,2024
5651,Business Bay,Penthouse,4,5,4669,9387801,2024
5652,Dubai Silicon Oasis,Townhouse,2,3,3786,3629144,2024
5653,Downtown Dubai,Apartment,5,5,614,1278492,2025
5654,Downtown Dubai,Townhouse,4,5,2513,5140342,2024
5655,Dubai Marina,Penthouse,3,4,1489,3053180,2025
5656,Business Bay,Townhouse,1,1,1372,2768577,2023
5657,Dubai Marina,Villa,3,3,4212,6106468,2025
5658,Palm Jumeirah,Villa,5,6,4128,12553883,2026
5659,Downtown Dubai,Penthouse,3,3,2777,5827545,2025
5660,Business Bay,Villa,1,1,3774,7591560,2023
5661,Palm Jumeirah,Villa,1,1,951,2487160,2025
5662,Deira,Townhouse,5,5,1382,1150357,2024
5663,Dubai Marina,Penthouse,3,4,4351,8855442,2025
5664,Downtown Dubai,Penthouse,4,4,2448,6578320,2024
5665,JVC,Townhouse,2,1,2891,3369777,2026
5666,Palm Jumeirah,Villa,1,1,2502,7793311,2023
5667,Dubai Silicon Oasis,Villa,3,2,1290,1186496,2026
5668,Downtown Dubai,Townhouse,4,3,4192,10651691,2025
5669,Dubai Marina,Apartment,2,3,3876,8527649,2024
5670,Deira,Villa,4,3,3529,2616202,2026
5671,Dubai Silicon Oasis,Villa,3,3,1992,1360653,2025
5672,Al Barsha,Penthouse,2,1,3340,4307536,2025
5673,Palm Jumeirah,Penthouse,2,2,4782,11884494,2026
5674,Dubai Marina,Villa,2,3,3371,7773988,2024
5675,Palm Jumeirah,Townhouse,2,2,2648,7369482,2023
5676,Business Bay,Villa,4,3,1607,2858228,2026
5677,Business Bay,Penthouse,2,3,2781,6029381,2024
5678,Business Bay,Villa,4,4,2078,4021265,2026
5679,Palm Jumeirah,Townhouse,2,1,3192,10464467,2024
5680,Deira,Townhouse,2,3,562,378823,2025
5681,Downtown Dubai,Penthouse,5,6,1234,2568751,2025
5682,Dubai Marina,Townhouse,5,5,4009,5891225,2025
5683,Dubai Marina,Villa,3,2,2120,4171521,2026
5684,Business Bay,Townhouse,2,2,2363,4077559,2024
5685,Palm Jumeirah,Villa,4,4,2879,7878244,2025
5686,Al Barsha,Townhouse,1,2,2387,2368159,2024
5687,Business Bay,Penthouse,3,4,3877,8373547,2023
5688,Palm Jumeirah,Villa,3,2,1490,5472174,2024
5689,Dubai Silicon Oasis,Penthouse,4,4,3876,3147943,2025
5690,Deira,Apartment,1,1,1323,1194647,2025
5691,Deira,Villa,1,1,2073,1496169,2024
5692,JVC,Penthouse,2,2,3083,2704141,2026
5693,Downtown Dubai,Townhouse,1,1,4469,9772418,2024
5694,Dubai Silicon Oasis,Villa,3,3,1431,1416470,2026
5695,Palm Jumeirah,Townhouse,5,5,3081,8631828,2023
5696,Dubai Marina,Apartment,2,3,648,1062650,2025
5697,Business Bay,Penthouse,3,3,700,1523525,2024
5698,Dubai Marina,Apartment,2,1,3918,8231099,2025
5699,Dubai Silicon Oasis,Townhouse,1,2,3693,3491777,2026
5700,Palm Jumeirah,Villa,4,4,2100,7371914,2025
5701,Al Barsha,Townhouse,2,3,3246,3705158,2024
5702,Business Bay,Villa,3,4,2118,3044753,2025
5703,Dubai Marina,Apartment,4,3,1639,3471911,2025
5704,Deira,Townhouse,5,6,2355,1523973,2023
5705,Deira,Penthouse,1,2,1800,1091415,2025
5706,Downtown Dubai,Townhouse,3,2,4139,11760154,2026
5707,Deira,Apartment,5,4,2264,1289919,2023
5708,Downtown Dubai,Apartment,3,2,1841,3304226,2025
5709,Deira,Villa,1,2,2843,1900458,2026
5710,Deira,Villa,2,3,3874,3314093,2025
5711,Downtown Dubai,Apartment,4,3,1622,4599567,2025
5712,JVC,Penthouse,4,4,4718,3648606,2024
5713,Downtown Dubai,Townhouse,2,1,2505,5498434,2024
5714,Deira,Penthouse,1,1,3423,2796610,2024
5715,Downtown Dubai,Penthouse,2,1,4801,11858859,2025
5716,Deira,Penthouse,2,1,2357,1512444,2024
5717,Business Bay,Apartment,4,5,1279,2097336,2025
5718,Dubai Marina,Apartment,5,6,3827,7558084,2025
5719,Dubai Silicon Oasis,Townhouse,1,1,380,248581,2024
5720,Deira,Penthouse,4,4,2479,2046117,2025
5721,JVC,Townhouse,4,3,4906,4140331,2025
5722,Dubai Silicon Oasis,Penthouse,4,4,2277,2211737,2025
5723,Deira,Townhouse,5,6,3531,2822272,2025
5724,Al Barsha,Villa,1,2,2792,3134598,2024
5725,Downtown Dubai,Apartment,4,5,1348,3510323,2025
5726,Dubai Marina,Townhouse,1,1,1827,2754423,2026
5727,Dubai Marina,Villa,5,4,2784,4660342,2025
5728,Palm Jumeirah,Villa,3,2,834,2654293,2025
5729,Al Barsha,Penthouse,1,1,2279,2708769,2024
5730,Dubai Silicon Oasis,Townhouse,4,4,2279,2232559,2026
5731,Dubai Silicon Oasis,Villa,4,4,4232,3355305,2024
5732,Palm Jumeirah,Penthouse,3,4,925,3321186,2024
5733,Deira,Townhouse,2,1,4268,2719125,2023
5734,JVC,Villa,1,1,2258,1709522,2026
5735,Dubai Marina,Penthouse,5,6,3378,5613982,2025
5736,Downtown Dubai,Apartment,1,2,2939,8092427,2026
5737,Dubai Marina,Villa,5,5,1743,3363349,2025
5738,Deira,Villa,3,2,4677,3407064,2026
5739,Palm Jumeirah,Apartment,4,4,1393,4896397,2025
5740,Al Barsha,Townhouse,4,3,518,417014,2025
5741,Downtown Dubai,Apartment,5,5,3838,7254332,2023
5742,Dubai Silicon Oasis,Townhouse,1,2,3239,2202005,2025
5743,Deira,Penthouse,5,4,4491,2706202,2025
5744,Dubai Silicon Oasis,Villa,1,1,2478,2035380,2024
5745,Deira,Apartment,5,6,428,281726,2023
5746,JVC,Penthouse,2,1,444,476667,2024
5747,Deira,Townhouse,5,6,2364,2018060,2023
5748,Palm Jumeirah,Apartment,1,2,1510,5718987,2025
5749,Downtown Dubai,Townhouse,3,3,4638,9163151,2025
5750,Dubai Marina,Apartment,3,3,900,1703309,2026
5751,Deira,Townhouse,5,5,4445,2564961,2025
5752,Dubai Marina,Villa,1,1,1358,2248735,2025
5753,Dubai Marina,Townhouse,1,2,905,1804180,2025
5754,Dubai Marina,Penthouse,4,5,1626,2959568,2025
5755,Palm Jumeirah,Penthouse,1,1,1020,3504769,2024
5756,Dubai Silicon Oasis,Penthouse,4,3,2216,2162131,2025
5757,Business Bay,Townhouse,1,1,1886,2660400,2023
5758,Downtown Dubai,Penthouse,5,5,2810,7846852,2025
5759,Palm Jumeirah,Penthouse,3,4,2847,7013883,2024
5760,Business Bay,Penthouse,5,4,354,776824,2025
5761,Palm Jumeirah,Penthouse,1,1,930,3121496,2026
5762,Business Bay,Villa,2,1,1102,1539279,2025
5763,Palm Jumeirah,Villa,3,3,1255,3753006,2024
5764,JVC,Villa,1,2,785,656412,2025
5765,Dubai Silicon Oasis,Townhouse,1,1,1813,1739444,2025
5766,Palm Jumeirah,Townhouse,2,1,2905,7954420,2026
5767,JVC,Villa,4,4,1786,1949946,2026
5768,Dubai Marina,Villa,4,5,1880,3235681,2024
5769,Deira,Townhouse,1,1,2533,2295405,2026
5770,Business Bay,Townhouse,1,2,2900,4610558,2023
5771,Downtown Dubai,Apartment,4,3,1888,4745406,2024
5772,Business Bay,Apartment,2,3,1381,2817467,2023
5773,Business Bay,Villa,4,3,2253,3478610,2024
5774,Al Barsha,Villa,2,1,462,387099,2025
5775,Palm Jumeirah,Townhouse,2,2,2640,8518940,2024
5776,Deira,Villa,2,1,4727,3767313,2023
5777,Deira,Villa,2,3,2200,1861302,2023
5778,Al Barsha,Apartment,4,5,853,798733,2026
5779,Dubai Marina,Apartment,3,3,3637,8092533,2025
5780,Business Bay,Penthouse,4,4,939,2007959,2025
5781,Deira,Penthouse,1,2,1250,1040894,2026
5782,Downtown Dubai,Apartment,3,4,1031,1823175,2025
5783,Business Bay,Villa,3,3,4459,6394803,2023
5784,Business Bay,Penthouse,5,6,4912,10846072,2026
5785,Al Barsha,Townhouse,3,2,2998,3498589,2025
5786,Dubai Silicon Oasis,Apartment,1,1,3222,2869889,2025
5787,Dubai Marina,Villa,4,3,3351,7543857,2026
5788,Downtown Dubai,Penthouse,1,1,3187,5748091,2024
5789,Al Barsha,Villa,5,4,2880,3394624,2024
5790,Downtown Dubai,Townhouse,2,2,4938,12246957,2026
5791,Business Bay,Villa,4,5,3759,7822432,2025
5792,Dubai Silicon Oasis,Apartment,4,4,761,723834,2025
5793,Dubai Silicon Oasis,Penthouse,3,3,2172,1811387,2026
5794,Dubai Silicon Oasis,Apartment,3,2,4881,3262398,2026
5795,Downtown Dubai,Townhouse,1,1,2227,6147280,2026
5796,Downtown Dubai,Villa,1,1,1298,3374608,2024
5797,Downtown Dubai,Townhouse,4,3,4388,9443132,2026
5798,Al Barsha,Penthouse,5,6,3247,4195007,2025
5799,Downtown Dubai,Townhouse,5,5,2965,6233079,2025
5800,Business Bay,Apartment,2,2,2303,3857470,2023
5801,Al Barsha,Villa,2,1,928,1194649,2025
5802,Business Bay,Apartment,2,1,2135,4116054,2024
5803,Dubai Silicon Oasis,Townhouse,4,3,2384,2364160,2026
5804,Business Bay,Townhouse,4,5,4680,9896285,2025
5805,Business Bay,Apartment,4,4,1778,3228814,2025
5806,Dubai Silicon Oasis,Townhouse,5,6,1043,778898,2024
5807,Palm Jumeirah,Villa,2,2,2338,8583192,2025
5808,Downtown Dubai,Villa,4,5,4986,11528012,2025
5809,Deira,Penthouse,3,4,2592,1963499,2026
5810,Al Barsha,Apartment,5,4,2112,2261284,2025
5811,Al Barsha,Townhouse,2,1,3451,2777344,2023
5812,Dubai Marina,Townhouse,1,2,3366,4985995,2025
5813,Dubai Marina,Villa,2,1,1741,3472852,2024
5814,Deira,Apartment,4,5,4850,4064557,2025
5815,Deira,Apartment,5,5,3107,2236926,2025
5816,Deira,Townhouse,5,6,617,386638,2023
5817,Business Bay,Townhouse,1,1,2245,3829162,2024
5818,Al Barsha,Villa,3,2,4641,5495694,2025
5819,Palm Jumeirah,Villa,1,1,2179,5584629,2025
5820,Dubai Silicon Oasis,Penthouse,2,1,2990,2583597,2023
5821,JVC,Townhouse,5,4,3198,3313114,2025
5822,Al Barsha,Townhouse,5,5,3625,3653697,2025
5823,Downtown Dubai,Apartment,1,1,4406,10668636,2024
5824,Deira,Townhouse,1,1,1043,906593,2023
5825,Deira,Villa,4,5,2752,1746101,2024
5826,JVC,Penthouse,3,2,2830,2209628,2026
5827,Dubai Marina,Apartment,3,4,1058,1581459,2023
5828,Dubai Silicon Oasis,Penthouse,5,6,3481,3239019,2026
5829,Dubai Marina,Penthouse,5,6,899,2023179,2025
5830,Business Bay,Penthouse,5,4,2471,4810628,2026
5831,Dubai Marina,Townhouse,4,3,1885,4370952,2026
5832,Business Bay,Townhouse,5,6,1070,2099226,2024
5833,Al Barsha,Penthouse,4,3,4173,3940344,2025
5834,Palm Jumeirah,Penthouse,5,5,1485,4133325,2024
5835,Downtown Dubai,Penthouse,3,3,1536,3829764,2023
5836,Business Bay,Apartment,1,2,4322,8360649,2026
5837,Dubai Marina,Villa,5,6,4429,8465728,2023
5838,Palm Jumeirah,Penthouse,5,4,510,1627070,2026
5839,Dubai Marina,Apartment,2,2,1642,2980192,2026
5840,JVC,Townhouse,3,3,3646,3199235,2025
5841,Dubai Marina,Villa,3,4,3968,7978248,2025
5842,Downtown Dubai,Townhouse,4,4,4997,12903598,2026
5843,Dubai Marina,Penthouse,4,3,2929,6361978,2023
5844,Dubai Silicon Oasis,Penthouse,2,3,384,293043,2025
5845,Al Barsha,Villa,5,5,4412,5421761,2024
5846,Dubai Silicon Oasis,Townhouse,5,4,1098,835684,2023
5847,Deira,Apartment,5,4,911,607370,2024
5848,Business Bay,Townhouse,3,2,3484,7125135,2024
5849,Downtown Dubai,Apartment,1,2,3157,8922670,2024
5850,Dubai Silicon Oasis,Penthouse,5,6,628,636095,2025
5851,Dubai Silicon Oasis,Villa,1,1,1137,778198,2025
5852,Business Bay,Townhouse,1,1,3092,4963294,2026
5853,Downtown Dubai,Townhouse,2,3,1537,3989877,2026
5854,Business Bay,Villa,1,1,3530,7219933,2026
5855,Business Bay,Penthouse,4,4,2264,4049450,2026
5856,Dubai Silicon Oasis,Apartment,3,2,3084,1993624,2026
5857,Dubai Marina,Penthouse,2,3,2558,4838873,2023
5858,Deira,Townhouse,1,1,2048,1169206,2024
5859,Al Barsha,Villa,2,2,1942,1826834,2025
5860,Al Barsha,Apartment,4,4,3592,4053320,2024
5861,Downtown Dubai,Apartment,4,4,2741,5229999,2026
5862,Business Bay,Townhouse,2,2,3113,6118962,2025
5863,JVC,Townhouse,1,1,3034,3032858,2026
5864,Business Bay,Penthouse,3,3,1315,2268690,2024
5865,Dubai Marina,Penthouse,4,4,4596,8157622,2026
5866,Dubai Marina,Villa,1,1,2968,6717176,2023
5867,Dubai Marina,Townhouse,4,5,3688,7146804,2025
5868,Dubai Silicon Oasis,Penthouse,1,2,4450,4430241,2026
5869,Business Bay,Townhouse,2,1,4649,7952467,2025
5870,Downtown Dubai,Townhouse,4,5,3450,8328659,2025
5871,Al Barsha,Townhouse,1,1,4010,5121990,2024
5872,Business Bay,Penthouse,2,1,2543,3726698,2026
5873,JVC,Villa,1,1,3780,3168589,2025
5874,Dubai Marina,Apartment,2,1,1845,4178970,2026
5875,Business Bay,Penthouse,4,4,3659,6288737,2025
5876,Deira,Villa,2,1,749,490754,2025
5877,Palm Jumeirah,Apartment,1,1,4601,17925540,2025
5878,Business Bay,Townhouse,2,3,1487,2151507,2025
5879,Palm Jumeirah,Penthouse,1,2,3403,11288821,2025
5880,Al Barsha,Penthouse,4,4,402,480002,2023
5881,Dubai Silicon Oasis,Villa,5,4,1074,1025343,2026
5882,Palm Jumeirah,Penthouse,1,2,4937,15120861,2024
5883,Downtown Dubai,Apartment,4,3,4225,7640308,2023
5884,Downtown Dubai,Penthouse,2,2,1384,3716219,2025
5885,Downtown Dubai,Apartment,1,1,958,2532004,2025
5886,Dubai Marina,Apartment,4,4,4139,6844427,2025
5887,Palm Jumeirah,Villa,2,1,4954,14420059,2026
5888,Downtown Dubai,Villa,3,4,1134,2635247,2025
5889,Downtown Dubai,Apartment,3,2,3437,6480663,2026
5890,Deira,Townhouse,3,3,1668,1413125,2025
5891,JVC,Apartment,1,1,3811,4325275,2024
5892,Al Barsha,Apartment,2,2,2294,2188698,2025
5893,Downtown Dubai,Apartment,4,4,932,2587635,2024
5894,JVC,Penthouse,5,4,1858,2007366,2026
5895,Dubai Marina,Apartment,1,2,2854,5979252,2025
5896,Palm Jumeirah,Townhouse,3,3,4062,15653853,2023
5897,Dubai Marina,Townhouse,5,4,447,774286,2025
5898,Downtown Dubai,Penthouse,2,1,4803,13290895,2023
5899,Deira,Villa,3,3,3370,2003267,2023
5900,Dubai Silicon Oasis,Penthouse,5,6,4420,3673929,2023
5901,Palm Jumeirah,Villa,5,6,4674,15087750,2026
5902,Dubai Silicon Oasis,Apartment,4,4,1064,733228,2023
5903,Al Barsha,Penthouse,4,4,785,917411,2025
5904,Al Barsha,Villa,4,3,3961,4109891,2025
5905,Dubai Silicon Oasis,Apartment,2,2,1223,1005570,2026
5906,Dubai Marina,Townhouse,5,4,1037,2035937,2026
5907,Downtown Dubai,Villa,1,2,2528,4823886,2026
5908,Business Bay,Penthouse,1,1,4597,7033508,2025
5909,Palm Jumeirah,Apartment,4,3,4049,10814986,2025
5910,Dubai Silicon Oasis,Townhouse,5,6,2758,2815292,2026
5911,Dubai Marina,Penthouse,5,6,1263,2697604,2023
5912,Downtown Dubai,Apartment,4,3,1914,4482811,2023
5913,JVC,Townhouse,2,1,3551,3610496,2026
5914,Deira,Townhouse,2,1,1080,850491,2023
5915,Dubai Silicon Oasis,Penthouse,3,3,2788,2076887,2024
5916,Dubai Silicon Oasis,Villa,2,2,404,272555,2024
5917,Deira,Villa,3,4,1861,1403619,2023
5918,Al Barsha,Villa,1,2,1502,1399144,2026
5919,Business Bay,Villa,2,3,3517,7394319,2024
5920,Palm Jumeirah,Penthouse,5,6,4600,12668766,2025
5921,Downtown Dubai,Townhouse,4,3,1031,2464242,2024
5922,Palm Jumeirah,Apartment,1,1,4057,12293275,2025
5923,JVC,Penthouse,2,3,3400,3584641,2026
5924,Dubai Silicon Oasis,Apartment,2,2,4859,4957630,2025
5925,JVC,Penthouse,2,1,4588,4153089,2025
5926,Business Bay,Villa,4,5,818,1143319,2025
5927,Business Bay,Townhouse,5,4,3805,7314034,2023
5928,Dubai Silicon Oasis,Penthouse,4,5,3103,2146264,2025
5929,Dubai Silicon Oasis,Penthouse,3,4,875,596575,2026
5930,Business Bay,Apartment,1,1,1545,2969991,2026
5931,Dubai Silicon Oasis,Villa,1,1,4660,3174042,2023
5932,Al Barsha,Apartment,5,6,2874,2484252,2026
5933,Al Barsha,Townhouse,4,5,1923,1960576,2026
5934,Dubai Silicon Oasis,Villa,3,3,1840,1510511,2026
5935,JVC,Penthouse,3,2,4246,4802953,2026
5936,Palm Jumeirah,Townhouse,5,4,1668,4694087,2026
5937,JVC,Villa,5,5,1088,979657,2023
5938,JVC,Apartment,1,1,3018,3133844,2024
5939,Business Bay,Villa,2,3,4965,10242630,2026
5940,Dubai Marina,Penthouse,1,1,1202,2108558,2025
5941,Downtown Dubai,Apartment,2,3,1537,3772082,2025
5942,Al Barsha,Penthouse,4,3,2531,2814707,2024
5943,Downtown Dubai,Townhouse,2,1,1279,2677622,2024
5944,Palm Jumeirah,Townhouse,1,1,3376,8703097,2026
5945,Al Barsha,Villa,3,2,1529,1744984,2024
5946,JVC,Apartment,3,4,946,795236,2025
5947,Business Bay,Apartment,4,4,1564,2550164,2024
5948,Dubai Silicon Oasis,Townhouse,1,2,4677,4064042,2026
5949,Al Barsha,Villa,2,3,4697,4135259,2024
5950,Dubai Silicon Oasis,Apartment,4,3,2701,1989554,2026
5951,Deira,Penthouse,4,5,2212,1584074,2024
5952,Dubai Silicon Oasis,Villa,5,4,4160,4124196,2026
5953,Business Bay,Villa,5,6,1253,2526571,2024
5954,Palm Jumeirah,Penthouse,5,6,3390,9750980,2026
5955,Deira,Apartment,3,4,3512,2338023,2025
5956,Dubai Silicon Oasis,Apartment,5,5,3651,3778558,2023
5957,JVC,Villa,3,2,1363,1382113,2024
5958,Al Barsha,Apartment,5,4,3680,4205382,2026
5959,Palm Jumeirah,Villa,2,1,3195,7932183,2025
5960,Dubai Marina,Apartment,3,4,4419,6780846,2024
5961,Deira,Townhouse,4,4,1160,769148,2024
5962,Dubai Silicon Oasis,Apartment,2,1,3203,3128704,2026
5963,Business Bay,Apartment,1,1,4207,8978027,2025
5964,Palm Jumeirah,Villa,5,4,1643,4413991,2025
5965,Dubai Silicon Oasis,Townhouse,3,2,3808,3524984,2025
5966,Dubai Silicon Oasis,Villa,5,6,812,803599,2024
5967,Business Bay,Penthouse,2,3,3689,7772965,2024
5968,Al Barsha,Penthouse,5,5,3169,3262180,2023
5969,Deira,Villa,4,5,1245,809962,2026
5970,Deira,Apartment,4,4,658,588712,2024
5971,Deira,Penthouse,4,3,3816,2506364,2025
5972,JVC,Villa,2,3,1472,1227225,2024
5973,JVC,Townhouse,5,4,2663,2163840,2024
5974,Dubai Marina,Penthouse,5,6,632,1212986,2025
5975,Al Barsha,Townhouse,4,5,4830,4122850,2025
5976,JVC,Townhouse,5,4,2902,2834701,2026
5977,Deira,Villa,5,4,4681,4167453,2023
5978,Deira,Penthouse,4,4,1095,806729,2026
5979,Deira,Apartment,3,4,1306,1172620,2026
5980,Al Barsha,Villa,5,4,3188,3994091,2026
5981,Al Barsha,Villa,1,2,3160,3779836,2023
5982,Dubai Marina,Apartment,3,3,4027,8002661,2025
5983,Al Barsha,Villa,5,6,4665,5786181,2026
5984,Downtown Dubai,Apartment,5,5,4171,9887281,2026
5985,Deira,Apartment,2,2,1002,633785,2023
5986,Deira,Penthouse,1,1,1789,1581141,2026
5987,Dubai Marina,Townhouse,2,1,4599,8701174,2026
5988,JVC,Penthouse,5,4,2902,3274868,2026
5989,Dubai Silicon Oasis,Apartment,3,2,4381,3492788,2025
5990,Downtown Dubai,Villa,1,2,2968,6319752,2025
5991,Downtown Dubai,Townhouse,1,1,581,1512105,2025
5992,Dubai Marina,Villa,2,2,2548,5124030,2024
5993,Downtown Dubai,Apartment,2,3,4184,9387630,2026
5994,Deira,Villa,1,2,3396,2946050,2024
5995,Al Barsha,Apartment,3,2,967,1023364,2024
5996,Palm Jumeirah,Apartment,3,3,1326,3207841,2026
5997,JVC,Townhouse,1,1,4322,4460052,2024
5998,Al Barsha,Apartment,2,3,4903,4077228,2023
5999,JVC,Villa,4,5,3850,3605509,2026
6000,JVC,Penthouse,5,5,806,649987,2026
6001,Palm Jumeirah,Penthouse,5,4,3229,8921647,2026
6002,Downtown Dubai,Apartment,3,3,4205,11932935,2024
6003,JVC,Villa,1,1,3326,2564564,2025
6004,Al Barsha,Villa,5,6,3112,3668592,2023
6005,Palm Jumeirah,Townhouse,5,6,2523,8467611,2023
6006,Dubai Silicon Oasis,Townhouse,2,3,1488,1068409,2024
6007,Al Barsha,Apartment,3,2,1655,2097992,2025
6008,JVC,Villa,1,1,3817,3094202,2025
6009,Al Barsha,Villa,5,6,674,712952,2023
6010,Al Barsha,Penthouse,4,4,742,886883,2026
6011,Deira,Villa,1,2,2194,1814986,2026
6012,Al Barsha,Apartment,4,4,3951,3792383,2023
6013,Palm Jumeirah,Townhouse,3,3,3405,12458583,2026
6014,Dubai Silicon Oasis,Penthouse,3,3,3093,3169825,2025
6015,Downtown Dubai,Penthouse,2,1,2833,6463267,2025
6016,Business Bay,Apartment,5,5,864,1654100,2025
6017,JVC,Townhouse,3,2,1892,1672587,2025
6018,Dubai Marina,Apartment,5,6,719,1264486,2024
6019,Palm Jumeirah,Apartment,1,1,3875,12030223,2025
6020,Dubai Marina,Townhouse,3,3,3841,6212509,2024
6021,Downtown Dubai,Penthouse,2,3,1550,3903429,2023
6022,Al Barsha,Penthouse,5,5,1712,1511332,2025
6023,Downtown Dubai,Townhouse,3,4,1826,3224166,2024
6024,Al Barsha,Villa,4,4,4485,4573525,2025
6025,Dubai Marina,Townhouse,1,2,2621,3954507,2025
6026,Business Bay,Villa,4,5,3893,7155617,2024
6027,Dubai Marina,Apartment,1,1,2437,4650605,2026
6028,Dubai Marina,Villa,2,1,3596,5622482,2024
6029,Al Barsha,Apartment,2,3,2806,2589933,2025
6030,Dubai Marina,Apartment,1,1,1645,2405001,2024
6031,Dubai Silicon Oasis,Townhouse,3,4,4424,3882419,2024
6032,Palm Jumeirah,Penthouse,2,1,3646,10352085,2026
6033,Business Bay,Townhouse,3,4,3927,7720627,2026
6034,Dubai Silicon Oasis,Penthouse,4,5,4758,4243804,2024
6035,Business Bay,Villa,1,1,1506,2526389,2024
6036,Business Bay,Townhouse,4,4,775,1068310,2025
6037,Business Bay,Apartment,2,2,3057,4989451,2024
6038,Deira,Villa,2,2,1866,1257128,2026
6039,Al Barsha,Apartment,3,3,2376,2296053,2023
6040,Palm Jumeirah,Townhouse,4,3,1441,5519267,2023
6041,JVC,Villa,4,3,2202,1748502,2023
6042,Dubai Silicon Oasis,Townhouse,1,2,2178,1629195,2024
6043,Palm Jumeirah,Penthouse,3,4,1980,7224224,2026
6044,Al Barsha,Apartment,2,2,3801,4799061,2025
6045,Business Bay,Villa,2,3,3105,5458722,2023
6046,Downtown Dubai,Villa,5,5,2555,6014607,2023
6047,Dubai Silicon Oasis,Townhouse,1,1,874,577839,2024
6048,Deira,Townhouse,3,2,3003,2530968,2025
6049,JVC,Townhouse,3,3,1163,1148523,2025
6050,Al Barsha,Penthouse,2,1,1810,1881504,2023
6051,Dubai Marina,Villa,4,5,2279,3902372,2026
6052,Dubai Silicon Oasis,Villa,3,2,1006,822413,2025
6053,Palm Jumeirah,Villa,4,4,2161,7569913,2026
6054,Palm Jumeirah,Penthouse,2,2,1591,4011167,2025
6055,Dubai Marina,Villa,5,4,4301,8155267,2024
6056,Downtown Dubai,Penthouse,4,4,4347,7816348,2023
6057,Deira,Apartment,2,1,371,308037,2026
6058,Palm Jumeirah,Penthouse,5,4,3151,8559776,2023
6059,Downtown Dubai,Villa,5,6,3328,9164401,2024
6060,Deira,Penthouse,3,3,2107,1531015,2025
6061,Deira,Villa,1,1,2531,1822427,2025
6062,JVC,Apartment,3,2,4023,3548923,2025
6063,Deira,Villa,4,3,2107,1560710,2025
6064,Dubai Silicon Oasis,Villa,2,2,649,503112,2023
6065,Business Bay,Apartment,1,2,2082,3468478,2025
6066,Downtown Dubai,Penthouse,3,2,1530,3022016,2026
6067,Dubai Silicon Oasis,Villa,5,6,2129,1656544,2023
6068,Dubai Silicon Oasis,Penthouse,2,1,1419,1368889,2023
6069,Business Bay,Penthouse,3,3,1046,1641003,2026
6070,Business Bay,Apartment,1,1,4931,10148382,2024
6071,Al Barsha,Villa,4,5,949,1167892,2025
6072,Dubai Marina,Townhouse,5,6,3633,7410233,2024
6073,JVC,Penthouse,4,5,3686,2704815,2025
6074,Palm Jumeirah,Penthouse,3,4,3222,10444274,2025
6075,Deira,Apartment,1,2,4588,3907150,2026
6076,Deira,Apartment,3,3,373,256633,2024
6077,JVC,Apartment,5,6,1752,1484417,2024
6078,Al Barsha,Villa,1,1,1207,1159550,2025
6079,Deira,Townhouse,2,2,3032,2146888,2024
6080,Palm Jumeirah,Villa,5,6,3305,8279863,2025
6081,Dubai Silicon Oasis,Townhouse,3,3,4525,3326210,2025
6082,Dubai Marina,Villa,1,2,2115,4277040,2026
6083,Deira,Townhouse,1,1,1446,1048884,2023
6084,Dubai Silicon Oasis,Townhouse,3,3,4647,3433838,2023
6085,Deira,Villa,3,2,3479,3081725,2026
6086,Palm Jumeirah,Apartment,5,4,3905,11103139,2025
6087,JVC,Apartment,5,6,2419,1882448,2023
6088,JVC,Penthouse,3,4,2430,1967587,2026
6089,Palm Jumeirah,Townhouse,3,3,2159,6142089,2025
6090,Dubai Silicon Oasis,Apartment,5,6,3835,3256005,2025
6091,Business Bay,Villa,4,3,1329,1882359,2026
6092,Dubai Marina,Penthouse,2,3,4885,10793152,2025
6093,Business Bay,Penthouse,4,4,1168,2459638,2024
6094,Dubai Marina,Apartment,4,4,2493,4304203,2024
6095,Dubai Silicon Oasis,Penthouse,2,1,1812,1721626,2025
6096,Palm Jumeirah,Penthouse,5,5,3337,11010561,2025
6097,Downtown Dubai,Apartment,2,3,3515,9455309,2025
6098,Palm Jumeirah,Villa,3,4,4621,13010191,2025
6099,Palm Jumeirah,Apartment,3,3,4019,13324406,2023
6100,Palm Jumeirah,Townhouse,4,3,1506,3778617,2025
6101,Palm Jumeirah,Penthouse,5,4,1310,3162573,2023
6102,Dubai Silicon Oasis,Apartment,2,1,4472,4426739,2026
6103,Al Barsha,Villa,2,1,2618,2479963,2025
6104,JVC,Townhouse,4,5,803,739109,2025
6105,Downtown Dubai,Apartment,5,4,4186,8434611,2025
6106,Dubai Silicon Oasis,Villa,5,4,3365,3333782,2024
6107,Deira,Apartment,4,3,468,325066,2025
6108,Dubai Marina,Apartment,4,4,3990,6388815,2023
6109,Palm Jumeirah,Townhouse,4,4,3174,10512254,2025
6110,Dubai Marina,Townhouse,5,4,3207,5211108,2024
6111,Dubai Marina,Apartment,1,1,4371,7319767,2025
6112,Downtown Dubai,Apartment,3,2,2654,6635197,2024
6113,JVC,Apartment,1,2,2494,2872211,2023
6114,Dubai Marina,Penthouse,3,2,3220,6824238,2025
6115,Al Barsha,Townhouse,2,1,1269,1093968,2025
6116,Business Bay,Townhouse,2,2,1055,1715085,2024
6117,Palm Jumeirah,Apartment,5,6,4273,15359501,2025
6118,Al Barsha,Apartment,4,4,1352,1267599,2026
6119,Al Barsha,Penthouse,3,2,2695,3153243,2025
6120,Al Barsha,Penthouse,5,5,1605,1662613,2025
6121,Downtown Dubai,Townhouse,1,1,1421,3883378,2024
6122,Deira,Apartment,4,3,3129,2145562,2023
6123,Dubai Silicon Oasis,Apartment,1,2,4080,4136420,2023
6124,Dubai Marina,Penthouse,2,3,2404,4343285,2026
6125,Al Barsha,Townhouse,1,1,995,1157302,2023
6126,Al Barsha,Villa,3,3,1486,1333829,2024
6127,Al Barsha,Apartment,4,4,1115,1187915,2024
6128,Business Bay,Townhouse,4,5,4455,7233203,2026
6129,Downtown Dubai,Penthouse,3,4,1835,3255288,2024
6130,Deira,Penthouse,5,5,2088,1488839,2026
6131,Palm Jumeirah,Townhouse,2,1,680,1807946,2025
6132,Deira,Apartment,1,1,2424,2170703,2026
6133,JVC,Penthouse,1,1,4599,4984694,2026
6134,Downtown Dubai,Townhouse,1,2,2255,5803192,2025
6135,Dubai Silicon Oasis,Penthouse,3,4,3378,2774462,2026
6136,Palm Jumeirah,Apartment,3,4,1196,3335234,2026
6137,Al Barsha,Penthouse,5,4,1014,975652,2023
6138,Dubai Silicon Oasis,Townhouse,1,1,3752,2707989,2025
6139,Business Bay,Penthouse,2,1,655,1198064,2025
6140,JVC,Apartment,5,5,2435,2642156,2026
6141,Dubai Silicon Oasis,Penthouse,1,1,1822,1302665,2025
6142,Deira,Apartment,3,3,425,238676,2025
6143,Deira,Apartment,1,2,2820,1703173,2024
6144,Dubai Silicon Oasis,Apartment,3,2,4832,3983369,2026
6145,Downtown Dubai,Apartment,5,6,671,1194685,2023
6146,JVC,Townhouse,2,2,4143,3734792,2025
6147,Dubai Marina,Penthouse,2,3,2857,4399900,2024
6148,Business Bay,Penthouse,3,2,3714,5391247,2026
6149,Business Bay,Apartment,4,3,798,1568644,2026
6150,Business Bay,Penthouse,5,4,4391,9702233,2024
6151,Downtown Dubai,Apartment,1,2,403,795493,2026
6152,Al Barsha,Townhouse,3,4,4566,4176951,2026
6153,Business Bay,Apartment,4,3,3408,5493544,2023
6154,Business Bay,Penthouse,1,1,1919,3890471,2025
6155,Al Barsha,Villa,5,6,383,403278,2024
6156,Business Bay,Penthouse,2,3,3190,5885790,2023
6157,Dubai Silicon Oasis,Townhouse,3,4,756,649103,2026
6158,Downtown Dubai,Townhouse,5,6,3180,8875724,2024
6159,Al Barsha,Villa,4,5,3945,3224747,2025
6160,Dubai Silicon Oasis,Apartment,5,6,1592,1119440,2023
6161,Al Barsha,Townhouse,4,5,1460,1446942,2023
6162,Dubai Silicon Oasis,Townhouse,2,2,1382,1154263,2025
6163,Deira,Apartment,4,4,1395,836829,2024
6164,Palm Jumeirah,Apartment,4,4,879,3287244,2026
6165,Al Barsha,Villa,2,3,1511,1720922,2023
6166,Dubai Silicon Oasis,Penthouse,1,1,3415,3459044,2025
6167,Palm Jumeirah,Villa,4,5,1756,6692470,2025
6168,Deira,Villa,3,3,3981,2943497,2025
6169,Dubai Marina,Penthouse,4,3,4159,9181855,2025
6170,Dubai Silicon Oasis,Villa,1,1,3888,3634120,2024
6171,Al Barsha,Villa,3,2,2858,2801566,2026
6172,Downtown Dubai,Penthouse,5,6,1820,4519213,2025
6173,JVC,Townhouse,5,5,4674,5369193,2026
6174,Downtown Dubai,Apartment,5,5,1304,3390934,2023
6175,JVC,Apartment,2,1,2509,2607441,2023
6176,Dubai Silicon Oasis,Penthouse,1,1,2459,1791992,2024
6177,Business Bay,Penthouse,3,4,3816,7885608,2024
6178,Business Bay,Penthouse,3,4,2892,4890993,2023
6179,Al Barsha,Villa,2,1,4067,4522662,2023
6180,JVC,Townhouse,1,2,4623,4738469,2023
6181,Dubai Silicon Oasis,Apartment,1,1,2166,1832645,2023
6182,Al Barsha,Townhouse,2,2,4417,3899295,2023
6183,JVC,Townhouse,4,4,1139,1177561,2026
6184,Deira,Apartment,1,2,4609,2979878,2026
6185,Business Bay,Penthouse,1,2,1177,1866203,2025
6186,JVC,Villa,2,2,4303,3343672,2024
6187,Dubai Silicon Oasis,Penthouse,5,5,2164,1921582,2024
6188,Business Bay,Penthouse,5,6,4835,7058108,2026
6189,Dubai Marina,Villa,3,3,950,1663160,2026
6190,Business Bay,Apartment,1,1,2514,5319859,2024
6191,Palm Jumeirah,Apartment,1,1,4543,13990618,2023
6192,Downtown Dubai,Villa,5,5,570,1564054,2024
6193,Deira,Villa,3,2,1582,1158737,2024
6194,Downtown Dubai,Villa,1,1,738,1444057,2023
6195,Dubai Marina,Penthouse,5,5,1843,3912733,2025
6196,Palm Jumeirah,Townhouse,3,2,2164,6340890,2023
6197,Downtown Dubai,Apartment,2,2,3227,9109987,2023
6198,Al Barsha,Townhouse,3,4,1548,1441288,2025
6199,Dubai Marina,Apartment,2,1,1087,2369586,2026
6200,Business Bay,Apartment,5,5,1140,2028950,2024
6201,Dubai Marina,Townhouse,4,5,4713,10358792,2026
6202,Business Bay,Apartment,1,1,4782,7247507,2024
6203,Dubai Silicon Oasis,Villa,4,5,1379,1232091,2024
6204,Deira,Penthouse,1,1,1258,754315,2023
6205,Palm Jumeirah,Villa,3,4,602,2172180,2024
6206,Downtown Dubai,Apartment,4,4,4811,9714462,2023
6207,JVC,Penthouse,1,1,3633,3314781,2025
6208,Business Bay,Villa,4,5,3887,7453630,2026
6209,Palm Jumeirah,Townhouse,2,1,1701,5302564,2023
6210,Downtown Dubai,Apartment,4,4,3330,8713899,2024
6211,Dubai Silicon Oasis,Apartment,3,3,628,574788,2024
6212,Deira,Penthouse,1,2,3493,2115507,2024
6213,JVC,Penthouse,4,4,3045,3252237,2026
6214,Dubai Marina,Apartment,2,3,1891,3443764,2023
6215,Palm Jumeirah,Penthouse,5,5,3653,12042613,2025
6216,Business Bay,Villa,5,5,3355,5180412,2025
6217,Deira,Penthouse,1,1,2391,1693024,2026
6218,Palm Jumeirah,Townhouse,4,5,1218,4416153,2024
6219,Deira,Penthouse,2,2,459,405843,2023
6220,Al Barsha,Apartment,4,3,4710,5978628,2023
6221,Palm Jumeirah,Apartment,3,4,1658,5720320,2025
6222,Deira,Penthouse,2,2,1753,1030095,2025
6223,JVC,Apartment,4,4,3516,3231854,2025
6224,Dubai Silicon Oasis,Penthouse,2,1,1536,1101662,2023
6225,Business Bay,Apartment,5,6,2097,4095383,2023
6226,Deira,Townhouse,5,4,3656,2253850,2025
6227,Dubai Silicon Oasis,Villa,1,2,3118,3214753,2023
6228,JVC,Villa,4,3,3402,2747254,2026
6229,Dubai Marina,Townhouse,5,5,371,551841,2026
6230,Downtown Dubai,Apartment,1,1,2448,6579983,2024
6231,Downtown Dubai,Villa,4,4,2559,5073213,2025
6232,Dubai Marina,Townhouse,5,6,3290,4808701,2023
6233,Palm Jumeirah,Villa,2,2,1054,3396110,2026
6234,JVC,Apartment,3,3,1091,1261365,2025
6235,Dubai Marina,Apartment,4,3,3895,6546513,2024
6236,Downtown Dubai,Townhouse,2,3,3480,7689391,2025
6237,JVC,Apartment,2,2,4121,3406934,2023
6238,JVC,Apartment,2,2,1608,1561517,2024
6239,Dubai Silicon Oasis,Apartment,2,3,4988,3836348,2024
6240,Deira,Townhouse,4,4,1618,1240969,2024
6241,Deira,Apartment,2,3,3376,2455389,2023
6242,Deira,Villa,2,1,1104,977172,2026
6243,Al Barsha,Apartment,5,5,4621,5244875,2025
6244,JVC,Townhouse,3,3,1895,1946482,2026
6245,Dubai Marina,Apartment,5,4,4081,7663383,2023
6246,Palm Jumeirah,Apartment,4,4,1890,5395416,2026
6247,Dubai Marina,Villa,5,6,4027,6936776,2025
6248,Downtown Dubai,Villa,1,2,2461,5695715,2025
6249,Al Barsha,Apartment,5,6,640,573411,2026
6250,Palm Jumeirah,Villa,5,6,1235,3209320,2025
6251,Deira,Townhouse,1,2,3527,2434786,2025
6252,Palm Jumeirah,Villa,2,1,1247,3236854,2026
6253,Palm Jumeirah,Villa,3,4,1630,4476212,2023
6254,JVC,Penthouse,3,3,2869,2756422,2023
6255,Downtown Dubai,Villa,4,5,1526,4012013,2026
6256,JVC,Villa,4,4,949,779268,2026
6257,Al Barsha,Townhouse,2,1,3252,3888846,2025
6258,Dubai Silicon Oasis,Apartment,4,4,3553,2296007,2026
6259,Dubai Marina,Penthouse,5,6,3758,8783650,2026
6260,Palm Jumeirah,Townhouse,3,2,4739,15048260,2025
6261,Business Bay,Townhouse,5,5,928,1637459,2023
6262,Palm Jumeirah,Villa,4,4,2334,7879196,2025
6263,Downtown Dubai,Townhouse,5,5,1438,3282513,2024
6264,Dubai Marina,Penthouse,5,6,4540,8204779,2023
6265,Downtown Dubai,Townhouse,1,1,2860,6200713,2026
6266,Downtown Dubai,Apartment,5,5,807,2288342,2025
6267,Dubai Marina,Townhouse,1,2,3568,7904358,2026
6268,JVC,Penthouse,5,5,549,519400,2025
6269,Deira,Townhouse,5,4,1624,1384879,2024
6270,Dubai Silicon Oasis,Townhouse,2,1,3704,2591450,2025
6271,Deira,Villa,1,1,2702,2013816,2025
6272,Downtown Dubai,Apartment,3,4,3888,8768172,2025
6273,JVC,Townhouse,2,1,3006,2603788,2023
6274,JVC,Villa,3,2,4270,4839182,2026
6275,Downtown Dubai,Apartment,1,1,2965,7933576,2024
6276,Dubai Silicon Oasis,Villa,1,1,614,615740,2024
6277,Deira,Apartment,3,2,681,532763,2025
6278,Business Bay,Townhouse,4,3,3962,6655320,2026
6279,Business Bay,Townhouse,2,2,529,1059740,2024
6280,JVC,Villa,2,3,2100,1614595,2023
6281,Business Bay,Townhouse,1,1,424,884089,2026
6282,Deira,Townhouse,2,3,1760,1003328,2026
6283,Dubai Silicon Oasis,Villa,2,3,3117,3015027,2024
6284,Business Bay,Townhouse,2,1,1154,2259935,2026
6285,Downtown Dubai,Apartment,2,3,2517,4674840,2026
6286,Dubai Silicon Oasis,Townhouse,2,1,4981,3480718,2023
6287,JVC,Apartment,4,5,677,625261,2026
6288,Dubai Marina,Townhouse,2,3,646,1104587,2024
6289,Palm Jumeirah,Apartment,4,5,1611,5962212,2026
6290,Al Barsha,Penthouse,4,4,4195,3760468,2023
6291,JVC,Apartment,4,4,2236,2029585,2025
6292,JVC,Villa,3,2,3323,2782055,2026
6293,JVC,Townhouse,5,5,507,394056,2023
6294,Al Barsha,Villa,2,3,3768,3503752,2026
6295,Dubai Silicon Oasis,Apartment,5,4,663,652388,2023
6296,Al Barsha,Apartment,2,1,3659,4236207,2023
6297,Downtown Dubai,Penthouse,1,2,1037,2867993,2026
6298,Al Barsha,Apartment,5,5,4341,4352458,2026
6299,JVC,Townhouse,5,5,1727,1430276,2025
6300,Al Barsha,Villa,1,1,1204,979043,2026
6301,Dubai Silicon Oasis,Apartment,3,2,1915,1604890,2023
6302,Deira,Villa,3,4,353,202588,2025
6303,Dubai Silicon Oasis,Apartment,2,2,1117,716790,2026
6304,Downtown Dubai,Penthouse,3,4,3133,7598085,2026
6305,Deira,Penthouse,4,4,1748,1079720,2024
6306,Dubai Marina,Apartment,3,3,1995,3877882,2024
6307,Deira,Penthouse,3,2,4103,3121287,2025
6308,JVC,Townhouse,5,5,925,967298,2023
6309,Dubai Silicon Oasis,Townhouse,2,1,2190,1737220,2026
6310,Business Bay,Apartment,4,5,1215,2380649,2024
6311,Al Barsha,Apartment,2,2,2595,2550840,2025
6312,JVC,Apartment,5,6,1892,1445495,2024
6313,Dubai Marina,Penthouse,2,2,564,969510,2025
6314,Deira,Villa,5,5,676,380350,2026
6315,Downtown Dubai,Townhouse,4,4,4313,9784935,2025
6316,Deira,Villa,2,2,614,502932,2026
6317,Business Bay,Penthouse,4,4,3989,8085844,2025
6318,Dubai Silicon Oasis,Apartment,2,3,4609,3377653,2024
6319,JVC,Penthouse,2,3,2516,1931129,2026
6320,Business Bay,Apartment,2,1,1801,2733225,2023
6321,Deira,Penthouse,4,3,3959,3580121,2024
6322,Al Barsha,Townhouse,2,1,4917,4700904,2025
6323,Downtown Dubai,Villa,3,4,909,2029081,2024
6324,Deira,Villa,3,2,4834,2834992,2026
6325,Business Bay,Townhouse,1,1,4738,9622549,2025
6326,Dubai Silicon Oasis,Villa,2,3,1012,829228,2024
6327,Deira,Apartment,2,1,604,356715,2024
6328,Al Barsha,Villa,2,1,3674,3807994,2024
6329,JVC,Penthouse,5,4,711,740132,2025
6330,JVC,Villa,2,1,3143,2932001,2023
6331,Al Barsha,Villa,3,2,651,836089,2026
6332,Dubai Marina,Apartment,4,4,3561,7921435,2023
6333,Palm Jumeirah,Apartment,4,5,1427,4526744,2024
6334,Dubai Silicon Oasis,Villa,4,3,797,809913,2025
6335,Dubai Silicon Oasis,Penthouse,3,3,659,635641,2024
6336,Deira,Townhouse,5,4,1226,844584,2025
6337,Business Bay,Villa,5,4,2864,5772960,2025
6338,Al Barsha,Townhouse,2,2,706,743365,2024
6339,Dubai Marina,Penthouse,1,2,4080,7854818,2025
6340,Al Barsha,Penthouse,2,1,3159,3349520,2026
6341,Downtown Dubai,Villa,5,6,1732,4579488,2023
6342,Deira,Penthouse,5,6,4937,4351970,2025
6343,JVC,Penthouse,4,3,3412,2947227,2024
6344,Al Barsha,Apartment,4,3,3474,3894216,2026
6345,Palm Jumeirah,Penthouse,2,1,1158,3870746,2023
6346,Dubai Silicon Oasis,Apartment,3,4,3655,3636720,2023
6347,Al Barsha,Penthouse,1,1,2950,3019637,2025
6348,Dubai Silicon Oasis,Penthouse,3,3,4928,3528764,2025
6349,Downtown Dubai,Townhouse,1,1,2572,5101290,2023
6350,Business Bay,Villa,1,1,3502,4915354,2026
6351,Business Bay,Penthouse,5,4,1936,2798718,2024
6352,Dubai Marina,Villa,5,4,536,917148,2026
6353,Dubai Marina,Penthouse,4,3,944,1446497,2026
6354,Dubai Marina,Townhouse,4,4,4381,9743266,2026
6355,Al Barsha,Villa,2,3,3782,3710177,2025
6356,Business Bay,Townhouse,3,3,2045,3421688,2025
6357,Al Barsha,Apartment,4,3,3594,4236438,2026
6358,Al Barsha,Apartment,3,2,370,351747,2024
6359,Dubai Marina,Townhouse,2,3,522,1087672,2026
6360,Al Barsha,Apartment,2,3,2708,3279960,2025
6361,Downtown Dubai,Townhouse,5,5,3256,7020573,2026
6362,Business Bay,Apartment,2,2,4707,8313221,2025
6363,Dubai Silicon Oasis,Townhouse,5,4,3882,2984837,2025
6364,JVC,Apartment,4,5,1546,1407515,2024
6365,Dubai Silicon Oasis,Apartment,5,4,4140,3611317,2025
6366,Palm Jumeirah,Apartment,3,2,2635,7705950,2024
6367,Dubai Marina,Penthouse,2,3,4191,7785703,2025
6368,Al Barsha,Townhouse,1,1,1158,1213713,2024
6369,Dubai Marina,Townhouse,3,2,471,688627,2026
6370,Deira,Villa,2,2,618,381477,2026
6371,Business Bay,Penthouse,1,1,4957,9022573,2026
6372,Downtown Dubai,Apartment,5,4,724,1276350,2026
6373,Palm Jumeirah,Villa,5,5,4717,16303322,2025
6374,JVC,Apartment,2,1,3730,4205422,2026
6375,Dubai Marina,Townhouse,4,5,1029,2180566,2025
6376,Palm Jumeirah,Penthouse,3,2,4367,12538647,2023
6377,Dubai Marina,Penthouse,3,3,1020,1881754,2023
6378,Palm Jumeirah,Apartment,4,3,1016,3430092,2023
6379,Downtown Dubai,Penthouse,3,4,3026,7590662,2024
6380,Al Barsha,Villa,5,6,1690,2177984,2024
6381,Dubai Silicon Oasis,Villa,1,2,1702,1424901,2026
6382,Dubai Silicon Oasis,Townhouse,4,3,1256,929206,2024
6383,Dubai Silicon Oasis,Villa,5,4,3175,2491983,2026
6384,Dubai Marina,Apartment,5,6,474,1076074,2026
6385,Palm Jumeirah,Townhouse,1,2,1489,4986756,2026
6386,Downtown Dubai,Apartment,1,1,2923,7923307,2026
6387,Dubai Marina,Townhouse,4,3,2612,5463460,2026
6388,Business Bay,Apartment,5,5,3604,7858939,2023
6389,Business Bay,Penthouse,5,5,1355,2420091,2025
6390,JVC,Penthouse,5,5,3362,3857751,2024
6391,Dubai Marina,Townhouse,1,2,3883,8687440,2024
6392,Business Bay,Townhouse,3,3,2154,4473061,2025
6393,Downtown Dubai,Villa,4,5,1544,4312395,2025
6394,Dubai Marina,Townhouse,4,5,2930,5605042,2026
6395,Business Bay,Townhouse,4,4,3041,6055861,2024
6396,Dubai Marina,Penthouse,2,3,787,1526624,2026
6397,Dubai Silicon Oasis,Apartment,3,3,2977,2829651,2024
6398,Al Barsha,Townhouse,3,2,1067,1261061,2025
6399,Dubai Silicon Oasis,Townhouse,5,4,2995,2825368,2024
6400,Dubai Marina,Villa,2,2,4682,8547478,2026
6401,Business Bay,Villa,2,3,2847,5798896,2025
6402,Al Barsha,Villa,1,2,3891,4818010,2023
6403,Palm Jumeirah,Apartment,1,1,1790,6004344,2026
6404,JVC,Villa,5,4,4640,4290115,2024
6405,Al Barsha,Apartment,5,5,4129,5064731,2026
6406,JVC,Villa,2,2,4612,4936235,2023
6407,Dubai Silicon Oasis,Villa,4,5,3798,3144136,2024
6408,Dubai Marina,Penthouse,3,2,3369,6609580,2024
6409,Deira,Penthouse,5,6,2791,2232908,2025
6410,Dubai Marina,Apartment,2,2,4666,9609577,2026
6411,Dubai Silicon Oasis,Villa,5,5,4294,3282397,2025
6412,JVC,Apartment,2,2,2287,1947863,2023
6413,Dubai Marina,Villa,4,5,748,1674481,2025
6414,Al Barsha,Villa,2,2,366,464273,2025
6415,Dubai Silicon Oasis,Villa,4,4,1435,1149185,2024
6416,Dubai Silicon Oasis,Apartment,2,3,640,643424,2025
6417,Business Bay,Penthouse,5,4,1333,2346197,2025
6418,Dubai Marina,Penthouse,4,4,859,1366224,2025
6419,Downtown Dubai,Penthouse,2,3,4911,12602453,2025
6420,Dubai Marina,Villa,5,6,793,1174668,2024
6421,Dubai Marina,Townhouse,4,3,3265,5036343,2026
6422,Downtown Dubai,Apartment,3,4,1985,5548285,2026
6423,Palm Jumeirah,Townhouse,1,2,1160,3684661,2026
6424,Al Barsha,Townhouse,5,5,3610,3368809,2026
6425,Palm Jumeirah,Townhouse,4,5,4863,15175546,2025
6426,Downtown Dubai,Penthouse,4,4,4026,9646277,2026
6427,Palm Jumeirah,Apartment,5,5,4884,16402294,2024
6428,Downtown Dubai,Villa,4,4,3094,6630579,2025
6429,Business Bay,Villa,2,1,3482,5882116,2026
6430,Dubai Silicon Oasis,Villa,2,3,1030,885702,2026
6431,Downtown Dubai,Townhouse,1,1,4313,10563964,2025
6432,Al Barsha,Townhouse,1,1,3827,4824615,2026
6433,JVC,Townhouse,4,5,1531,1372578,2025
6434,Deira,Apartment,5,6,1999,1731414,2024
6435,JVC,Townhouse,1,1,3190,3722564,2026
6436,Downtown Dubai,Townhouse,3,3,410,874490,2025
6437,Business Bay,Apartment,1,1,4153,5744395,2026
6438,Business Bay,Townhouse,3,3,1654,3099125,2026
6439,Palm Jumeirah,Townhouse,4,4,698,2621319,2023
6440,Downtown Dubai,Penthouse,5,5,1887,3431939,2026
6441,Dubai Silicon Oasis,Villa,5,5,4236,3045090,2024
6442,Deira,Penthouse,2,2,1625,1294560,2026
6443,Al Barsha,Townhouse,5,6,2857,3442189,2026
6444,Al Barsha,Penthouse,4,5,4125,3478695,2025
6445,Deira,Apartment,2,2,506,347777,2026
6446,Downtown Dubai,Apartment,2,2,3883,7853803,2025
6447,Palm Jumeirah,Apartment,1,1,1692,6509656,2024
6448,Dubai Silicon Oasis,Penthouse,5,4,3584,3272147,2025
6449,Dubai Marina,Townhouse,2,3,1224,2286523,2025
6450,Business Bay,Townhouse,2,2,996,2084627,2024
6451,Downtown Dubai,Apartment,3,2,4015,9440985,2024
6452,Al Barsha,Villa,1,1,4106,5155768,2025
6453,Dubai Silicon Oasis,Villa,5,6,4913,3613626,2026
6454,Dubai Marina,Penthouse,4,4,3498,5123186,2025
6455,Al Barsha,Apartment,1,2,2516,2552153,2026
6456,JVC,Penthouse,1,1,1255,1018965,2025
6457,Dubai Silicon Oasis,Villa,1,1,1722,1677731,2026
6458,Dubai Marina,Penthouse,5,4,3363,6455719,2026
6459,Downtown Dubai,Villa,3,2,1959,4069881,2024
6460,Deira,Apartment,4,5,2598,2158290,2025
6461,Al Barsha,Townhouse,1,2,1131,1202753,2026
6462,Dubai Marina,Apartment,2,2,2392,4526896,2026
6463,Downtown Dubai,Apartment,3,4,1456,2852112,2025
6464,JVC,Penthouse,2,2,871,1017194,2026
6465,Dubai Marina,Apartment,4,5,963,1957890,2026
6466,Al Barsha,Penthouse,5,6,2760,3387656,2024
6467,Deira,Villa,2,2,2053,1695585,2025
6468,Deira,Villa,4,4,814,599125,2026
6469,Business Bay,Villa,5,4,2741,3750433,2023
6470,Deira,Villa,5,6,1113,882981,2026
6471,Palm Jumeirah,Penthouse,1,2,421,1074020,2024
6472,Deira,Townhouse,1,1,966,866031,2025
6473,Business Bay,Townhouse,5,6,2435,3827516,2024
6474,Deira,Apartment,5,4,4786,3295479,2025
6475,Deira,Apartment,2,2,1473,1109236,2024
6476,Deira,Townhouse,3,4,1674,1231921,2025
6477,Al Barsha,Villa,3,2,1478,1666554,2024
6478,JVC,Penthouse,4,3,2001,2146175,2023
6479,Dubai Silicon Oasis,Townhouse,4,4,3685,3475167,2026
6480,Dubai Marina,Villa,2,1,1847,4169190,2024
6481,Business Bay,Villa,5,5,3407,5994374,2024
6482,Business Bay,Townhouse,1,1,4526,8210375,2023
6483,Al Barsha,Villa,1,1,4749,5874696,2025
6484,Dubai Marina,Townhouse,5,4,2967,5026388,2024
6485,Downtown Dubai,Penthouse,1,2,3666,7443857,2025
6486,Business Bay,Villa,5,6,4624,6324499,2025
6487,Al Barsha,Apartment,2,1,4008,4686314,2023
6488,Business Bay,Villa,2,1,1744,3391116,2024
6489,Deira,Apartment,1,2,963,632548,2024
6490,Downtown Dubai,Townhouse,5,4,883,1680266,2026
6491,Dubai Silicon Oasis,Penthouse,2,2,4451,2924362,2023
6492,Al Barsha,Penthouse,1,2,2936,3064982,2025
6493,Dubai Marina,Townhouse,3,2,1728,2789223,2026
6494,Deira,Townhouse,1,2,1956,1638519,2023
6495,Downtown Dubai,Penthouse,4,3,1659,4653556,2024
6496,Palm Jumeirah,Penthouse,1,1,4078,14539249,2026
6497,Deira,Penthouse,3,3,3197,2743212,2026
6498,Dubai Silicon Oasis,Apartment,2,3,4439,4600210,2024
6499,Dubai Marina,Villa,1,1,1753,3693096,2025
6500,JVC,Penthouse,1,1,2547,2484078,2025
6501,Deira,Apartment,3,2,916,772649,2025
6502,JVC,Townhouse,2,3,4866,4738185,2025
6503,Deira,Townhouse,1,1,2730,1942068,2025
6504,Downtown Dubai,Villa,1,1,2921,5245401,2026
6505,Downtown Dubai,Townhouse,5,5,2273,5608123,2025
6506,Palm Jumeirah,Apartment,4,4,1609,6027759,2025
6507,Deira,Apartment,4,3,4760,3820390,2025
6508,Downtown Dubai,Villa,5,4,2623,5782563,2024
6509,Al Barsha,Apartment,1,2,3487,3865164,2025
6510,Al Barsha,Villa,4,5,523,630988,2023
6511,Dubai Marina,Villa,4,3,1633,3474723,2025
6512,JVC,Penthouse,2,1,4088,3846931,2025
6513,Palm Jumeirah,Villa,3,3,758,2230426,2026
6514,Business Bay,Penthouse,4,4,821,1393511,2026
6515,JVC,Apartment,4,4,4115,4644020,2025
6516,Palm Jumeirah,Apartment,2,3,1785,4738783,2025
6517,Dubai Silicon Oasis,Villa,4,3,1623,1598966,2024
6518,JVC,Villa,4,3,2978,2405859,2024
6519,Downtown Dubai,Penthouse,1,2,1256,3565757,2023
6520,Deira,Villa,3,4,549,393589,2023
6521,Palm Jumeirah,Villa,3,2,370,1295053,2026
6522,Deira,Penthouse,2,2,718,585371,2026
6523,Deira,Penthouse,1,1,1087,902629,2025
6524,Al Barsha,Penthouse,1,1,3586,4284186,2023
6525,Deira,Villa,4,5,1735,995328,2023
6526,Palm Jumeirah,Apartment,5,4,683,1919231,2023
6527,Business Bay,Apartment,3,3,417,648540,2026
6528,Business Bay,Apartment,5,5,2568,5017369,2025
6529,JVC,Penthouse,5,6,4256,4373009,2026
6530,Business Bay,Apartment,4,3,1924,3102408,2024
6531,Palm Jumeirah,Villa,3,2,646,2319342,2025
6532,Deira,Townhouse,5,5,1410,943384,2025
6533,Al Barsha,Townhouse,4,5,2672,2595761,2023
6534,Business Bay,Apartment,5,5,1227,2084701,2025
6535,Deira,Townhouse,5,6,4899,4020150,2026
6536,Business Bay,Apartment,1,1,3899,5341673,2023
6537,JVC,Villa,4,3,1952,2201679,2023
6538,Downtown Dubai,Penthouse,4,4,4774,12036497,2025
6539,JVC,Villa,5,6,1861,1831166,2026
6540,Deira,Villa,2,3,1001,643709,2026
6541,Downtown Dubai,Apartment,5,6,4713,12367216,2023
6542,Dubai Marina,Penthouse,3,2,4812,10709150,2026
6543,JVC,Townhouse,2,2,1803,1705089,2026
6544,Dubai Silicon Oasis,Penthouse,1,1,3115,2358006,2026
6545,Downtown Dubai,Villa,2,2,1155,2516293,2023
6546,Downtown Dubai,Villa,5,6,3333,7392181,2026
6547,Business Bay,Villa,4,5,3559,5765679,2026
6548,Business Bay,Apartment,4,3,3651,7175530,2025
6549,Dubai Silicon Oasis,Penthouse,5,4,2994,2325947,2023
6550,Downtown Dubai,Townhouse,2,2,3624,9651940,2024
6551,Business Bay,Villa,4,5,2930,5139622,2024
6552,JVC,Townhouse,2,3,4162,4174619,2026
6553,Downtown Dubai,Apartment,5,5,1185,3321255,2026
6554,JVC,Villa,3,3,2598,2392041,2026
6555,JVC,Villa,5,6,2286,1821155,2025
6556,Deira,Penthouse,4,5,2830,2129498,2026
6557,Al Barsha,Penthouse,4,3,1010,1058821,2026
6558,Downtown Dubai,Penthouse,5,4,1855,4861661,2023
6559,Business Bay,Villa,4,4,4786,10008337,2024
6560,JVC,Townhouse,2,2,839,873129,2026
6561,Al Barsha,Penthouse,3,2,3304,4248043,2025
6562,Dubai Marina,Apartment,3,2,3440,5787026,2024
6563,Business Bay,Townhouse,1,1,2556,3995836,2026
6564,JVC,Villa,3,2,506,430646,2024
6565,JVC,Townhouse,3,3,509,520151,2025
6566,Dubai Silicon Oasis,Villa,2,3,1631,1195549,2026
6567,Palm Jumeirah,Townhouse,1,1,826,2091949,2024
6568,Business Bay,Villa,3,2,788,1726558,2023
6569,Al Barsha,Penthouse,3,2,1094,1047292,2025
6570,Al Barsha,Penthouse,1,2,1236,1126239,2025
6571,Downtown Dubai,Townhouse,4,4,4248,9152842,2024
6572,Business Bay,Villa,1,1,3320,4962275,2025
6573,Business Bay,Apartment,1,1,491,682687,2025
6574,Business Bay,Apartment,3,4,3272,5299252,2026
6575,JVC,Villa,2,1,985,858957,2025
6576,Al Barsha,Penthouse,5,6,2307,2781107,2024
6577,Dubai Silicon Oasis,Penthouse,1,2,526,428297,2024
6578,Dubai Marina,Townhouse,2,2,769,1617266,2024
6579,Al Barsha,Penthouse,4,5,966,1128149,2023
6580,Al Barsha,Apartment,2,3,2365,2824983,2023
6581,JVC,Townhouse,5,5,2503,2836722,2026
6582,Business Bay,Townhouse,4,5,1990,3549834,2026
6583,Dubai Marina,Apartment,5,5,3233,4957992,2024
6584,JVC,Townhouse,5,5,3700,2728373,2026
6585,Downtown Dubai,Penthouse,1,1,3738,7347414,2025
6586,Dubai Silicon Oasis,Villa,3,3,3042,2955864,2025
6587,Dubai Marina,Villa,4,3,2886,5647655,2026
6588,JVC,Villa,1,1,2635,2063345,2024
6589,Business Bay,Townhouse,3,2,1456,2144310,2025
6590,Dubai Silicon Oasis,Townhouse,4,3,2614,2605115,2024
6591,Al Barsha,Apartment,4,5,396,419766,2026
6592,Dubai Silicon Oasis,Townhouse,3,2,4843,3432520,2024
6593,JVC,Townhouse,5,6,2070,2325720,2025
6594,JVC,Apartment,4,4,3866,4037369,2024
6595,Palm Jumeirah,Villa,1,1,4798,14953701,2024
6596,JVC,Apartment,2,1,2660,2471883,2024
6597,Dubai Marina,Penthouse,5,6,4357,8911749,2026
6598,Al Barsha,Townhouse,1,1,2578,2498480,2024
6599,Dubai Marina,Townhouse,1,1,965,2258021,2024
6600,Downtown Dubai,Apartment,2,2,473,1240683,2023
6601,Dubai Silicon Oasis,Villa,5,6,980,878456,2024
6602,Deira,Penthouse,4,4,4732,3788478,2024
6603,Deira,Penthouse,1,1,2559,2325182,2025
6604,Downtown Dubai,Apartment,2,3,1834,3249590,2025
6605,JVC,Villa,5,6,2424,1770177,2026
6606,Downtown Dubai,Townhouse,2,3,1540,4040237,2025
6607,Deira,Villa,3,2,4398,2785197,2023
6608,Palm Jumeirah,Penthouse,3,4,4997,17128465,2026
6609,JVC,Villa,4,3,744,704198,2023
6610,Deira,Villa,4,4,3691,2478634,2026
6611,Al Barsha,Penthouse,5,5,1910,1748929,2025
6612,Deira,Townhouse,1,1,570,474160,2023
6613,Dubai Marina,Apartment,3,2,4638,7392432,2026
6614,Palm Jumeirah,Apartment,4,5,637,1680457,2025
6615,Downtown Dubai,Penthouse,3,4,1307,2935686,2026
6616,JVC,Townhouse,4,3,468,362079,2025
6617,Dubai Silicon Oasis,Penthouse,4,4,2541,2278272,2025
6618,Business Bay,Penthouse,2,1,3138,6913563,2024
6619,Al Barsha,Townhouse,1,1,1841,2161254,2024
6620,Downtown Dubai,Penthouse,5,4,682,1652866,2026
6621,Dubai Silicon Oasis,Penthouse,5,6,890,710091,2023
6622,JVC,Villa,5,5,4690,5461952,2025
6623,Downtown Dubai,Townhouse,2,2,4097,11176360,2024
6624,JVC,Penthouse,2,3,4706,5126085,2025
6625,Downtown Dubai,Penthouse,2,2,2818,5672654,2024
6626,Palm Jumeirah,Penthouse,1,1,2889,7469136,2024
6627,Downtown Dubai,Penthouse,1,1,4004,7830763,2025
6628,Downtown Dubai,Villa,2,3,3217,6577343,2025
6629,Deira,Villa,5,5,2379,1400266,2026
6630,Dubai Marina,Penthouse,2,1,1707,3822963,2024
6631,Business Bay,Apartment,3,2,2607,3955916,2025
6632,Deira,Apartment,3,2,647,413635,2024
6633,Business Bay,Penthouse,2,3,1244,2630978,2025
6634,Dubai Marina,Penthouse,5,4,3779,8700500,2024
6635,Downtown Dubai,Villa,1,2,4386,8789365,2023
6636,Dubai Silicon Oasis,Penthouse,5,4,823,623565,2025
6637,Al Barsha,Villa,4,4,800,960041,2023
6638,JVC,Townhouse,2,3,747,863994,2023
6639,Al Barsha,Penthouse,4,4,4030,4533097,2026
6640,Dubai Marina,Villa,3,2,1797,3303472,2026
6641,Dubai Marina,Penthouse,5,4,1869,3826070,2025
6642,Dubai Silicon Oasis,Penthouse,1,1,407,387510,2023
6643,Deira,Townhouse,1,2,4872,2920420,2024
6644,Palm Jumeirah,Apartment,3,2,2368,7229379,2024
6645,JVC,Penthouse,5,4,4058,4487279,2025
6646,Al Barsha,Villa,1,2,3640,4195872,2026
6647,Palm Jumeirah,Villa,4,4,1009,2654337,2024
6648,Business Bay,Villa,5,6,4076,8159871,2025
6649,Business Bay,Villa,3,2,2908,5604660,2024
6650,JVC,Villa,5,5,3160,2651530,2025
6651,Palm Jumeirah,Townhouse,4,3,1281,3735401,2024
6652,Deira,Apartment,2,2,4287,2872471,2025
6653,Al Barsha,Townhouse,5,4,4682,6070794,2025
6654,Business Bay,Villa,4,5,2240,3396205,2024
6655,JVC,Penthouse,1,1,780,852724,2026
6656,Palm Jumeirah,Penthouse,3,2,4296,13729814,2026
6657,Palm Jumeirah,Villa,4,5,4476,16654222,2025
6658,JVC,Penthouse,5,4,2705,3142770,2023
6659,Dubai Marina,Villa,4,5,3043,7014038,2024
6660,JVC,Penthouse,3,3,1387,1531822,2023
6661,Dubai Marina,Townhouse,2,3,663,1201498,2025
6662,Dubai Marina,Townhouse,1,1,4740,7982846,2024
6663,Dubai Silicon Oasis,Apartment,1,2,2595,1992438,2026
6664,Al Barsha,Townhouse,4,4,1628,1834054,2025
6665,Dubai Marina,Penthouse,5,5,3573,6244440,2025
6666,JVC,Townhouse,1,1,471,431294,2026
6667,JVC,Apartment,4,3,721,544990,2025
6668,Dubai Silicon Oasis,Townhouse,3,2,1478,1401742,2024
6669,Business Bay,Townhouse,1,1,2445,3556861,2026
6670,JVC,Penthouse,2,2,2055,1791265,2025
6671,Deira,Penthouse,2,2,1221,936081,2025
6672,Business Bay,Apartment,4,4,1983,3592201,2024
6673,Downtown Dubai,Villa,2,3,1902,5216127,2025
6674,JVC,Penthouse,5,4,2789,2834766,2026
6675,Downtown Dubai,Apartment,2,3,2966,7794497,2025
6676,Deira,Penthouse,1,2,4456,2968614,2024
6677,Dubai Silicon Oasis,Apartment,1,1,4101,2841594,2026
6678,Al Barsha,Villa,3,4,1709,2002375,2025
6679,Business Bay,Apartment,3,2,4547,6777495,2026
6680,Business Bay,Penthouse,4,3,2771,5733313,2023
6681,Dubai Marina,Townhouse,3,4,1222,2796810,2025
6682,JVC,Penthouse,1,1,1931,1636170,2026
6683,Dubai Marina,Apartment,2,1,3799,8072512,2025
6684,Deira,Apartment,3,2,4171,2974208,2023
6685,Dubai Silicon Oasis,Townhouse,2,1,2089,1586802,2025
6686,Downtown Dubai,Apartment,4,3,1082,2417466,2023
6687,Deira,Townhouse,5,6,1242,976669,2024
6688,Palm Jumeirah,Townhouse,2,1,831,3226027,2024
6689,Business Bay,Villa,3,4,3599,5812518,2024
6690,Deira,Penthouse,5,4,2688,2169431,2023
6691,Deira,Apartment,2,3,2448,1657796,2025
6692,JVC,Apartment,3,4,3474,2894284,2025
6693,Al Barsha,Apartment,2,2,4203,4690216,2024
6694,Deira,Villa,4,5,4049,3346299,2025
6695,JVC,Villa,4,3,987,1029267,2025
6696,Deira,Townhouse,1,2,3091,2750696,2026
6697,Deira,Apartment,1,1,4453,2661020,2026
6698,Dubai Marina,Villa,1,1,3948,7606206,2026
6699,Downtown Dubai,Penthouse,1,2,1881,3912344,2026
6700,JVC,Apartment,1,2,2176,2366684,2025
6701,Dubai Marina,Penthouse,4,3,4489,6714753,2023
6702,Business Bay,Apartment,5,6,502,757735,2026
6703,Business Bay,Penthouse,3,4,2793,5631314,2026
6704,Al Barsha,Penthouse,5,6,889,868838,2024
6705,Downtown Dubai,Villa,4,5,4509,11317500,2024
6706,Palm Jumeirah,Apartment,5,6,530,2065812,2025
6707,Deira,Villa,4,5,458,330193,2024
6708,Business Bay,Townhouse,1,2,1879,3406695,2026
6709,Dubai Silicon Oasis,Villa,3,2,1280,1318567,2024
6710,JVC,Townhouse,3,4,2654,2802297,2024
6711,Business Bay,Penthouse,4,3,1742,2660458,2023
6712,Dubai Marina,Penthouse,4,4,2006,4340723,2025
6713,Business Bay,Villa,1,1,2976,5352275,2025
6714,Dubai Marina,Penthouse,4,3,2956,6351357,2025
6715,Dubai Silicon Oasis,Apartment,5,4,4697,4130640,2024
6716,Downtown Dubai,Penthouse,1,1,2584,5194006,2026
6717,Al Barsha,Apartment,3,3,2973,3589064,2024
6718,Dubai Marina,Townhouse,5,5,3502,5049267,2023
6719,JVC,Townhouse,1,1,1160,1298751,2024
6720,Dubai Marina,Apartment,1,1,3451,7511958,2025
6721,JVC,Villa,5,5,4357,5039144,2025
6722,Palm Jumeirah,Villa,1,1,1828,4484644,2025
6723,Business Bay,Penthouse,4,5,1179,2042015,2023
6724,Palm Jumeirah,Villa,5,4,1959,5198593,2026
6725,Al Barsha,Apartment,3,2,1628,1606827,2024
6726,Dubai Marina,Apartment,3,2,3070,5414903,2024
6727,Business Bay,Apartment,3,3,4366,8155368,2025
6728,Palm Jumeirah,Apartment,2,3,3123,9544340,2025
6729,Palm Jumeirah,Villa,2,2,933,3590519,2026
6730,Downtown Dubai,Villa,3,3,1813,3744844,2025
6731,Downtown Dubai,Apartment,5,6,3555,7894323,2024
6732,Business Bay,Villa,5,4,1885,3686224,2026
6733,Deira,Villa,5,6,3076,2020286,2025
6734,Dubai Silicon Oasis,Townhouse,1,1,3577,3324908,2025
6735,JVC,Villa,2,1,1880,1953170,2023
6736,Palm Jumeirah,Penthouse,4,3,3360,11653680,2024
6737,JVC,Villa,3,2,2201,2253349,2026
6738,Dubai Marina,Villa,2,3,977,2125672,2026
6739,Business Bay,Villa,2,2,2080,4587839,2026
6740,JVC,Apartment,1,1,2400,1787763,2026
6741,Downtown Dubai,Townhouse,2,2,361,832776,2025
6742,Deira,Townhouse,3,2,4501,3801447,2025
6743,JVC,Villa,3,4,2804,2018939,2023
6744,Downtown Dubai,Villa,3,3,518,1222308,2026
6745,Business Bay,Townhouse,2,3,4386,8424753,2025
6746,Dubai Silicon Oasis,Penthouse,2,1,4326,3100431,2025
6747,Deira,Villa,5,6,406,284316,2024
6748,Business Bay,Villa,3,4,1108,2250385,2024
6749,Al Barsha,Apartment,2,2,2041,1700849,2026
6750,Dubai Marina,Villa,4,5,2708,4228217,2026
6751,JVC,Townhouse,3,3,3724,4052200,2025
6752,Palm Jumeirah,Townhouse,3,4,2323,8394876,2023
6753,Business Bay,Penthouse,2,3,3194,5946726,2026
6754,Deira,Villa,4,3,397,280149,2025
6755,Deira,Penthouse,1,2,3412,2036889,2025
6756,Business Bay,Townhouse,5,6,4606,9441018,2026
6757,Dubai Silicon Oasis,Apartment,3,2,2796,2059808,2025
6758,Dubai Silicon Oasis,Apartment,3,4,2465,2478006,2025
6759,Business Bay,Villa,2,2,1731,3495689,2025
6760,Dubai Silicon Oasis,Villa,3,4,4787,3218655,2025
6761,Deira,Apartment,4,3,504,394340,2024
6762,Downtown Dubai,Apartment,3,2,1683,4666434,2024
6763,Dubai Marina,Townhouse,1,1,994,2217863,2025
6764,Dubai Marina,Penthouse,3,3,4378,8721053,2024
6765,Downtown Dubai,Apartment,2,2,2594,5056107,2026
6766,JVC,Apartment,1,1,4639,4760118,2025
6767,Dubai Marina,Townhouse,5,6,3442,7020054,2025
6768,Palm Jumeirah,Apartment,2,1,2939,9649037,2023
6769,Business Bay,Penthouse,3,2,2756,4370689,2025
6770,Palm Jumeirah,Townhouse,1,1,1292,4845575,2024
6771,Palm Jumeirah,Villa,2,1,2963,9344903,2026
6772,JVC,Townhouse,2,2,3536,3018689,2023
6773,Palm Jumeirah,Apartment,1,1,4838,13463346,2025
6774,Dubai Silicon Oasis,Villa,5,4,2902,2183485,2026
6775,JVC,Townhouse,2,3,4715,4373126,2025
6776,JVC,Penthouse,3,4,4742,3906854,2026
6777,Palm Jumeirah,Penthouse,3,4,2779,8826442,2026
6778,Al Barsha,Townhouse,3,3,2392,2143260,2025
6779,Palm Jumeirah,Villa,3,3,1013,2842911,2024
6780,Al Barsha,Penthouse,3,4,1598,1374012,2024
6781,Dubai Marina,Apartment,1,2,4437,7816464,2023
6782,Dubai Marina,Villa,4,5,993,1792735,2024
6783,Business Bay,Villa,1,1,2196,3740139,2025
6784,Downtown Dubai,Townhouse,3,4,3598,9201439,2026
6785,Dubai Marina,Townhouse,2,2,1468,2752536,2025
6786,Downtown Dubai,Villa,3,4,4879,12306330,2024
6787,JVC,Penthouse,1,2,3370,2476656,2026
6788,Dubai Silicon Oasis,Villa,4,3,481,391839,2025
6789,Al Barsha,Townhouse,3,2,1499,1266503,2024
6790,JVC,Apartment,1,1,3793,3519698,2023
6791,Dubai Silicon Oasis,Apartment,1,1,4363,3865966,2026
6792,Al Barsha,Apartment,3,4,4660,5584402,2025
6793,JVC,Apartment,4,3,4307,4167447,2025
6794,Business Bay,Penthouse,3,2,697,1172756,2025
6795,Dubai Silicon Oasis,Townhouse,4,4,3743,2791473,2025
6796,Business Bay,Penthouse,4,4,862,1873838,2024
6797,JVC,Villa,5,4,705,570506,2025
6798,Dubai Silicon Oasis,Apartment,5,5,3567,2343399,2023
6799,Deira,Villa,5,6,2573,1554240,2024
6800,Business Bay,Apartment,4,3,3363,7425098,2025
6801,Al Barsha,Villa,3,2,4309,5399435,2023
6802,Deira,Apartment,3,2,670,450300,2026
6803,JVC,Apartment,4,3,2803,2023015,2023
6804,Business Bay,Townhouse,1,1,4230,8511289,2024
6805,Dubai Marina,Penthouse,4,3,2397,4100026,2025
6806,Dubai Marina,Apartment,3,3,2783,4062997,2025
6807,Dubai Silicon Oasis,Penthouse,3,2,2665,2192340,2024
6808,Dubai Marina,Penthouse,5,6,4568,8321709,2026
6809,Al Barsha,Apartment,4,4,582,570871,2025
6810,Downtown Dubai,Apartment,5,4,4432,10985616,2024
6811,Palm Jumeirah,Apartment,5,4,4146,14465483,2023
6812,Deira,Townhouse,5,5,4128,3119588,2026
6813,Dubai Silicon Oasis,Townhouse,2,2,2267,1463563,2025
6814,JVC,Penthouse,1,1,2748,2006279,2024
6815,Dubai Silicon Oasis,Townhouse,2,1,2065,2049920,2024
6816,Business Bay,Apartment,4,4,1520,2308083,2025
6817,Al Barsha,Penthouse,5,5,4420,4415722,2024
6818,Dubai Marina,Penthouse,5,4,2702,4142637,2024
6819,JVC,Townhouse,4,4,3713,3056487,2026
6820,Palm Jumeirah,Penthouse,4,3,818,2558728,2026
6821,Deira,Villa,5,6,4018,2581329,2024
6822,Al Barsha,Townhouse,4,5,3413,3855124,2024
6823,JVC,Townhouse,1,1,4988,4415820,2024
6824,Palm Jumeirah,Villa,3,2,972,3482384,2026
6825,Palm Jumeirah,Penthouse,2,1,2861,9449670,2025
6826,Dubai Silicon Oasis,Townhouse,4,5,2726,2021563,2024
6827,Dubai Marina,Penthouse,4,5,2853,6184004,2025
6828,Dubai Marina,Villa,2,1,602,1371884,2025
6829,Palm Jumeirah,Villa,2,2,2550,6579169,2023
6830,Dubai Marina,Penthouse,1,1,1742,3558378,2026
6831,Downtown Dubai,Apartment,2,3,3220,7901477,2023
6832,Palm Jumeirah,Townhouse,5,4,1429,4865129,2025
6833,JVC,Penthouse,4,3,2372,1741127,2025
6834,JVC,Penthouse,5,6,3233,2368678,2025
6835,JVC,Penthouse,5,6,647,551674,2023
6836,Deira,Townhouse,5,5,4008,2357030,2025
6837,JVC,Apartment,1,2,3678,3254055,2025
6838,Al Barsha,Villa,2,1,616,761505,2026
6839,Downtown Dubai,Penthouse,1,1,651,1399571,2024
6840,Dubai Marina,Townhouse,1,1,4303,7717695,2023
6841,Downtown Dubai,Villa,2,2,1667,3424475,2026
6842,Dubai Silicon Oasis,Penthouse,2,2,4352,3519206,2025
6843,JVC,Villa,1,2,2671,2881689,2025
6844,Dubai Marina,Villa,5,6,1941,4246524,2025
6845,JVC,Villa,3,2,1622,1475170,2024
6846,Deira,Villa,4,5,3414,2386048,2026
6847,JVC,Townhouse,4,3,860,694690,2025
6848,Business Bay,Penthouse,5,5,2222,4864538,2026
6849,Dubai Marina,Penthouse,1,1,1958,3367555,2025
6850,Deira,Villa,2,2,1066,724799,2026
6851,Downtown Dubai,Villa,2,1,1990,4443355,2024
6852,Dubai Marina,Penthouse,3,3,2808,4246791,2023
6853,Deira,Townhouse,3,2,3500,2362458,2024
6854,Dubai Silicon Oasis,Apartment,4,5,751,760187,2026
6855,Palm Jumeirah,Townhouse,3,2,4406,11066319,2025
6856,Dubai Silicon Oasis,Penthouse,2,2,4434,3264284,2025
6857,Business Bay,Villa,3,2,3567,5511330,2024
6858,Palm Jumeirah,Townhouse,5,4,4647,12791352,2025
6859,JVC,Penthouse,3,3,2339,2688860,2025
6860,Palm Jumeirah,Apartment,3,4,4170,14440014,2025
6861,Dubai Silicon Oasis,Penthouse,1,1,3731,3760537,2025
6862,Deira,Apartment,1,2,2965,2550385,2024
6863,Dubai Marina,Apartment,2,3,1184,2370689,2025
6864,Palm Jumeirah,Villa,1,1,2942,9531235,2024
6865,Business Bay,Apartment,3,4,4541,8140809,2024
6866,Palm Jumeirah,Townhouse,5,5,4928,16924228,2024
6867,Palm Jumeirah,Townhouse,3,3,2433,8400509,2026
6868,Palm Jumeirah,Villa,4,5,1502,4955377,2023
6869,Al Barsha,Penthouse,5,5,3825,3918600,2024
6870,Al Barsha,Villa,4,5,703,799790,2025
6871,Dubai Silicon Oasis,Penthouse,4,3,1052,739212,2025
6872,Palm Jumeirah,Townhouse,4,4,2963,9562491,2026
6873,JVC,Townhouse,2,2,4954,4724555,2026
6874,Downtown Dubai,Penthouse,3,2,1878,4409811,2025
6875,Al Barsha,Villa,2,3,2411,2544591,2024
6876,Dubai Silicon Oasis,Apartment,4,3,1848,1737314,2023
6877,Dubai Marina,Penthouse,3,2,2398,5087941,2024
6878,Downtown Dubai,Townhouse,5,4,382,810810,2025
6879,Deira,Apartment,1,2,3115,2126808,2023
6880,Downtown Dubai,Penthouse,1,1,3122,5551336,2026
6881,Dubai Marina,Townhouse,4,3,1817,2801753,2026
6882,Dubai Silicon Oasis,Townhouse,4,5,1577,1174754,2025
6883,Dubai Marina,Apartment,4,3,3891,8284481,2025
6884,Downtown Dubai,Penthouse,2,1,1223,3225880,2026
6885,Dubai Silicon Oasis,Townhouse,1,1,568,419869,2024
6886,Dubai Marina,Townhouse,2,2,538,1195855,2026
6887,Al Barsha,Apartment,3,2,4450,4395927,2024
6888,Palm Jumeirah,Townhouse,3,4,2044,7352427,2025
6889,Palm Jumeirah,Penthouse,5,4,823,2551530,2023
6890,Al Barsha,Penthouse,5,5,4437,5130504,2025
6891,Dubai Marina,Villa,4,3,1041,1832869,2024
6892,Dubai Marina,Apartment,1,1,1915,2879290,2023
6893,Downtown Dubai,Villa,1,1,446,909597,2025
6894,Business Bay,Townhouse,3,4,3507,6847507,2023
6895,Dubai Silicon Oasis,Villa,4,5,3601,3626865,2024
6896,Dubai Marina,Townhouse,4,3,3867,7755123,2026
6897,Business Bay,Penthouse,2,1,1573,3167409,2023
6898,Business Bay,Apartment,1,2,1875,2572509,2025
6899,Downtown Dubai,Apartment,2,2,4712,12232678,2023
6900,JVC,Villa,4,3,4170,4570286,2025
6901,Downtown Dubai,Apartment,5,4,522,1155664,2026
6902,Downtown Dubai,Penthouse,5,5,3567,8215801,2025
6903,Palm Jumeirah,Apartment,3,3,4129,10233972,2026
6904,Dubai Silicon Oasis,Apartment,1,1,2950,2094070,2025
6905,Business Bay,Villa,5,4,3325,4681618,2025
6906,Deira,Villa,1,1,354,288856,2024
6907,Deira,Townhouse,2,1,489,410736,2026
6908,Al Barsha,Apartment,5,5,513,438273,2026
6909,Al Barsha,Penthouse,3,2,1089,1373009,2023
6910,Dubai Silicon Oasis,Apartment,1,1,4957,4837093,2023
6911,Al Barsha,Penthouse,3,4,3299,3589782,2024
6912,Dubai Silicon Oasis,Townhouse,1,1,3987,4111853,2024
6913,Dubai Silicon Oasis,Penthouse,2,2,1724,1711909,2024
6914,Deira,Apartment,5,4,4709,3003987,2026
6915,Business Bay,Townhouse,2,1,1274,2765765,2026
6916,JVC,Villa,5,6,4545,4178362,2025
6917,Palm Jumeirah,Townhouse,3,4,493,1297723,2024
6918,Al Barsha,Apartment,4,4,445,400519,2025
6919,Al Barsha,Townhouse,4,3,716,817741,2026
6920,Palm Jumeirah,Penthouse,3,3,4032,15649553,2026
6921,Dubai Marina,Penthouse,1,1,1547,2847631,2026
6922,JVC,Penthouse,5,4,2447,2392947,2026
6923,Palm Jumeirah,Townhouse,3,2,2541,7242763,2025
6924,Business Bay,Apartment,4,4,4021,8358206,2023
6925,Business Bay,Villa,3,3,1971,2873486,2026
6926,JVC,Apartment,4,4,381,374146,2025
6927,Dubai Marina,Apartment,2,3,2147,4224433,2026
6928,Business Bay,Villa,5,4,1690,2300037,2025
6929,Business Bay,Townhouse,2,1,3748,8093723,2024
6930,Al Barsha,Apartment,4,5,3843,4946598,2024
6931,Dubai Marina,Penthouse,3,2,777,1445784,2026
6932,Business Bay,Townhouse,3,2,4037,7980322,2025
6933,Al Barsha,Townhouse,1,2,677,828888,2024
6934,JVC,Townhouse,2,1,3231,2496003,2025
6935,JVC,Villa,1,1,2160,1637449,2024
6936,Dubai Marina,Townhouse,3,4,1750,3605662,2025
6937,Palm Jumeirah,Townhouse,4,4,2596,8409063,2025
6938,Al Barsha,Penthouse,3,2,1793,2043476,2025
6939,Business Bay,Townhouse,4,5,4041,7460482,2026
6940,Business Bay,Penthouse,2,1,4845,9580662,2024
6941,Deira,Villa,2,3,4143,2544706,2026
6942,Business Bay,Villa,3,3,2392,3691514,2026
6943,Business Bay,Penthouse,2,3,2690,4200353,2026
6944,Al Barsha,Townhouse,5,6,2429,2449063,2026
6945,JVC,Villa,5,6,4039,4288618,2023
6946,Al Barsha,Villa,3,2,2918,3547407,2025
6947,JVC,Townhouse,4,5,2526,2274873,2023
6948,Palm Jumeirah,Townhouse,1,1,2254,7445130,2025
6949,JVC,Villa,1,1,2093,1784973,2023
6950,Deira,Apartment,2,2,2919,2120717,2023
6951,Business Bay,Penthouse,2,1,3553,7673676,2026
6952,Downtown Dubai,Villa,2,2,2360,4852666,2026
6953,Deira,Apartment,3,2,4100,3426699,2025
6954,Dubai Silicon Oasis,Villa,4,4,4194,2754945,2025
6955,Dubai Marina,Penthouse,3,3,2345,4105435,2026
6956,Palm Jumeirah,Apartment,3,3,4577,15507662,2026
6957,Deira,Townhouse,1,1,1154,959666,2023
6958,Deira,Villa,2,3,4684,3593868,2023
6959,Downtown Dubai,Townhouse,5,4,1717,4663619,2026
6960,Dubai Marina,Townhouse,5,6,2973,6477296,2023
6961,Palm Jumeirah,Apartment,1,1,1668,5548197,2025
6962,Deira,Villa,1,1,2405,1639832,2025
6963,JVC,Penthouse,5,5,1931,1706366,2025
6964,JVC,Penthouse,1,1,3629,3617364,2023
6965,Palm Jumeirah,Penthouse,3,4,727,2460769,2025
6966,Business Bay,Villa,5,4,4248,7202053,2025
6967,Business Bay,Apartment,4,5,4552,7728794,2026
6968,Deira,Penthouse,3,2,2967,1845096,2025
6969,Dubai Silicon Oasis,Townhouse,2,3,2894,1852492,2026
6970,Al Barsha,Apartment,4,4,3604,3714807,2024
6971,Dubai Marina,Townhouse,4,4,1275,2789390,2024
6972,JVC,Villa,5,6,3836,4085123,2026
6973,Dubai Marina,Apartment,3,2,1366,3188990,2023
6974,Al Barsha,Apartment,5,5,3495,3965786,2024
6975,Deira,Villa,4,5,1770,1136109,2023
6976,Downtown Dubai,Apartment,1,1,3819,9566914,2025
6977,Al Barsha,Penthouse,2,1,4028,4890956,2026
6978,Palm Jumeirah,Apartment,4,4,1320,4437174,2026
6979,Dubai Marina,Apartment,1,1,3221,6034710,2023
6980,Downtown Dubai,Townhouse,4,5,2667,6508450,2024
6981,Al Barsha,Villa,2,3,1717,1395751,2024
6982,JVC,Apartment,2,1,3085,2589242,2026
6983,Palm Jumeirah,Apartment,3,2,4965,13090748,2025
6984,Dubai Silicon Oasis,Apartment,5,6,361,290737,2024
6985,JVC,Villa,5,5,4799,5383837,2024
6986,Dubai Marina,Villa,3,4,4330,6967639,2024
6987,Dubai Marina,Townhouse,1,2,2811,4227423,2025
6988,Dubai Silicon Oasis,Townhouse,5,5,3186,3029149,2025
6989,Palm Jumeirah,Apartment,5,4,2066,7648031,2025
6990,JVC,Villa,4,4,950,911171,2025
6991,Dubai Marina,Villa,4,4,3007,5349182,2023
6992,Deira,Apartment,3,3,4146,2946509,2025
6993,Dubai Marina,Villa,1,1,1424,2895123,2025
6994,Dubai Marina,Apartment,1,1,3684,8061057,2024
6995,Palm Jumeirah,Villa,1,1,3828,10274966,2025
6996,Deira,Townhouse,5,5,3876,3394563,2026
6997,Palm Jumeirah,Apartment,1,1,1931,6538530,2025
6998,Dubai Silicon Oasis,Townhouse,3,2,2172,2031506,2025
6999,JVC,Apartment,2,3,2285,1734567,2025
7000,Palm Jumeirah,Villa,1,2,4322,16326428,2024
7001,JVC,Penthouse,5,6,4537,4345028,2024
7002,JVC,Townhouse,1,2,2275,2008707,2025
7003,Downtown Dubai,Penthouse,5,5,4860,10686319,2024
7004,Al Barsha,Apartment,4,3,3002,2841444,2025
7005,Deira,Apartment,4,4,2140,1320466,2025
7006,Deira,Villa,1,1,352,201389,2023
7007,Downtown Dubai,Apartment,5,6,3191,6544259,2026
7008,Dubai Marina,Townhouse,3,2,3348,6317510,2026
7009,Al Barsha,Villa,3,2,4852,5499161,2023
7010,Deira,Penthouse,4,3,3689,3012700,2025
7011,Dubai Marina,Apartment,2,1,487,962333,2024
7012,Deira,Villa,2,2,2987,1794057,2026
7013,Dubai Silicon Oasis,Apartment,2,1,3803,3090391,2025
7014,Al Barsha,Townhouse,3,2,2658,3013382,2025
7015,JVC,Apartment,4,4,2346,2473690,2026
7016,JVC,Villa,2,3,4116,3564571,2025
7017,Al Barsha,Villa,2,2,3192,4035392,2026
7018,Business Bay,Townhouse,5,4,3518,7162909,2024
7019,Deira,Villa,3,2,2508,2152129,2024
7020,Dubai Silicon Oasis,Townhouse,5,6,1643,1489573,2025
7021,Business Bay,Apartment,2,2,2763,4729417,2026
7022,Palm Jumeirah,Penthouse,2,2,4809,18280224,2023
7023,Business Bay,Townhouse,2,3,3152,6701871,2025
7024,Palm Jumeirah,Apartment,3,3,3638,13252190,2026
7025,Dubai Marina,Apartment,4,4,927,2078347,2024
7026,Dubai Silicon Oasis,Villa,3,4,4943,4975842,2025
7027,Palm Jumeirah,Penthouse,2,1,1487,5233549,2023
7028,Downtown Dubai,Villa,5,5,4866,9636479,2023
7029,Palm Jumeirah,Villa,3,3,2422,7769342,2024
7030,Business Bay,Villa,2,1,4622,8705975,2026
7031,Al Barsha,Villa,1,1,4496,5335343,2023
7032,Al Barsha,Villa,3,4,3862,4045729,2024
7033,Business Bay,Apartment,4,3,4611,8281081,2025
7034,Deira,Townhouse,5,5,3183,2891589,2024
7035,Dubai Marina,Apartment,2,2,4296,7934646,2025
7036,Dubai Silicon Oasis,Townhouse,1,1,1150,795804,2025
7037,Palm Jumeirah,Villa,5,4,676,2342019,2026
7038,Deira,Townhouse,3,3,2876,1975494,2026
7039,Deira,Townhouse,1,2,4115,2662358,2023
7040,JVC,Townhouse,1,1,3909,3919976,2025
7041,Deira,Townhouse,3,3,2804,2506856,2025
7042,Business Bay,Villa,4,4,2771,4505334,2024
7043,Deira,Townhouse,2,3,3185,2198589,2025
7044,Dubai Marina,Apartment,2,3,4387,8155174,2026
7045,Downtown Dubai,Villa,4,3,4264,10731609,2026
7046,Dubai Silicon Oasis,Apartment,5,5,859,685808,2025
7047,Deira,Townhouse,3,3,3120,2211398,2024
7048,Downtown Dubai,Penthouse,3,2,2121,5368242,2025
7049,Downtown Dubai,Townhouse,2,3,4067,11565118,2025
7050,Palm Jumeirah,Apartment,1,1,2702,7767590,2025
7051,Dubai Marina,Apartment,1,2,4959,9753335,2026
7052,Business Bay,Villa,5,4,2360,4803174,2026
7053,JVC,Townhouse,1,1,3507,2859809,2026
7054,Downtown Dubai,Villa,5,6,854,2271769,2025
7055,JVC,Penthouse,2,2,4685,4121482,2025
7056,JVC,Townhouse,4,3,1063,818467,2024
7057,Dubai Marina,Penthouse,5,4,2109,3084227,2026
7058,Deira,Penthouse,4,4,4244,2425787,2025
7059,JVC,Apartment,4,5,4848,5230696,2024
7060,Dubai Marina,Penthouse,2,2,2602,5327451,2023
7061,Dubai Marina,Apartment,3,2,2603,5607229,2026
7062,Dubai Silicon Oasis,Apartment,4,5,576,542119,2024
7063,Dubai Marina,Townhouse,3,3,4901,8737884,2026
7064,Dubai Silicon Oasis,Townhouse,1,1,426,431626,2025
7065,Downtown Dubai,Townhouse,5,5,471,1283823,2024
7066,Dubai Marina,Apartment,1,1,2551,4473220,2026
7067,Palm Jumeirah,Apartment,5,6,366,1302744,2026
7068,Al Barsha,Penthouse,5,6,1114,1347749,2024
7069,Dubai Marina,Townhouse,1,1,3268,6142591,2023
7070,JVC,Villa,4,4,3628,2808755,2025
7071,Al Barsha,Apartment,4,3,1736,1678761,2024
7072,Dubai Marina,Apartment,2,2,4048,9431557,2024
7073,Downtown Dubai,Villa,5,4,3175,8088404,2026
7074,JVC,Villa,1,2,1411,1507822,2024
7075,Al Barsha,Penthouse,2,1,3662,4599333,2025
7076,Al Barsha,Villa,5,6,3103,2796986,2024
7077,Deira,Villa,4,3,4126,3709032,2024
7078,Deira,Penthouse,1,1,1068,791761,2024
7079,Dubai Marina,Apartment,1,2,1423,3002829,2024
7080,Downtown Dubai,Apartment,2,3,1761,3715765,2026
7081,Dubai Silicon Oasis,Penthouse,1,1,1937,1494904,2026
7082,Deira,Penthouse,1,1,4482,3074024,2025
7083,Downtown Dubai,Villa,3,4,3756,8048600,2026
7084,Deira,Apartment,1,2,2880,1675803,2023
7085,Deira,Apartment,2,2,2863,1913488,2025
7086,Deira,Apartment,2,1,4469,3515240,2026
7087,Dubai Silicon Oasis,Penthouse,5,4,2427,2428915,2025
7088,Palm Jumeirah,Townhouse,5,4,1397,3440109,2026
7089,Dubai Marina,Penthouse,5,6,986,1434596,2025
7090,Al Barsha,Townhouse,2,1,1884,2065239,2026
7091,Dubai Marina,Townhouse,3,3,3387,7010097,2023
7092,Deira,Penthouse,3,4,2539,1962351,2023
7093,Al Barsha,Villa,5,4,2311,2973151,2024
7094,Downtown Dubai,Townhouse,4,5,2582,5194351,2026
7095,Al Barsha,Villa,5,6,4883,5081359,2023
7096,Al Barsha,Townhouse,3,2,4989,6275917,2024
7097,Deira,Apartment,5,4,1100,853736,2026
7098,JVC,Apartment,4,3,882,864099,2025
7099,Downtown Dubai,Villa,4,3,1486,4140182,2024
7100,Deira,Penthouse,4,3,4311,2925513,2023
7101,Downtown Dubai,Villa,2,3,2486,4805173,2026
7102,Deira,Townhouse,4,3,4366,2642437,2026
7103,Downtown Dubai,Townhouse,2,1,3357,8943247,2025
7104,JVC,Townhouse,4,5,2922,3230641,2023
7105,Palm Jumeirah,Apartment,2,1,1659,4563606,2025
7106,Downtown Dubai,Penthouse,4,3,1949,4410155,2025
7107,Al Barsha,Penthouse,3,2,1036,1131753,2026
7108,Deira,Apartment,4,5,2764,1682341,2026
7109,Dubai Marina,Villa,2,3,1653,3643095,2026
7110,Al Barsha,Penthouse,4,5,1709,1725131,2025
7111,Deira,Apartment,5,6,533,459561,2023
7112,Al Barsha,Townhouse,1,1,4065,4796855,2026
7113,Palm Jumeirah,Penthouse,2,2,4717,13407748,2025
7114,Deira,Penthouse,4,4,2666,2161595,2023
7115,Business Bay,Villa,5,4,2842,5654441,2026
7116,Downtown Dubai,Townhouse,4,5,4655,9786622,2023
7117,Downtown Dubai,Penthouse,3,3,2728,5562689,2025
7118,JVC,Villa,2,3,3245,3538810,2025
7119,JVC,Penthouse,5,4,2340,2398663,2023
7120,Al Barsha,Penthouse,5,6,2741,3206385,2026
7121,Palm Jumeirah,Townhouse,5,4,2776,7965962,2025
7122,Business Bay,Townhouse,2,1,3656,7216450,2025
7123,Deira,Apartment,3,3,3159,2558813,2026
7124,Deira,Apartment,2,1,2693,1822208,2026
7125,Dubai Silicon Oasis,Penthouse,5,4,702,525225,2024
7126,JVC,Townhouse,5,6,4555,4163851,2025
7127,Downtown Dubai,Penthouse,1,1,4480,11527046,2025
7128,Dubai Marina,Townhouse,2,2,1207,1948374,2026
7129,Downtown Dubai,Villa,3,2,1713,4662252,2024
7130,Palm Jumeirah,Penthouse,3,4,4876,13569488,2025
7131,Al Barsha,Penthouse,3,4,1842,2246902,2023
7132,Palm Jumeirah,Penthouse,2,3,4126,10866705,2026
7133,Dubai Silicon Oasis,Penthouse,4,4,4003,3745912,2026
7134,Deira,Apartment,5,5,4352,3292236,2024
7135,Dubai Silicon Oasis,Penthouse,5,4,424,383543,2025
7136,JVC,Apartment,3,2,2595,3005948,2024
7137,JVC,Penthouse,5,4,2979,2215336,2024
7138,Al Barsha,Apartment,4,4,4242,3709898,2023
7139,Deira,Apartment,1,2,1393,818637,2026
7140,Business Bay,Townhouse,4,5,1776,3199803,2024
7141,Dubai Silicon Oasis,Villa,2,1,1186,1139891,2025
7142,Al Barsha,Penthouse,4,3,3893,3221116,2026
7143,JVC,Villa,4,3,4994,5347240,2023
7144,Palm Jumeirah,Townhouse,5,4,1003,3058732,2025
7145,Business Bay,Townhouse,5,5,1433,3095587,2026
7146,Business Bay,Penthouse,5,6,1777,2994763,2026
7147,Al Barsha,Penthouse,3,2,4483,5793376,2024
7148,Deira,Townhouse,3,4,2422,1828083,2024
7149,Dubai Marina,Villa,3,3,1660,3869449,2026
7150,Palm Jumeirah,Townhouse,5,5,1848,6186787,2023
7151,Deira,Townhouse,2,3,3131,2132892,2025
7152,Palm Jumeirah,Penthouse,3,4,2149,7747387,2024
7153,JVC,Apartment,4,5,1002,941010,2026
7154,Deira,Apartment,1,1,4163,2781228,2024
7155,Dubai Silicon Oasis,Villa,4,3,2313,1922875,2025
7156,Dubai Marina,Villa,2,3,1543,3432745,2026
7157,Palm Jumeirah,Penthouse,2,3,3737,13073749,2023
7158,Dubai Silicon Oasis,Villa,4,5,3815,2706771,2025
7159,Business Bay,Apartment,1,1,1070,2217904,2026
7160,JVC,Apartment,1,1,692,632583,2025
7161,Downtown Dubai,Penthouse,3,2,561,1038498,2023
7162,Downtown Dubai,Townhouse,3,3,3910,7514587,2026
7163,Business Bay,Penthouse,1,1,3259,4615523,2023
7164,Al Barsha,Villa,2,1,4032,4589601,2024
7165,Downtown Dubai,Apartment,2,3,3262,6665313,2024
7166,Downtown Dubai,Villa,3,3,2217,4136886,2025
7167,Dubai Silicon Oasis,Apartment,2,1,3091,2430353,2024
7168,Dubai Silicon Oasis,Apartment,1,1,3709,3659990,2024
7169,Downtown Dubai,Penthouse,3,4,2204,5403328,2025
7170,Business Bay,Villa,5,5,4605,8166015,2024
7171,Business Bay,Apartment,3,4,4533,8989915,2026
7172,JVC,Apartment,2,3,4073,3071664,2025
7173,Downtown Dubai,Villa,3,3,4964,13556926,2025
7174,Dubai Marina,Penthouse,1,1,2165,3463918,2024
7175,Palm Jumeirah,Townhouse,2,1,880,2140223,2026
7176,Dubai Marina,Townhouse,3,4,2601,4593689,2024
7177,Palm Jumeirah,Townhouse,3,4,3818,9497927,2024
7178,Dubai Marina,Penthouse,3,3,3974,6320134,2024
7179,Downtown Dubai,Apartment,5,4,2156,5547169,2026
7180,Dubai Marina,Villa,4,4,1710,3085284,2025
7181,Business Bay,Villa,1,2,2421,3306756,2023
7182,JVC,Apartment,3,2,4088,4127615,2024
7183,JVC,Townhouse,3,3,631,655104,2025
7184,JVC,Townhouse,1,1,1875,2111031,2024
7185,Dubai Silicon Oasis,Townhouse,2,2,1418,995210,2025
7186,Business Bay,Apartment,5,5,4097,8556956,2024
7187,Al Barsha,Villa,2,3,2533,2923978,2024
7188,Downtown Dubai,Villa,3,2,753,1792128,2026
7189,Business Bay,Apartment,2,2,1567,2479784,2025
7190,Dubai Marina,Townhouse,1,2,556,1029744,2023
7191,JVC,Townhouse,2,3,2561,2072416,2024
7192,Dubai Marina,Penthouse,4,4,4989,10406679,2026
7193,Dubai Marina,Penthouse,5,6,2987,6192740,2026
7194,Downtown Dubai,Penthouse,4,3,4392,8655239,2026
7195,Downtown Dubai,Villa,5,5,3803,7750051,2026
7196,JVC,Apartment,4,5,4455,5014103,2023
7197,Deira,Townhouse,4,4,1796,1302261,2023
7198,Downtown Dubai,Townhouse,3,3,4773,11294010,2023
7199,Palm Jumeirah,Villa,1,1,1459,5599551,2023
7200,JVC,Villa,3,3,2388,1941827,2026
7201,Business Bay,Penthouse,5,6,3517,6657894,2023
7202,Dubai Silicon Oasis,Penthouse,3,3,1683,1598186,2025
7203,Business Bay,Townhouse,4,3,1579,2576175,2024
7204,JVC,Penthouse,1,1,954,819455,2026
7205,Downtown Dubai,Apartment,2,3,369,1013458,2026
7206,Downtown Dubai,Townhouse,2,2,2680,5009848,2026
7207,Al Barsha,Villa,2,1,4938,4338911,2024
7208,Deira,Villa,5,4,1373,966364,2026
7209,JVC,Penthouse,3,2,2396,2585945,2026
7210,Business Bay,Penthouse,4,3,4700,8209691,2025
7211,Palm Jumeirah,Villa,4,5,3941,11057850,2025
7212,Dubai Marina,Townhouse,3,3,368,669121,2024
7213,Dubai Silicon Oasis,Townhouse,5,5,2677,2190279,2025
7214,Al Barsha,Penthouse,2,1,1015,1180965,2026
7215,Palm Jumeirah,Apartment,1,2,1498,5547281,2024
7216,Deira,Townhouse,4,5,1496,1005967,2024
7217,Dubai Marina,Apartment,4,5,3198,6644438,2024
7218,Dubai Silicon Oasis,Penthouse,2,2,1275,1173708,2026
7219,Deira,Apartment,5,5,1521,1260044,2025
7220,Dubai Silicon Oasis,Apartment,1,1,1399,1217275,2026
7221,Al Barsha,Penthouse,2,3,2009,1621964,2025
7222,Palm Jumeirah,Townhouse,1,2,3400,11504923,2024
7223,JVC,Penthouse,1,1,2209,2199134,2025
7224,Deira,Villa,4,4,1872,1448987,2024
7225,Palm Jumeirah,Villa,4,3,2756,7777288,2025
7226,Business Bay,Townhouse,4,4,3209,4631237,2025
7227,Deira,Penthouse,5,4,421,263661,2025
7228,Dubai Silicon Oasis,Penthouse,1,2,4489,3261177,2024
7229,Downtown Dubai,Villa,4,5,4611,8995924,2025
7230,Palm Jumeirah,Townhouse,1,2,3151,8718203,2026
7231,Al Barsha,Penthouse,5,4,3021,2520558,2024
7232,JVC,Townhouse,4,3,3579,3010642,2026
7233,JVC,Townhouse,4,5,2400,2805716,2025
7234,Dubai Marina,Apartment,3,2,2049,3893598,2025
7235,JVC,Townhouse,2,2,1990,1741230,2023
7236,Palm Jumeirah,Apartment,4,5,1092,3800958,2023
7237,Dubai Silicon Oasis,Villa,5,5,4261,3527188,2025
7238,Palm Jumeirah,Townhouse,1,1,1840,4497414,2026
7239,JVC,Apartment,5,6,1672,1615696,2025
7240,Al Barsha,Villa,4,5,4833,4601176,2024
7241,Downtown Dubai,Villa,1,1,2706,6462745,2026
7242,Downtown Dubai,Apartment,5,5,3241,6321699,2026
7243,Palm Jumeirah,Townhouse,1,1,1491,4657622,2025
7244,Al Barsha,Townhouse,4,4,1640,1470784,2024
7245,Downtown Dubai,Penthouse,1,2,3736,7803371,2025
7246,Dubai Marina,Townhouse,1,2,2446,5034964,2026
7247,Deira,Apartment,4,3,1037,663346,2024
7248,Palm Jumeirah,Apartment,4,5,4235,12813865,2024
7249,Deira,Penthouse,4,5,2222,1301199,2025
7250,Business Bay,Apartment,2,1,3458,6722655,2025
7251,Dubai Marina,Villa,5,4,1936,3726894,2024
7252,JVC,Villa,1,1,2957,3211910,2025
7253,Business Bay,Apartment,5,6,3956,7179404,2026
7254,Business Bay,Townhouse,2,3,4466,9847894,2026
7255,Dubai Silicon Oasis,Penthouse,4,4,1314,967698,2023
7256,Downtown Dubai,Penthouse,5,4,3476,8955278,2026
7257,JVC,Villa,2,1,4603,4209659,2025
7258,Downtown Dubai,Villa,3,4,3338,7255346,2024
7259,Palm Jumeirah,Apartment,5,5,1015,3549753,2023
7260,Al Barsha,Apartment,5,5,1232,1574223,2026
7261,Dubai Silicon Oasis,Penthouse,2,3,1293,1218304,2023
7262,Downtown Dubai,Penthouse,3,2,844,1791925,2024
7263,Business Bay,Penthouse,2,1,3854,6911794,2025
7264,Deira,Apartment,3,4,4837,3076327,2026
7265,Dubai Marina,Villa,2,1,2753,5501085,2024
7266,Deira,Townhouse,1,2,3134,2196637,2025
7267,Downtown Dubai,Penthouse,5,6,3947,7937205,2026
7268,Dubai Marina,Villa,4,3,2282,3329400,2026
7269,Dubai Marina,Apartment,3,3,2546,5786528,2026
7270,Dubai Silicon Oasis,Penthouse,1,2,3088,2073679,2023
7271,Deira,Apartment,1,1,1766,1192506,2026
7272,Al Barsha,Townhouse,3,2,637,570259,2025
7273,Deira,Villa,4,3,2990,2191504,2025
7274,Al Barsha,Apartment,2,1,4172,3744254,2023
7275,Business Bay,Townhouse,4,3,690,1370187,2025
7276,Al Barsha,Villa,2,1,1357,1238140,2024
7277,Dubai Marina,Villa,1,1,1572,2526064,2025
7278,Palm Jumeirah,Apartment,3,4,4091,11149316,2024
7279,Al Barsha,Townhouse,1,1,2696,2557915,2025
7280,Dubai Silicon Oasis,Villa,1,1,2834,2541340,2023
7281,JVC,Apartment,1,1,3350,2728014,2025
7282,Downtown Dubai,Villa,2,1,1636,4133411,2025
7283,Deira,Apartment,3,2,3667,2605622,2024
7284,Dubai Marina,Townhouse,5,6,490,792480,2026
7285,Al Barsha,Townhouse,2,1,878,807779,2025
7286,Deira,Penthouse,1,1,4143,3084740,2026
7287,Deira,Penthouse,1,1,3410,2361493,2025
7288,JVC,Apartment,2,1,1170,1112875,2026
7289,Dubai Marina,Apartment,2,1,2390,5189458,2026
7290,Palm Jumeirah,Villa,2,1,590,1456560,2025
7291,JVC,Apartment,5,4,3474,3116611,2026
7292,Business Bay,Penthouse,2,3,3864,6619520,2024
7293,Downtown Dubai,Penthouse,4,5,1644,3347198,2026
7294,JVC,Villa,4,4,1977,1816557,2025
7295,Al Barsha,Penthouse,1,2,1451,1571892,2023
7296,Dubai Silicon Oasis,Townhouse,2,3,2160,1887803,2025
7297,JVC,Townhouse,3,4,1616,1650622,2023
7298,Downtown Dubai,Penthouse,3,2,1498,2762979,2026
7299,Dubai Marina,Townhouse,1,2,2350,4356915,2026
7300,Downtown Dubai,Townhouse,4,4,4345,11268209,2025
7301,Dubai Marina,Apartment,2,2,3896,7205810,2024
7302,Deira,Townhouse,2,3,1732,1367881,2026
7303,Deira,Penthouse,4,4,4734,3629354,2026
7304,Al Barsha,Penthouse,5,4,1327,1369941,2025
7305,JVC,Apartment,5,4,4584,3463293,2024
7306,Al Barsha,Apartment,5,4,1788,1996503,2025
7307,Downtown Dubai,Townhouse,3,2,2862,6719873,2024
7308,Downtown Dubai,Apartment,1,1,1294,2285531,2026
7309,Dubai Silicon Oasis,Townhouse,2,3,3893,2813637,2024
7310,Dubai Silicon Oasis,Villa,2,2,1827,1214150,2024
7311,Palm Jumeirah,Penthouse,2,2,4407,14346333,2024
7312,Palm Jumeirah,Apartment,2,1,735,1780700,2025
7313,Deira,Apartment,1,1,2684,2294410,2025
7314,Al Barsha,Apartment,1,2,1087,1384541,2026
7315,Downtown Dubai,Apartment,4,3,4483,12700952,2026
7316,Dubai Marina,Apartment,3,3,2289,3762946,2023
7317,Downtown Dubai,Penthouse,1,2,3486,8034027,2023
7318,JVC,Townhouse,3,3,4439,4976234,2024
7319,Downtown Dubai,Townhouse,5,5,2840,7145634,2026
7320,Palm Jumeirah,Villa,3,2,616,1754441,2026
7321,Downtown Dubai,Apartment,2,3,1376,3684029,2024
7322,Palm Jumeirah,Penthouse,2,2,1338,4363089,2024
7323,Deira,Penthouse,2,1,4600,3751275,2026
7324,Dubai Marina,Villa,2,2,4573,10574918,2025
7325,JVC,Penthouse,5,6,2567,3000512,2025
7326,Palm Jumeirah,Townhouse,5,6,4488,14169660,2024
7327,Dubai Marina,Villa,2,1,1493,2360360,2023
7328,Deira,Apartment,5,5,3509,2725951,2023
7329,Al Barsha,Townhouse,5,6,2172,2436824,2025
7330,JVC,Apartment,1,2,1468,1434918,2025
7331,Dubai Marina,Villa,3,3,1512,2751604,2024
7332,Palm Jumeirah,Townhouse,4,3,2302,7532927,2025
7333,Al Barsha,Villa,3,4,1929,2058281,2024
7334,JVC,Apartment,3,3,1332,1525288,2023
7335,Al Barsha,Apartment,3,3,1903,2319376,2023
7336,Al Barsha,Townhouse,4,5,947,944011,2023
7337,JVC,Penthouse,2,2,4858,4745731,2026
7338,Palm Jumeirah,Townhouse,3,3,2116,6875051,2024
7339,Dubai Marina,Apartment,2,1,849,1612799,2023
7340,Palm Jumeirah,Townhouse,5,6,3027,7528446,2026
7341,Dubai Silicon Oasis,Villa,1,1,4456,4121968,2024
7342,Dubai Silicon Oasis,Townhouse,1,2,2023,1886464,2024
7343,Downtown Dubai,Townhouse,1,1,4280,9812342,2024
7344,Deira,Penthouse,2,3,3190,2793006,2023
7345,Dubai Marina,Penthouse,4,4,3787,8806781,2023
7346,JVC,Apartment,5,4,1727,1875195,2025
7347,Al Barsha,Apartment,3,2,521,658508,2025
7348,Deira,Penthouse,1,1,1958,1430565,2023
7349,Business Bay,Villa,2,1,4648,9933264,2026
7350,Dubai Silicon Oasis,Apartment,1,1,4026,4082407,2023
7351,Al Barsha,Apartment,3,4,3996,4442687,2025
7352,Dubai Marina,Villa,4,5,4434,6986427,2023
7353,Dubai Marina,Penthouse,1,2,2085,3288205,2023
7354,Deira,Penthouse,4,4,1847,1339642,2025
7355,Dubai Silicon Oasis,Townhouse,2,2,4652,4346048,2024
7356,Downtown Dubai,Villa,4,3,3007,6950781,2023
7357,Palm Jumeirah,Townhouse,5,4,1735,6245609,2025
7358,Al Barsha,Penthouse,4,4,1643,1946781,2026
7359,Al Barsha,Villa,4,5,4429,3994090,2025
7360,Deira,Townhouse,4,3,598,362667,2023
7361,Dubai Silicon Oasis,Villa,1,1,636,586604,2024
7362,Dubai Silicon Oasis,Penthouse,1,1,3781,2904383,2025
7363,Al Barsha,Townhouse,2,1,356,450588,2024
7364,Deira,Apartment,4,3,1145,989254,2024
7365,Dubai Silicon Oasis,Penthouse,4,3,4956,4066374,2025
7366,Dubai Marina,Townhouse,4,3,2329,4570558,2026
7367,Dubai Marina,Villa,2,2,3733,8221535,2026
7368,Palm Jumeirah,Apartment,5,6,2614,9690238,2024
7369,Deira,Townhouse,3,2,771,582059,2026
7370,Dubai Silicon Oasis,Apartment,2,1,1207,1241719,2024
7371,Deira,Apartment,4,5,3889,2886956,2026
7372,Downtown Dubai,Townhouse,1,1,789,1424317,2025
7373,Dubai Silicon Oasis,Villa,3,4,3114,2693853,2025
7374,Dubai Marina,Townhouse,4,4,1968,4210154,2024
7375,Dubai Marina,Villa,4,5,2071,4818060,2025
7376,Deira,Townhouse,2,1,4778,2851887,2025
7377,Dubai Silicon Oasis,Townhouse,1,1,3167,2584952,2025
7378,Palm Jumeirah,Townhouse,1,1,3210,10528719,2025
7379,Downtown Dubai,Townhouse,1,1,1979,5401898,2023
7380,Dubai Marina,Penthouse,5,4,2123,4424970,2025
7381,Dubai Silicon Oasis,Villa,4,5,3538,2591579,2023
7382,JVC,Villa,3,2,530,586564,2024
7383,Deira,Apartment,3,3,1453,1151480,2025
7384,JVC,Villa,2,3,3141,3526779,2025
7385,Downtown Dubai,Villa,1,1,3249,8700208,2023
7386,Deira,Penthouse,1,1,778,470878,2023
7387,Deira,Penthouse,4,4,4013,3596309,2025
7388,Business Bay,Townhouse,1,1,2872,5014948,2026
7389,Palm Jumeirah,Apartment,1,2,1455,5636420,2025
7390,Business Bay,Apartment,4,3,3846,5841905,2026
7391,Palm Jumeirah,Townhouse,3,2,4957,17795516,2025
7392,Al Barsha,Villa,3,2,2319,2208721,2024
7393,Deira,Penthouse,2,1,1668,960237,2023
7394,JVC,Apartment,1,1,1742,2033468,2024
7395,Downtown Dubai,Townhouse,3,3,3105,6501524,2026
7396,Deira,Penthouse,2,2,570,335263,2024
7397,Deira,Villa,3,3,2597,2236468,2024
7398,JVC,Apartment,1,1,465,425200,2025
7399,Al Barsha,Apartment,2,1,529,575671,2025
7400,Business Bay,Townhouse,1,1,2349,5161028,2025
7401,JVC,Townhouse,3,2,3816,3572993,2024
7402,Palm Jumeirah,Townhouse,2,3,4457,11145387,2026
7403,Downtown Dubai,Penthouse,2,1,757,1907870,2024
7404,Deira,Penthouse,3,2,1484,1200125,2024
7405,Dubai Silicon Oasis,Apartment,3,3,2310,1657848,2026
7406,Dubai Silicon Oasis,Villa,2,1,3019,2590799,2026
7407,Business Bay,Villa,4,4,4939,8267084,2026
7408,JVC,Penthouse,2,2,3532,2622385,2025
7409,Business Bay,Apartment,2,3,2853,4635731,2026
7410,Dubai Marina,Townhouse,3,2,632,1427422,2024
7411,Deira,Villa,1,1,725,482187,2026
7412,Business Bay,Apartment,3,4,1061,1644129,2026
7413,Dubai Marina,Townhouse,3,3,3422,7825503,2024
7414,Palm Jumeirah,Villa,1,1,1890,5619896,2024
7415,Deira,Townhouse,3,3,1470,1307117,2026
7416,Downtown Dubai,Villa,1,1,3465,9453413,2025
7417,Business Bay,Apartment,4,5,4141,7287724,2026
7418,Dubai Silicon Oasis,Apartment,1,2,2391,1898417,2026
7419,Deira,Apartment,1,1,4450,2706495,2026
7420,Al Barsha,Villa,2,1,3764,3369940,2024
7421,Business Bay,Villa,4,5,3680,5731882,2025
7422,Business Bay,Apartment,4,3,4384,7714966,2026
7423,Business Bay,Villa,3,4,1204,2018260,2025
7424,Business Bay,Penthouse,1,1,3876,7908306,2023
7425,Downtown Dubai,Penthouse,2,2,4803,10020708,2025
7426,Dubai Marina,Villa,4,5,4963,9042922,2024
7427,Al Barsha,Townhouse,1,1,3037,2615931,2023
7428,Palm Jumeirah,Apartment,4,4,3857,10825943,2023
7429,Palm Jumeirah,Villa,2,1,4482,16021044,2024
7430,Palm Jumeirah,Townhouse,1,1,4312,14922325,2025
7431,Business Bay,Apartment,4,3,4524,7699338,2023
7432,Dubai Silicon Oasis,Penthouse,1,1,4220,3675574,2025
7433,Business Bay,Penthouse,2,1,2123,3714365,2026
7434,Palm Jumeirah,Penthouse,1,1,3745,14016901,2025
7435,Palm Jumeirah,Apartment,3,4,2258,6756017,2025
7436,Downtown Dubai,Penthouse,1,1,4078,10416541,2024
7437,Downtown Dubai,Apartment,1,1,4117,8235572,2025
7438,Downtown Dubai,Penthouse,3,3,4696,10507332,2025
7439,JVC,Apartment,5,4,3085,2956044,2026
7440,Downtown Dubai,Villa,1,1,2559,4798410,2026
7441,Downtown Dubai,Penthouse,3,3,1119,2692493,2025
7442,Dubai Silicon Oasis,Townhouse,5,5,3318,2886215,2024
7443,JVC,Apartment,2,1,2983,2360861,2025
7444,Al Barsha,Villa,3,2,2744,3565347,2026
7445,Business Bay,Villa,5,4,3494,5026535,2026
7446,Al Barsha,Penthouse,4,5,4307,5373636,2026
7447,Al Barsha,Villa,2,2,1041,1088633,2024
7448,Al Barsha,Apartment,4,5,2355,2146235,2026
7449,JVC,Apartment,4,3,3708,2857975,2023
7450,Dubai Marina,Townhouse,3,4,4161,8611098,2023
7451,JVC,Apartment,3,2,3969,4205166,2025
7452,Deira,Apartment,5,6,4066,3235333,2023
7453,Deira,Townhouse,5,6,4325,3057579,2024
7454,Deira,Penthouse,5,5,4822,2991572,2023
7455,Dubai Silicon Oasis,Apartment,4,5,3177,3036624,2023
7456,Downtown Dubai,Villa,2,3,1507,4096558,2024
7457,Business Bay,Villa,1,2,2970,5028478,2025
7458,Business Bay,Penthouse,1,1,3649,7571802,2024
7459,Downtown Dubai,Penthouse,5,4,818,2011593,2025
7460,Deira,Penthouse,2,3,3869,2880247,2025
7461,Dubai Marina,Townhouse,1,2,2880,5729888,2023
7462,Dubai Silicon Oasis,Apartment,2,2,4703,3212621,2026
7463,Dubai Marina,Penthouse,1,1,1334,2071514,2023
7464,Dubai Marina,Penthouse,3,3,4567,9563450,2026
7465,Downtown Dubai,Townhouse,3,3,2433,6877949,2026
7466,Dubai Silicon Oasis,Villa,2,2,3016,2542854,2026
7467,Al Barsha,Penthouse,4,4,3419,2827514,2025
7468,Dubai Silicon Oasis,Villa,3,4,3043,2030378,2026
7469,Al Barsha,Villa,5,5,4552,4705322,2024
7470,Dubai Silicon Oasis,Villa,4,5,1127,1017755,2026
7471,Business Bay,Townhouse,1,1,3743,5583227,2023
7472,Dubai Marina,Townhouse,2,3,4883,7176698,2025
7473,Business Bay,Apartment,4,5,1373,2718607,2025
7474,Downtown Dubai,Villa,3,3,1535,2948343,2026
7475,Downtown Dubai,Apartment,4,4,2558,5735030,2025
7476,Deira,Townhouse,2,2,3720,3039045,2024
7477,Downtown Dubai,Villa,1,1,4809,9126637,2024
7478,JVC,Penthouse,4,5,4050,3722917,2026
7479,Business Bay,Apartment,4,3,4042,5880046,2026
7480,Dubai Marina,Villa,4,4,2401,4208370,2023
7481,Deira,Apartment,3,4,3351,2946707,2025
7482,Al Barsha,Apartment,1,1,1332,1522564,2025
7483,Palm Jumeirah,Apartment,4,4,2503,6093903,2024
7484,Dubai Marina,Apartment,4,4,1228,1916943,2023
7485,Al Barsha,Penthouse,4,4,476,450729,2025
7486,Business Bay,Villa,1,1,4332,9189111,2023
7487,JVC,Townhouse,4,5,4091,4320868,2026
7488,Dubai Silicon Oasis,Penthouse,4,5,2725,2417067,2024
7489,Al Barsha,Villa,5,6,417,365416,2025
7490,Business Bay,Villa,3,3,769,1652998,2024
7491,Business Bay,Townhouse,4,5,869,1778764,2025
7492,Dubai Silicon Oasis,Townhouse,3,4,3684,2710577,2023
7493,Downtown Dubai,Apartment,4,3,1296,2857366,2024
7494,Business Bay,Penthouse,4,5,1513,2608602,2025
7495,Palm Jumeirah,Apartment,4,5,4354,14286604,2025
7496,JVC,Villa,5,5,4425,3932341,2025
7497,JVC,Penthouse,1,2,3898,3174967,2023
7498,Dubai Marina,Townhouse,4,3,1789,3650079,2023
7499,JVC,Townhouse,4,5,3046,3121844,2024
7500,JVC,Penthouse,3,3,1281,1177333,2023
7501,Al Barsha,Villa,3,4,4339,4526992,2024
7502,JVC,Townhouse,4,4,744,552644,2023
7503,Downtown Dubai,Townhouse,3,3,3811,8619371,2025
7504,Al Barsha,Apartment,3,3,2728,3274143,2023
7505,JVC,Villa,5,5,3872,3818439,2025
7506,Dubai Silicon Oasis,Penthouse,4,5,2445,2465243,2026
7507,Dubai Marina,Villa,2,3,1085,2262075,2026
7508,Dubai Marina,Penthouse,5,4,3843,8223533,2025
7509,Dubai Silicon Oasis,Penthouse,2,2,3284,2703934,2023
7510,Dubai Marina,Penthouse,1,1,2510,4006222,2025
7511,Dubai Marina,Apartment,5,4,2083,4709593,2024
7512,Deira,Penthouse,2,3,1948,1540320,2025
7513,JVC,Penthouse,2,3,2587,2921404,2026
7514,Business Bay,Penthouse,2,3,1566,2951744,2025
7515,Business Bay,Townhouse,3,3,1662,2902365,2026
7516,JVC,Townhouse,1,1,1643,1282579,2024
7517,Business Bay,Villa,1,2,408,692804,2024
7518,JVC,Apartment,2,1,4664,4612225,2023
7519,Downtown Dubai,Villa,2,1,1449,4033785,2023
7520,Downtown Dubai,Penthouse,1,1,1117,2984890,2023
7521,Dubai Marina,Apartment,5,5,1052,2000722,2026
7522,Palm Jumeirah,Apartment,3,3,4945,15190972,2025
7523,Palm Jumeirah,Penthouse,1,1,2566,6286469,2026
7524,Dubai Marina,Penthouse,1,1,1870,3283850,2026
7525,Business Bay,Townhouse,5,6,2228,4888499,2025
7526,Deira,Villa,2,1,761,623532,2026
7527,Dubai Marina,Apartment,1,1,1808,3457391,2024
7528,JVC,Townhouse,4,3,1506,1668700,2026
7529,Dubai Silicon Oasis,Townhouse,5,4,4084,2651424,2025
7530,Business Bay,Penthouse,2,2,621,1350041,2025
7531,Dubai Marina,Villa,4,4,2328,4818265,2025
7532,Palm Jumeirah,Penthouse,3,3,4023,9735544,2026
7533,Business Bay,Penthouse,1,1,4226,8281700,2026
7534,Downtown Dubai,Apartment,4,4,2733,5059987,2024
7535,Dubai Marina,Penthouse,5,4,1384,2789642,2023
7536,Dubai Silicon Oasis,Townhouse,5,5,1916,1456838,2024
7537,Al Barsha,Villa,1,2,1383,1253061,2026
7538,Deira,Apartment,3,3,3428,2673252,2023
7539,Dubai Marina,Apartment,4,5,1710,3130388,2025
7540,Al Barsha,Apartment,1,1,3282,2731482,2024
7541,Business Bay,Villa,5,6,3398,6996452,2026
7542,Business Bay,Townhouse,1,2,4720,7486884,2026
7543,Dubai Silicon Oasis,Townhouse,2,3,2072,1838452,2025
7544,Business Bay,Penthouse,5,5,4819,9049872,2024
7545,Downtown Dubai,Townhouse,3,2,2213,4031593,2026
7546,Downtown Dubai,Penthouse,4,4,3515,10042524,2024
7547,Dubai Silicon Oasis,Penthouse,3,4,3426,2806114,2025
7548,Palm Jumeirah,Townhouse,4,4,4152,11243761,2026
7549,Palm Jumeirah,Penthouse,1,2,2531,7732512,2025
7550,Palm Jumeirah,Penthouse,4,5,4034,13330727,2026
7551,Downtown Dubai,Penthouse,1,2,2002,3530214,2025
7552,Business Bay,Apartment,1,1,2634,4254209,2025
7553,Dubai Silicon Oasis,Townhouse,3,2,2673,2284164,2026
7554,Downtown Dubai,Apartment,3,3,3625,9149226,2025
7555,Dubai Silicon Oasis,Villa,1,1,3225,2468164,2026
7556,JVC,Townhouse,4,5,713,642954,2026
7557,JVC,Townhouse,2,1,4112,3370001,2023
7558,Dubai Marina,Penthouse,5,4,3874,6600274,2024
7559,Deira,Townhouse,1,1,836,669280,2025
7560,JVC,Townhouse,2,2,4822,4203664,2026
7561,Business Bay,Apartment,2,1,3422,5467249,2026
7562,Palm Jumeirah,Apartment,3,3,745,2121640,2024
7563,Deira,Apartment,3,2,2634,2039835,2025
7564,Dubai Silicon Oasis,Villa,1,2,4237,3662152,2025
7565,Palm Jumeirah,Penthouse,3,3,1651,4970091,2025
7566,Downtown Dubai,Apartment,5,6,4688,11511608,2025
7567,Deira,Townhouse,1,1,2295,1801524,2026
7568,Dubai Marina,Penthouse,2,1,1401,2033969,2025
7569,Al Barsha,Villa,3,2,2007,1945846,2024
7570,JVC,Villa,4,5,2790,2315504,2025
7571,Deira,Apartment,1,1,3549,3017333,2024
7572,Downtown Dubai,Villa,2,3,4664,9621737,2025
7573,Business Bay,Townhouse,2,3,1256,2046905,2026
7574,Deira,Townhouse,4,4,4815,3602706,2025
7575,Palm Jumeirah,Penthouse,1,1,2803,9028740,2026
7576,Dubai Marina,Apartment,4,3,944,2048363,2025
7577,Dubai Marina,Villa,3,2,4658,8333792,2025
7578,Dubai Silicon Oasis,Villa,2,1,1972,1483862,2025
7579,Palm Jumeirah,Villa,5,4,3235,10715500,2025
7580,Al Barsha,Townhouse,5,5,3596,4186249,2024
7581,Dubai Marina,Apartment,5,6,412,961335,2023
7582,Business Bay,Villa,5,5,1380,2602064,2025
7583,Palm Jumeirah,Apartment,2,2,3542,11108067,2023
7584,Dubai Silicon Oasis,Townhouse,5,6,1860,1289402,2024
7585,Deira,Penthouse,1,2,393,355831,2025
7586,Deira,Penthouse,2,1,458,366284,2026
7587,JVC,Apartment,3,2,4192,3329528,2024
7588,Dubai Silicon Oasis,Apartment,4,4,1063,875774,2026
7589,JVC,Townhouse,3,2,816,793263,2025
7590,JVC,Villa,3,2,2964,2423350,2024
7591,Deira,Apartment,2,2,903,737180,2023
7592,Dubai Silicon Oasis,Townhouse,3,3,3386,3047857,2023
7593,Al Barsha,Villa,3,2,2880,2640596,2025
7594,Downtown Dubai,Townhouse,3,2,3367,9591680,2025
7595,Al Barsha,Apartment,3,4,2635,3357870,2025
7596,JVC,Penthouse,4,4,3969,3331913,2023
7597,Downtown Dubai,Apartment,2,2,3348,7519585,2024
7598,Dubai Silicon Oasis,Apartment,1,1,2281,2276244,2023
7599,Dubai Silicon Oasis,Villa,2,1,421,337860,2026
7600,JVC,Penthouse,3,3,1621,1863613,2024
7601,Dubai Marina,Townhouse,1,1,961,1557172,2025
7602,Downtown Dubai,Villa,1,1,422,1078811,2025
7603,Palm Jumeirah,Villa,5,6,1620,5344799,2024
7604,Dubai Marina,Apartment,2,3,1310,2294552,2023
7605,Downtown Dubai,Townhouse,4,4,706,1799997,2025
7606,Downtown Dubai,Townhouse,1,1,1802,3219510,2026
7607,Dubai Silicon Oasis,Townhouse,5,4,2705,1981001,2026
7608,JVC,Villa,2,2,1178,986672,2024
7609,Business Bay,Villa,2,3,1619,2363496,2024
7610,Business Bay,Apartment,4,4,443,615268,2024
7611,Dubai Marina,Villa,2,2,584,1026469,2024
7612,Palm Jumeirah,Apartment,3,2,1082,2951059,2026
7613,Dubai Silicon Oasis,Villa,4,3,2456,1702368,2023
7614,Al Barsha,Villa,1,1,3447,3028725,2024
7615,JVC,Penthouse,1,1,4015,4383656,2023
7616,Dubai Marina,Townhouse,4,3,3277,4998777,2026
7617,Al Barsha,Villa,2,1,3218,3740692,2025
7618,Al Barsha,Apartment,5,5,4700,3886792,2024
7619,Dubai Silicon Oasis,Apartment,5,5,1538,1009316,2024
7620,Palm Jumeirah,Apartment,5,6,4061,12440323,2023
7621,Business Bay,Villa,5,5,4706,7927610,2023
7622,Al Barsha,Villa,5,4,2990,3207894,2026
7623,Deira,Apartment,2,3,4258,3431628,2025
7624,Al Barsha,Townhouse,5,6,989,944401,2025
7625,JVC,Townhouse,2,3,4436,3581995,2025
7626,Dubai Silicon Oasis,Penthouse,3,4,2972,2879412,2025
7627,Dubai Marina,Penthouse,1,1,1380,2192511,2026
7628,Dubai Marina,Apartment,5,6,636,1372874,2023
7629,Deira,Townhouse,3,4,3697,2830058,2025
7630,Palm Jumeirah,Penthouse,5,5,2353,6668531,2025
7631,Palm Jumeirah,Penthouse,2,3,1791,5142656,2024
7632,Dubai Silicon Oasis,Townhouse,2,3,2164,1705776,2024
7633,Al Barsha,Apartment,3,4,4958,5431686,2026
7634,Deira,Penthouse,5,5,2339,2111811,2026
7635,Downtown Dubai,Penthouse,3,3,716,1510831,2023
7636,Dubai Marina,Townhouse,4,5,1651,3776961,2024
7637,Downtown Dubai,Penthouse,2,3,1025,2035303,2025
7638,Palm Jumeirah,Villa,4,3,3539,9093238,2026
7639,Deira,Townhouse,4,3,4071,3037942,2025
7640,Al Barsha,Penthouse,5,6,4260,5487904,2026
7641,Dubai Marina,Townhouse,1,1,3292,6177034,2026
7642,JVC,Townhouse,2,3,3923,4236690,2023
7643,JVC,Penthouse,1,1,2290,2135758,2023
7644,Deira,Penthouse,3,4,3269,2803169,2023
7645,Dubai Marina,Townhouse,4,5,847,1839232,2026
7646,Al Barsha,Penthouse,4,3,2853,3261253,2025
7647,Dubai Marina,Villa,4,3,2942,5865964,2026
7648,Palm Jumeirah,Townhouse,4,5,494,1569543,2025
7649,Dubai Silicon Oasis,Townhouse,5,4,2899,2964817,2025
7650,Downtown Dubai,Townhouse,5,4,3711,8806640,2023
7651,Deira,Apartment,3,4,2059,1395998,2023
7652,Palm Jumeirah,Villa,5,6,2884,10738071,2026
7653,Al Barsha,Apartment,1,1,1680,1898429,2025
7654,Palm Jumeirah,Townhouse,4,4,1608,5205513,2026
7655,Al Barsha,Penthouse,3,3,952,1086313,2024
7656,Business Bay,Townhouse,5,5,1874,3104358,2025
7657,Downtown Dubai,Penthouse,3,3,4084,9078479,2025
7658,Deira,Townhouse,1,1,4700,2953753,2023
7659,Dubai Silicon Oasis,Villa,4,3,3305,3245537,2025
7660,Business Bay,Apartment,5,4,3253,6264475,2026
7661,Al Barsha,Apartment,1,2,3204,3883667,2025
7662,Dubai Silicon Oasis,Penthouse,1,1,2562,1964941,2025
7663,Deira,Penthouse,4,5,2317,2104769,2025
7664,Al Barsha,Villa,3,2,3237,3167744,2026
7665,Palm Jumeirah,Penthouse,3,4,3997,11713486,2026
7666,Al Barsha,Apartment,1,1,2273,2910162,2025
7667,JVC,Penthouse,3,4,2981,3025056,2025
7668,Palm Jumeirah,Apartment,3,4,2536,9637214,2025
7669,Dubai Marina,Townhouse,5,5,1677,3355388,2026
7670,Downtown Dubai,Apartment,2,3,1699,3450876,2026
7671,Palm Jumeirah,Townhouse,2,2,716,2138051,2025
7672,Deira,Villa,1,2,2395,2061183,2024
7673,Dubai Marina,Townhouse,3,4,3662,6886448,2026
7674,Dubai Marina,Apartment,4,5,3538,7352252,2024
7675,Dubai Marina,Villa,2,3,4933,7842857,2023
7676,Palm Jumeirah,Apartment,4,4,535,1604814,2025
7677,JVC,Townhouse,5,4,3887,4266976,2025
7678,Dubai Marina,Apartment,1,1,4046,9252835,2023
7679,Al Barsha,Penthouse,3,2,2379,2288955,2024
7680,Palm Jumeirah,Apartment,4,4,1665,4427000,2026
7681,Dubai Marina,Townhouse,1,2,2010,2936768,2025
7682,Deira,Penthouse,1,1,3523,2129951,2023
7683,Dubai Silicon Oasis,Villa,2,3,4359,4246830,2024
7684,Business Bay,Townhouse,1,1,3338,5832592,2025
7685,Dubai Silicon Oasis,Penthouse,2,1,2740,2073217,2023
7686,Business Bay,Apartment,1,2,3384,6833348,2023
7687,Dubai Marina,Townhouse,5,4,678,1460480,2026
7688,Dubai Marina,Townhouse,3,3,3177,5610405,2025
7689,Dubai Marina,Townhouse,2,2,545,1226920,2025
7690,JVC,Townhouse,4,5,4809,4464678,2025
7691,Business Bay,Villa,1,1,4484,7093896,2025
7692,Business Bay,Townhouse,3,2,2713,5764562,2025
7693,Business Bay,Villa,4,4,2089,3112628,2025
7694,Al Barsha,Villa,5,6,3755,4873883,2025
7695,Dubai Marina,Penthouse,2,3,3314,6601246,2024
7696,Dubai Silicon Oasis,Townhouse,3,2,3630,3652284,2025
7697,Downtown Dubai,Townhouse,4,4,2747,5375108,2024
7698,Dubai Silicon Oasis,Apartment,4,5,1448,1152093,2026
7699,Downtown Dubai,Villa,1,1,690,1877197,2026
7700,Dubai Marina,Apartment,5,4,1667,3656382,2026
7701,Dubai Marina,Penthouse,2,3,2809,6249086,2025
7702,JVC,Penthouse,2,2,2321,1964045,2025
7703,Dubai Silicon Oasis,Villa,1,1,2704,2398575,2025
7704,Business Bay,Villa,1,1,1641,2775191,2024
7705,Downtown Dubai,Townhouse,2,2,4711,9953645,2026
7706,Deira,Apartment,1,1,2055,1524901,2024
7707,Palm Jumeirah,Townhouse,4,5,4284,14876530,2025
7708,Deira,Apartment,3,3,2167,1606789,2026
7709,Deira,Townhouse,2,2,2412,1545306,2025
7710,Al Barsha,Townhouse,3,2,3157,3800227,2025
7711,Downtown Dubai,Townhouse,4,3,1573,4460347,2025
7712,Business Bay,Apartment,1,1,1372,2289109,2025
7713,Deira,Villa,2,1,2113,1811344,2025
7714,Palm Jumeirah,Villa,5,6,4089,15112102,2025
7715,Dubai Silicon Oasis,Townhouse,1,2,1022,760581,2026
7716,Dubai Silicon Oasis,Villa,5,4,2384,2198340,2023
7717,Al Barsha,Villa,5,4,3475,4410499,2025
7718,Downtown Dubai,Apartment,2,2,3634,9353340,2023
7719,Palm Jumeirah,Villa,2,1,2369,5792282,2025
7720,Al Barsha,Villa,2,3,728,802445,2024
7721,JVC,Apartment,3,2,423,452738,2025
7722,Deira,Apartment,2,2,2535,1968041,2024
7723,Downtown Dubai,Apartment,4,3,4116,7374282,2024
7724,Downtown Dubai,Villa,2,3,481,910141,2025
7725,Downtown Dubai,Apartment,5,4,4476,11824627,2025
7726,Dubai Silicon Oasis,Apartment,5,5,3492,2916592,2025
7727,Dubai Silicon Oasis,Penthouse,3,4,387,395974,2026
7728,Al Barsha,Penthouse,3,3,1948,1962592,2023
7729,JVC,Townhouse,1,1,1375,1498431,2024
7730,Al Barsha,Townhouse,1,1,4764,3895743,2025
7731,Downtown Dubai,Apartment,3,3,2929,7864705,2026
7732,Downtown Dubai,Apartment,3,2,1857,5023117,2024
7733,JVC,Apartment,2,2,1642,1449777,2024
7734,Downtown Dubai,Apartment,1,1,2971,6240280,2026
7735,Deira,Apartment,5,5,373,327668,2025
7736,Deira,Townhouse,3,4,1546,1286576,2026
7737,Dubai Marina,Penthouse,3,4,1119,2213554,2023
7738,Dubai Marina,Townhouse,3,2,3233,5925152,2024
7739,Business Bay,Villa,3,4,3461,7390182,2025
7740,Dubai Marina,Villa,4,5,2521,5325612,2023
7741,Al Barsha,Villa,4,3,1001,1009426,2025
7742,Business Bay,Apartment,3,3,2073,3694525,2023
7743,Business Bay,Villa,1,1,4269,6163014,2025
7744,Dubai Marina,Townhouse,5,5,1297,2814062,2026
7745,Deira,Apartment,2,2,1109,947746,2026
7746,Deira,Villa,1,2,868,594124,2024
7747,Al Barsha,Villa,1,1,4147,3959667,2023
7748,Palm Jumeirah,Apartment,4,5,907,2519964,2026
7749,JVC,Townhouse,2,2,3054,2437264,2025
7750,Dubai Marina,Villa,1,1,4995,11453567,2025
7751,JVC,Townhouse,5,4,3334,3539257,2026
7752,Palm Jumeirah,Penthouse,2,1,2267,6914595,2024
7753,Dubai Marina,Villa,5,5,1311,2017830,2025
7754,Dubai Marina,Villa,5,4,358,560446,2026
7755,Downtown Dubai,Townhouse,1,2,1073,2726243,2025
7756,Dubai Marina,Apartment,4,3,4781,7758477,2025
7757,Dubai Marina,Apartment,4,3,1017,1782889,2026
7758,Business Bay,Apartment,1,2,442,960668,2024
7759,Deira,Villa,2,1,4144,3163609,2026
7760,Business Bay,Townhouse,3,2,2296,4700130,2024
7761,Dubai Marina,Apartment,1,1,2010,3082321,2026
7762,JVC,Townhouse,4,5,3686,3201931,2024
7763,Dubai Marina,Townhouse,2,3,2782,6248500,2024
7764,Palm Jumeirah,Townhouse,5,4,4602,16639426,2025
7765,Downtown Dubai,Townhouse,5,5,2524,6450826,2026
7766,Business Bay,Townhouse,4,4,3664,6812453,2026
7767,Dubai Silicon Oasis,Villa,1,2,4436,3316247,2025
7768,Palm Jumeirah,Villa,1,1,2505,8211943,2026
7769,Al Barsha,Penthouse,1,1,1671,1379209,2025
7770,JVC,Villa,3,3,4881,3958649,2026
7771,Dubai Silicon Oasis,Villa,4,3,1404,1189617,2023
7772,Deira,Penthouse,1,1,532,298288,2023
7773,Palm Jumeirah,Penthouse,4,4,3038,8349457,2024
7774,Palm Jumeirah,Penthouse,1,2,4939,12981529,2026
7775,Palm Jumeirah,Penthouse,2,2,751,2191620,2024
7776,Downtown Dubai,Villa,3,4,4299,11625306,2024
7777,JVC,Penthouse,5,5,4211,4827231,2023
7778,Deira,Townhouse,4,5,4669,2884370,2023
7779,Business Bay,Penthouse,3,4,2310,3595314,2025
7780,Al Barsha,Apartment,1,1,1534,1876754,2023
7781,Palm Jumeirah,Apartment,2,2,2731,7261768,2026
7782,Dubai Marina,Apartment,4,5,1012,2132471,2026
7783,Deira,Penthouse,1,1,4269,2518357,2025
7784,Palm Jumeirah,Villa,4,5,3434,11581019,2024
7785,JVC,Apartment,4,4,2597,2180350,2026
7786,Al Barsha,Penthouse,4,5,2748,3228297,2025
7787,JVC,Penthouse,2,2,3661,3491561,2024
7788,Dubai Marina,Penthouse,2,2,2782,4453997,2024
7789,Dubai Marina,Townhouse,1,1,4255,7667536,2024
7790,Dubai Silicon Oasis,Townhouse,2,1,4649,3931850,2025
7791,Business Bay,Townhouse,3,2,4766,10516561,2025
7792,Business Bay,Townhouse,1,2,3233,5716939,2026
7793,JVC,Townhouse,3,3,3802,2996195,2025
7794,Deira,Apartment,2,2,1796,1354776,2024
7795,Palm Jumeirah,Apartment,3,3,527,1438878,2025
7796,Dubai Silicon Oasis,Penthouse,2,2,2210,2191936,2025
7797,Dubai Silicon Oasis,Apartment,5,6,4403,4286880,2024
7798,Dubai Silicon Oasis,Apartment,2,2,970,670715,2023
7799,JVC,Penthouse,5,5,2887,2843027,2025
7800,Palm Jumeirah,Penthouse,1,1,1244,4285282,2025
7801,JVC,Villa,1,1,2346,1954802,2023
7802,Deira,Apartment,1,1,1016,791698,2025
7803,Deira,Townhouse,3,2,3766,2718829,2025
7804,JVC,Apartment,5,6,4117,3857363,2023
7805,Al Barsha,Villa,1,1,3876,4169201,2026
7806,JVC,Townhouse,4,4,3627,3541989,2025
7807,Dubai Silicon Oasis,Penthouse,4,4,1443,1333215,2023
7808,Al Barsha,Apartment,2,2,2816,2889818,2026
7809,Dubai Marina,Townhouse,2,3,837,1749641,2025
7810,Business Bay,Apartment,5,4,2090,3705664,2026
7811,Business Bay,Villa,4,3,2702,5197010,2024
7812,Al Barsha,Townhouse,2,3,3458,3221317,2025
7813,Deira,Apartment,5,6,800,599676,2025
7814,Dubai Marina,Townhouse,3,3,4130,7686740,2026
7815,Al Barsha,Penthouse,1,1,2483,2361576,2026
7816,Downtown Dubai,Villa,5,5,4447,8131531,2025
7817,JVC,Penthouse,5,6,2802,2660740,2026
7818,Downtown Dubai,Townhouse,3,3,2893,5122723,2023
7819,Downtown Dubai,Penthouse,4,5,3570,7814063,2025
7820,Palm Jumeirah,Townhouse,2,2,4162,12302798,2025
7821,Dubai Marina,Penthouse,5,5,1082,2175228,2024
7822,Dubai Marina,Apartment,2,3,2727,6350326,2024
7823,Al Barsha,Villa,2,2,489,600981,2024
7824,JVC,Villa,3,2,2556,2961861,2023
7825,Deira,Penthouse,2,1,4132,3689165,2024
7826,Dubai Silicon Oasis,Townhouse,4,5,4374,2929027,2023
7827,Dubai Marina,Apartment,4,4,1668,2825179,2025
7828,Al Barsha,Penthouse,3,2,2146,2035467,2025
7829,Dubai Marina,Townhouse,4,5,2914,4382418,2023
7830,Al Barsha,Villa,3,4,2190,2679082,2025
7831,JVC,Villa,5,5,1178,1322774,2024
7832,Downtown Dubai,Townhouse,2,2,1767,4285807,2025
7833,Downtown Dubai,Penthouse,4,5,2228,6104920,2026
7834,JVC,Townhouse,3,2,2761,2875487,2026
7835,Deira,Penthouse,5,4,4631,3307431,2025
7836,Deira,Townhouse,2,2,2883,1765700,2025
7837,Deira,Apartment,1,1,2150,1925268,2023
7838,Dubai Marina,Penthouse,5,4,3421,7057696,2025
7839,Dubai Silicon Oasis,Townhouse,5,4,3944,3082920,2024
7840,Business Bay,Townhouse,4,5,2351,3454348,2025
7841,Dubai Marina,Townhouse,3,3,2625,5667566,2026
7842,Dubai Silicon Oasis,Apartment,3,4,1362,1308617,2026
7843,Al Barsha,Penthouse,4,4,4371,4683546,2025
7844,Dubai Marina,Penthouse,4,4,4380,10249030,2025
7845,Business Bay,Penthouse,2,2,1163,1963675,2025
7846,Dubai Silicon Oasis,Townhouse,1,1,1958,1990945,2025
7847,Deira,Apartment,1,2,1614,1259875,2026
7848,Downtown Dubai,Townhouse,2,3,4641,11927669,2025
7849,Deira,Villa,4,5,653,575277,2025
7850,Downtown Dubai,Townhouse,3,4,1314,3513986,2023
7851,JVC,Penthouse,4,3,1814,1541719,2025
7852,Downtown Dubai,Apartment,3,3,2954,8017032,2024
7853,Deira,Villa,2,3,1507,1128589,2023
7854,Dubai Silicon Oasis,Villa,4,4,2845,1871815,2025
7855,Dubai Marina,Penthouse,4,4,3824,7825571,2026
7856,Palm Jumeirah,Townhouse,5,4,4203,13237543,2025
7857,Downtown Dubai,Villa,5,4,810,1903731,2023
7858,Al Barsha,Villa,2,3,995,1000733,2023
7859,Downtown Dubai,Villa,4,3,792,1449751,2024
7860,JVC,Apartment,2,2,4581,3669820,2024
7861,Downtown Dubai,Townhouse,5,5,3382,8766482,2023
7862,Al Barsha,Penthouse,4,5,2821,2587179,2023
7863,Dubai Marina,Apartment,5,6,4027,8073949,2024
7864,Palm Jumeirah,Villa,2,2,3075,9879330,2023
7865,Dubai Marina,Penthouse,1,1,1444,2367089,2024
7866,Palm Jumeirah,Townhouse,1,1,2722,7678372,2026
7867,Al Barsha,Apartment,3,4,3619,3589265,2026
7868,Al Barsha,Apartment,5,5,517,641128,2026
7869,Dubai Marina,Apartment,4,4,3169,7248059,2024
7870,Al Barsha,Townhouse,5,6,2661,2643378,2024
7871,JVC,Penthouse,3,3,673,498536,2025
7872,Deira,Apartment,5,5,1575,1213245,2026
7873,Dubai Silicon Oasis,Townhouse,5,5,2435,1965118,2025
7874,Dubai Marina,Townhouse,2,3,1943,3658831,2026
7875,JVC,Penthouse,5,5,1698,1560254,2025
7876,Al Barsha,Townhouse,1,1,3368,3796701,2026
7877,Downtown Dubai,Penthouse,3,3,2230,4671591,2026
7878,JVC,Villa,3,4,2664,2988166,2023
7879,Palm Jumeirah,Villa,2,3,4062,12315472,2024
7880,Dubai Silicon Oasis,Penthouse,5,6,783,608128,2025
7881,JVC,Townhouse,4,5,2023,2296762,2024
7882,Business Bay,Villa,1,2,689,1146786,2025
7883,Al Barsha,Townhouse,1,1,4662,3923243,2025
7884,Dubai Marina,Villa,1,1,1213,1916300,2025
7885,JVC,Townhouse,2,2,4162,4334443,2026
7886,JVC,Townhouse,1,2,1237,1203658,2024
7887,Business Bay,Apartment,2,2,1856,3367572,2026
7888,Palm Jumeirah,Townhouse,4,3,3178,8018051,2024
7889,Downtown Dubai,Penthouse,5,4,4215,8179139,2026
7890,Business Bay,Townhouse,4,3,1176,1995415,2024
7891,Dubai Silicon Oasis,Townhouse,3,3,1341,1098550,2025
7892,Al Barsha,Penthouse,4,5,4449,4396907,2026
7893,Dubai Silicon Oasis,Villa,5,6,1847,1553507,2024
7894,Deira,Townhouse,1,2,1325,1082183,2026
7895,Palm Jumeirah,Apartment,5,6,3807,12766989,2025
7896,Downtown Dubai,Apartment,4,3,773,1880256,2025
7897,Downtown Dubai,Townhouse,2,3,4381,10398551,2025
7898,Palm Jumeirah,Apartment,3,4,4422,11945557,2024
7899,Business Bay,Penthouse,3,4,4332,8117912,2025
7900,Al Barsha,Penthouse,1,1,1723,1514909,2024
7901,Dubai Marina,Penthouse,2,1,881,1833910,2025
7902,Dubai Silicon Oasis,Apartment,2,3,2328,1911090,2025
7903,Downtown Dubai,Villa,1,1,1905,4571250,2023
7904,Business Bay,Townhouse,3,4,4809,10067042,2023
7905,JVC,Apartment,3,4,3287,2918506,2025
7906,Dubai Silicon Oasis,Penthouse,2,3,4741,3223429,2023
7907,Deira,Penthouse,1,1,3841,3349309,2025
7908,Dubai Marina,Penthouse,5,6,3674,6497415,2026
7909,Al Barsha,Villa,4,5,870,872837,2023
7910,Deira,Apartment,3,4,670,444617,2025
7911,Dubai Marina,Penthouse,4,4,566,1029074,2026
7912,Al Barsha,Townhouse,2,2,3109,3297049,2026
7913,Dubai Marina,Penthouse,2,3,1287,2830087,2023
7914,Business Bay,Villa,4,3,4949,9760102,2026
7915,Downtown Dubai,Apartment,4,3,966,2245572,2024
7916,Dubai Marina,Penthouse,4,4,4753,10111827,2025
7917,Palm Jumeirah,Apartment,3,3,3454,12682007,2024
7918,Deira,Townhouse,1,2,842,488656,2024
7919,Business Bay,Villa,4,5,621,1157167,2025
7920,JVC,Townhouse,4,3,2191,1620180,2024
7921,Palm Jumeirah,Villa,3,2,1926,5512545,2025
7922,Downtown Dubai,Apartment,2,3,1817,4721761,2024
7923,Dubai Marina,Townhouse,5,5,2807,6041104,2026
7924,Downtown Dubai,Apartment,2,1,953,2603796,2025
7925,Dubai Marina,Apartment,2,2,951,1795881,2025
7926,Al Barsha,Villa,4,5,3580,3014606,2024
7927,Palm Jumeirah,Villa,3,3,4954,12831741,2026
7928,Downtown Dubai,Townhouse,3,3,1623,3292645,2025
7929,Palm Jumeirah,Villa,4,4,4683,13853597,2023
7930,Business Bay,Townhouse,2,3,1953,3530197,2025
7931,Dubai Marina,Villa,1,1,1911,3862787,2024
7932,Dubai Silicon Oasis,Penthouse,1,2,770,542851,2024
7933,Dubai Silicon Oasis,Apartment,5,6,2318,1658731,2024
7934,Al Barsha,Apartment,3,3,2665,2362508,2025
7935,Al Barsha,Penthouse,3,3,3436,4045781,2024
7936,Palm Jumeirah,Villa,2,3,1085,3095647,2026
7937,Al Barsha,Townhouse,4,3,1227,1083877,2024
7938,Palm Jumeirah,Townhouse,5,4,2359,7188022,2023
7939,Downtown Dubai,Penthouse,4,3,673,1367716,2023
7940,Downtown Dubai,Townhouse,3,4,1016,2200888,2025
7941,Al Barsha,Apartment,3,4,3275,3969322,2023
7942,Business Bay,Townhouse,5,6,4785,7865641,2023
7943,Deira,Villa,5,4,3014,1872299,2024
7944,Downtown Dubai,Villa,2,1,1024,2064074,2026
7945,Business Bay,Townhouse,5,4,4958,6887671,2023
7946,Dubai Marina,Apartment,5,4,2776,6248821,2023
7947,Downtown Dubai,Apartment,5,4,3683,9305705,2025
7948,Dubai Marina,Townhouse,1,1,1265,2349136,2025
7949,Downtown Dubai,Apartment,1,2,3039,7223555,2023
7950,Palm Jumeirah,Penthouse,2,1,705,1960701,2026
7951,Dubai Marina,Townhouse,4,5,3259,5877017,2025
7952,Downtown Dubai,Penthouse,1,2,1290,2724246,2025
7953,Deira,Villa,1,1,4579,3885694,2025
7954,Downtown Dubai,Townhouse,1,1,604,1556971,2026
7955,Palm Jumeirah,Apartment,1,1,3384,9562577,2023
7956,Al Barsha,Townhouse,5,6,998,1178761,2026
7957,Al Barsha,Villa,4,5,3545,3002497,2023
7958,Dubai Marina,Penthouse,4,5,2644,4289394,2025
7959,Downtown Dubai,Villa,2,1,4848,9099779,2024
7960,Deira,Penthouse,4,5,3380,2174645,2025
7961,JVC,Penthouse,4,5,2079,1708495,2026
7962,Business Bay,Apartment,3,3,756,1606856,2025
7963,Business Bay,Apartment,5,4,3120,5111437,2024
7964,Palm Jumeirah,Villa,3,2,2400,7038784,2026
7965,Business Bay,Townhouse,2,1,594,858204,2026
7966,Dubai Marina,Penthouse,4,5,3052,4576120,2024
7967,Dubai Marina,Villa,5,4,1326,2171257,2024
7968,Dubai Marina,Penthouse,5,6,1439,2246410,2025
7969,JVC,Townhouse,3,2,391,342154,2025
7970,Al Barsha,Townhouse,3,4,2080,1857486,2023
7971,Dubai Silicon Oasis,Penthouse,5,6,1364,970170,2023
7972,Business Bay,Villa,4,4,684,1306717,2025
7973,Dubai Marina,Townhouse,3,3,2369,5420024,2026
7974,Dubai Marina,Penthouse,2,1,1373,1992543,2024
7975,Al Barsha,Penthouse,5,4,973,1121653,2025
7976,JVC,Apartment,5,6,2520,2561930,2026
7977,Dubai Silicon Oasis,Penthouse,1,2,644,562870,2023
7978,Palm Jumeirah,Apartment,1,2,4955,17037505,2024
7979,Dubai Silicon Oasis,Penthouse,1,1,2539,2141595,2024
7980,Downtown Dubai,Townhouse,2,1,4982,13848014,2025
7981,Al Barsha,Penthouse,1,1,4448,3910292,2025
7982,Palm Jumeirah,Townhouse,5,6,4905,15256154,2026
7983,Business Bay,Apartment,5,4,2873,5502032,2025
7984,Palm Jumeirah,Villa,1,1,2317,8718982,2024
7985,JVC,Townhouse,5,4,3697,3472762,2025
7986,Palm Jumeirah,Townhouse,1,1,725,2802483,2024
7987,Al Barsha,Townhouse,4,5,4256,4801795,2025
7988,Al Barsha,Townhouse,2,2,1854,2131370,2026
7989,Dubai Silicon Oasis,Townhouse,1,2,384,371436,2025
7990,Business Bay,Apartment,3,3,1455,2886473,2025
7991,Al Barsha,Apartment,5,6,1476,1566498,2024
7992,Dubai Silicon Oasis,Villa,5,4,415,393854,2025
7993,Dubai Marina,Apartment,1,1,3458,5090728,2025
7994,Business Bay,Townhouse,5,4,792,1705058,2026
7995,Deira,Penthouse,2,3,4287,3635815,2026
7996,Business Bay,Penthouse,3,3,2457,4673243,2026
7997,Dubai Marina,Townhouse,1,1,3689,5540431,2025
7998,Deira,Penthouse,5,4,1929,1279357,2026
7999,Business Bay,Townhouse,4,4,963,1517287,2025
8000,Palm Jumeirah,Apartment,4,4,1188,3309218,2025
8001,Dubai Marina,Townhouse,4,3,3353,6856523,2023
8002,Dubai Marina,Townhouse,5,5,3679,8198741,2026
8003,Palm Jumeirah,Townhouse,1,2,1594,5455377,2026
8004,Dubai Silicon Oasis,Penthouse,2,3,2010,1598962,2025
8005,Deira,Penthouse,1,1,4744,4265960,2024
8006,Dubai Silicon Oasis,Apartment,3,4,4311,4246477,2023
8007,Al Barsha,Apartment,3,4,2270,2593949,2023
8008,JVC,Townhouse,1,1,1470,1321323,2026
8009,Dubai Marina,Apartment,4,3,1751,3599083,2025
8010,Palm Jumeirah,Villa,1,1,2853,8593215,2025
8011,Palm Jumeirah,Penthouse,4,5,2985,7858849,2024
8012,Al Barsha,Townhouse,4,5,1206,1337957,2025
8013,Palm Jumeirah,Penthouse,5,5,656,2261332,2026
8014,Dubai Silicon Oasis,Apartment,1,2,2653,2068601,2026
8015,Al Barsha,Townhouse,5,5,4058,5131965,2025
8016,Palm Jumeirah,Villa,3,4,1058,3894909,2024
8017,Palm Jumeirah,Apartment,5,6,2248,7360578,2023
8018,Dubai Marina,Villa,4,5,1101,1645127,2026
8019,Al Barsha,Penthouse,4,4,1475,1192696,2026
8020,Deira,Villa,1,1,3196,2505536,2024
8021,Dubai Silicon Oasis,Penthouse,4,3,1680,1622077,2024
8022,Dubai Marina,Apartment,3,4,1576,2979140,2025
8023,Downtown Dubai,Townhouse,5,4,4979,8891681,2026
8024,Deira,Villa,4,4,1151,702904,2025
8025,Business Bay,Villa,1,1,1230,1893656,2023
8026,Palm Jumeirah,Townhouse,5,6,4673,15615453,2026
8027,Business Bay,Townhouse,1,2,2908,5156321,2025
8028,Deira,Apartment,2,3,549,327079,2025
8029,Deira,Townhouse,2,3,2326,1710973,2023
8030,Downtown Dubai,Villa,5,6,2977,8086848,2023
8031,Al Barsha,Penthouse,1,1,1527,1556864,2023
8032,Business Bay,Apartment,5,5,2899,4311677,2024
8033,Palm Jumeirah,Villa,2,3,3365,10993494,2026
8034,Palm Jumeirah,Penthouse,4,4,1515,5748029,2025
8035,Deira,Apartment,1,1,4127,2478546,2026
8036,JVC,Apartment,2,1,2455,1940391,2025
8037,Dubai Marina,Townhouse,4,4,4830,9419265,2023
8038,Downtown Dubai,Townhouse,4,4,757,1615435,2025
8039,Dubai Silicon Oasis,Townhouse,5,4,1857,1853702,2025
8040,Downtown Dubai,Villa,5,6,3703,9420581,2026
8041,Downtown Dubai,Apartment,3,4,4511,8669224,2025
8042,Al Barsha,Villa,2,3,1380,1704795,2024
8043,Downtown Dubai,Apartment,2,1,4908,12105686,2025
8044,Business Bay,Penthouse,5,4,1249,2222706,2026
8045,JVC,Villa,4,3,2284,1908158,2025
8046,Deira,Townhouse,5,6,1814,1428341,2023
8047,Palm Jumeirah,Villa,3,4,2323,8705973,2025
8048,Palm Jumeirah,Townhouse,3,3,4546,11172769,2026
8049,Palm Jumeirah,Apartment,5,4,3756,11127995,2024
8050,Al Barsha,Apartment,4,4,4053,5138514,2025
8051,Palm Jumeirah,Villa,2,3,1531,4553751,2024
8052,Palm Jumeirah,Villa,3,3,4753,11662937,2024
8053,Dubai Silicon Oasis,Villa,2,1,2375,1616371,2024
8054,Dubai Marina,Villa,4,4,3381,6970553,2023
8055,Al Barsha,Townhouse,1,2,3594,4133316,2024
8056,Downtown Dubai,Villa,5,6,3432,6474638,2025
8057,JVC,Apartment,5,5,3148,2577101,2025
8058,Dubai Marina,Penthouse,1,2,2582,5028407,2024
8059,Palm Jumeirah,Townhouse,4,3,3361,11527556,2025
8060,Al Barsha,Villa,1,2,4559,4004603,2025
8061,Business Bay,Townhouse,2,1,2162,3779013,2025
8062,Deira,Villa,2,2,2725,2062041,2026
8063,Business Bay,Villa,3,3,1187,1664468,2024
8064,Al Barsha,Apartment,5,6,2001,1824668,2025
8065,Dubai Silicon Oasis,Penthouse,3,2,3940,3969779,2023
8066,Deira,Villa,2,1,3327,2887814,2024
8067,JVC,Townhouse,1,2,1331,1151471,2024
8068,Al Barsha,Apartment,5,5,2889,3564992,2026
8069,Dubai Marina,Apartment,2,3,4125,8288349,2023
8070,Dubai Silicon Oasis,Villa,3,3,926,956232,2025
8071,Al Barsha,Apartment,1,1,638,818623,2026
8072,Deira,Penthouse,2,3,2176,1688419,2024
8073,Palm Jumeirah,Apartment,3,4,3402,10552184,2024
8074,JVC,Townhouse,5,6,1806,1415951,2024
8075,Business Bay,Villa,2,3,4167,7545595,2024
8076,Dubai Marina,Apartment,3,2,4287,7710035,2026
8077,JVC,Apartment,5,4,2826,2855738,2023
8078,Palm Jumeirah,Villa,2,3,2111,5349772,2025
8079,JVC,Apartment,2,2,543,594972,2024
8080,Al Barsha,Townhouse,1,1,4170,5352433,2025
8081,Al Barsha,Apartment,5,4,4513,4082826,2024
8082,Palm Jumeirah,Apartment,1,1,2407,8061465,2024
8083,JVC,Apartment,2,2,2751,2973479,2023
8084,JVC,Penthouse,1,2,3853,3735422,2026
8085,Palm Jumeirah,Apartment,4,5,3583,13626705,2025
8086,Deira,Townhouse,2,3,979,723631,2023
8087,Downtown Dubai,Villa,4,4,3476,7152225,2026
8088,Business Bay,Villa,4,5,4649,8186238,2026
8089,Business Bay,Penthouse,1,2,3840,6814795,2025
8090,JVC,Townhouse,2,3,2584,2155495,2026
8091,Downtown Dubai,Townhouse,1,1,2782,7304552,2024
8092,Al Barsha,Apartment,1,1,1558,1727624,2026
8093,Business Bay,Penthouse,3,2,3422,5731210,2026
8094,Palm Jumeirah,Apartment,2,3,1472,4463816,2025
8095,Dubai Marina,Townhouse,1,2,1939,3440815,2025
8096,JVC,Townhouse,3,4,1582,1457898,2023
8097,Downtown Dubai,Penthouse,3,4,1909,4468785,2023
8098,JVC,Apartment,5,5,2055,1785624,2025
8099,Al Barsha,Villa,4,3,735,888672,2026
8100,Palm Jumeirah,Apartment,2,1,3686,13979341,2024
8101,Dubai Silicon Oasis,Apartment,3,4,2400,2037888,2025
8102,Business Bay,Penthouse,1,1,4765,9361597,2023
8103,Al Barsha,Apartment,2,2,1191,1506936,2024
8104,Downtown Dubai,Penthouse,3,4,3461,6822092,2024
8105,Al Barsha,Penthouse,1,1,1183,1058620,2026
8106,Palm Jumeirah,Apartment,5,6,2894,7260804,2024
8107,Dubai Marina,Villa,3,3,2632,4837333,2023
8108,Deira,Penthouse,4,5,2435,1645820,2023
8109,Business Bay,Townhouse,2,1,3394,6232924,2025
8110,Dubai Marina,Apartment,5,5,4201,7754885,2025
8111,Al Barsha,Penthouse,2,1,1822,1630866,2024
8112,Palm Jumeirah,Penthouse,5,4,4300,12843113,2024
8113,Palm Jumeirah,Villa,3,4,1209,2954004,2024
8114,Palm Jumeirah,Villa,4,4,1712,5488804,2023
8115,Dubai Marina,Villa,2,2,1794,3021013,2026
8116,JVC,Townhouse,5,5,4783,3685595,2026
8117,Deira,Penthouse,1,1,901,525327,2024
8118,JVC,Townhouse,1,1,2187,2277764,2025
8119,Dubai Silicon Oasis,Penthouse,3,4,2323,1716548,2024
8120,JVC,Apartment,5,4,4070,4136986,2023
8121,Business Bay,Penthouse,5,5,2609,5356752,2025
8122,Business Bay,Penthouse,5,4,4845,8648266,2025
8123,Dubai Marina,Villa,3,4,3792,5914562,2024
8124,Al Barsha,Apartment,5,4,3622,4010546,2024
8125,Downtown Dubai,Apartment,3,3,3851,7081096,2024
8126,Business Bay,Penthouse,3,4,1101,2262083,2024
8127,Dubai Silicon Oasis,Apartment,1,1,2438,2302974,2025
8128,Dubai Silicon Oasis,Apartment,4,4,3075,2462562,2026
8129,Downtown Dubai,Apartment,2,2,1319,2711870,2024
8130,Business Bay,Apartment,1,1,902,1770735,2025
8131,Palm Jumeirah,Penthouse,2,1,981,3189049,2026
8132,Deira,Apartment,4,4,4019,2454733,2024
8133,JVC,Penthouse,2,2,3404,3613802,2025
8134,Palm Jumeirah,Villa,2,3,1658,4809796,2024
8135,Al Barsha,Townhouse,2,2,3778,4710877,2025
8136,Al Barsha,Townhouse,3,4,3582,4351177,2026
8137,Al Barsha,Penthouse,4,3,4146,3888560,2026
8138,Dubai Silicon Oasis,Townhouse,4,4,4581,3399566,2025
8139,Al Barsha,Apartment,1,1,4452,4447302,2026
8140,Palm Jumeirah,Penthouse,2,3,1191,4295609,2025
8141,Dubai Silicon Oasis,Apartment,4,4,3927,2718511,2026
8142,Business Bay,Townhouse,2,3,2176,3543928,2026
8143,Deira,Penthouse,1,1,2224,1758489,2025
8144,Dubai Silicon Oasis,Townhouse,2,3,3359,2194757,2023
8145,Dubai Marina,Villa,4,5,3150,4694476,2024
8146,Dubai Silicon Oasis,Villa,4,4,2301,2174142,2026
8147,Al Barsha,Penthouse,1,1,4997,5302673,2023
8148,Dubai Silicon Oasis,Townhouse,4,4,1162,1002853,2025
8149,Al Barsha,Penthouse,1,2,800,739545,2025
8150,Downtown Dubai,Penthouse,4,4,485,1137306,2026
8151,JVC,Townhouse,3,2,4136,3992284,2026
8152,Dubai Marina,Villa,1,1,2240,4059763,2023
8153,Palm Jumeirah,Townhouse,2,3,2383,9166530,2025
8154,Business Bay,Villa,5,4,3368,4721513,2026
8155,Business Bay,Apartment,3,3,2374,4065923,2023
8156,Deira,Villa,4,4,3019,2596703,2025
8157,Al Barsha,Villa,4,5,621,560846,2025
8158,Dubai Marina,Apartment,1,1,1076,2454891,2024
8159,Dubai Silicon Oasis,Villa,5,5,4683,3794149,2024
8160,JVC,Townhouse,2,2,2445,1932698,2023
8161,Al Barsha,Apartment,4,4,1128,954908,2026
8162,Palm Jumeirah,Apartment,3,3,2068,5977769,2024
8163,Business Bay,Penthouse,3,2,1906,4082204,2025
8164,Downtown Dubai,Penthouse,2,1,1625,4538633,2025
8165,Downtown Dubai,Villa,5,6,1715,4080998,2023
8166,Deira,Apartment,1,1,3741,2249712,2025
8167,JVC,Villa,5,5,846,782944,2024
8168,Downtown Dubai,Apartment,2,2,1789,3970749,2024
8169,Dubai Marina,Penthouse,5,6,2525,4161101,2024
8170,Al Barsha,Apartment,1,2,2861,2397564,2025
8171,Business Bay,Townhouse,1,1,4444,7485196,2025
8172,JVC,Villa,1,1,4642,4119008,2023
8173,JVC,Villa,3,4,1732,1795721,2024
8174,Palm Jumeirah,Penthouse,2,1,2857,8546257,2023
8175,Business Bay,Villa,3,2,453,621137,2024
8176,Palm Jumeirah,Penthouse,5,4,3219,7822260,2023
8177,JVC,Penthouse,1,1,1060,1091144,2024
8178,JVC,Villa,3,3,690,701973,2025
8179,Al Barsha,Villa,4,3,3473,3056851,2026
8180,Business Bay,Apartment,3,2,1178,2469431,2024
8181,Dubai Silicon Oasis,Penthouse,5,4,2569,2325071,2025
8182,Al Barsha,Townhouse,4,4,819,718285,2023
8183,Deira,Villa,1,1,3817,2521756,2024
8184,Palm Jumeirah,Townhouse,3,3,3906,15079090,2025
8185,Al Barsha,Villa,2,2,3022,3033704,2023
8186,Dubai Marina,Townhouse,1,2,4237,7004163,2025
8187,Business Bay,Penthouse,5,6,2381,4298921,2023
8188,Deira,Villa,2,2,1217,769074,2026
8189,Dubai Marina,Townhouse,1,1,1053,2266630,2025
8190,Downtown Dubai,Townhouse,2,1,1369,3605579,2025
8191,Dubai Marina,Apartment,5,5,1281,2767932,2024
8192,Business Bay,Apartment,3,3,1852,3490425,2024
8193,Palm Jumeirah,Villa,5,4,1346,4631676,2025
8194,Business Bay,Villa,3,4,3098,5059631,2025
8195,Dubai Marina,Apartment,1,1,1039,2318008,2025
8196,Business Bay,Penthouse,2,1,3241,4804903,2025
8197,Dubai Silicon Oasis,Townhouse,1,2,1903,1411635,2025
8198,Dubai Marina,Apartment,3,4,3543,8267300,2025
8199,Al Barsha,Penthouse,2,2,2735,3501342,2024
8200,JVC,Villa,5,5,4559,4323889,2026
8201,Dubai Marina,Penthouse,2,3,2395,4524626,2025
8202,Dubai Marina,Apartment,2,1,1721,2659183,2023
8203,Dubai Marina,Apartment,5,5,3089,6282052,2023
8204,Business Bay,Apartment,3,2,3413,4731706,2025
8205,Business Bay,Villa,1,1,2392,3892249,2025
8206,Palm Jumeirah,Penthouse,3,4,2952,8937433,2026
8207,Dubai Marina,Townhouse,2,2,2539,5699005,2025
8208,Deira,Apartment,4,5,1772,1592954,2024
8209,Deira,Villa,3,3,1808,1628825,2023
8210,Dubai Marina,Villa,4,5,4569,9864257,2025
8211,Deira,Townhouse,5,4,3490,2308631,2025
8212,Dubai Marina,Penthouse,4,3,793,1174286,2026
8213,Business Bay,Apartment,2,1,4823,8304120,2025
8214,Deira,Apartment,2,3,3660,2430564,2026
8215,Al Barsha,Townhouse,3,3,583,657387,2026
8216,Palm Jumeirah,Apartment,3,2,3734,11039897,2025
8217,Business Bay,Townhouse,2,1,3091,6544087,2025
8218,Al Barsha,Villa,5,5,4606,4546198,2025
8219,Downtown Dubai,Villa,5,4,2625,5711463,2025
8220,Downtown Dubai,Apartment,2,3,2761,7164879,2026
8221,Business Bay,Penthouse,4,5,1813,3374940,2024
8222,Dubai Marina,Apartment,5,6,1845,3080706,2026
8223,Dubai Marina,Apartment,1,1,3223,6603993,2025
8224,JVC,Townhouse,2,2,4198,4086111,2025
8225,Downtown Dubai,Apartment,4,4,4491,8418224,2024
8226,Deira,Apartment,3,3,3934,2846415,2024
8227,Palm Jumeirah,Apartment,4,4,3185,12033108,2025
8228,Business Bay,Townhouse,3,2,2676,4121105,2024
8229,Business Bay,Penthouse,1,1,1929,3303267,2023
8230,Dubai Marina,Penthouse,3,3,3920,6618350,2024
8231,Business Bay,Penthouse,3,2,1829,3322163,2024
8232,Dubai Marina,Apartment,5,4,1595,3696574,2026
8233,JVC,Apartment,1,1,4385,3768619,2025
8234,Deira,Apartment,1,2,3091,2631962,2025
8235,Dubai Silicon Oasis,Apartment,1,1,1997,1947710,2026
8236,JVC,Apartment,3,2,4373,3659051,2024
8237,JVC,Townhouse,5,6,4826,5152589,2026
8238,Deira,Apartment,4,5,1828,1655880,2026
8239,Dubai Silicon Oasis,Apartment,5,4,2774,2833941,2025
8240,JVC,Villa,5,4,2598,2578731,2025
8241,Al Barsha,Penthouse,4,5,3612,3163640,2026
8242,JVC,Villa,4,4,4772,3692114,2024
8243,Deira,Villa,2,1,2900,1894823,2024
8244,Downtown Dubai,Apartment,5,4,4061,9833485,2024
8245,JVC,Townhouse,4,3,3119,2787766,2024
8246,Dubai Silicon Oasis,Villa,5,5,4474,4114327,2023
8247,Business Bay,Penthouse,5,5,2231,4528063,2026
8248,Dubai Marina,Apartment,2,2,2141,3430694,2023
8249,Al Barsha,Penthouse,1,1,2314,2898625,2025
8250,Downtown Dubai,Townhouse,5,5,4983,9102098,2024
8251,Dubai Marina,Villa,3,3,3193,5359244,2024
8252,Al Barsha,Villa,5,6,1059,1278636,2026
8253,JVC,Penthouse,4,5,540,433446,2026
8254,Downtown Dubai,Townhouse,2,1,2762,5529942,2025
8255,Dubai Silicon Oasis,Apartment,2,1,4096,4219955,2025
8256,JVC,Townhouse,4,4,2578,2914593,2026
8257,Deira,Townhouse,2,2,2954,2494551,2024
8258,JVC,Villa,2,3,4062,3242331,2025
8259,Palm Jumeirah,Townhouse,2,2,2751,7655228,2024
8260,Deira,Townhouse,4,3,4575,2938562,2024
8261,Al Barsha,Villa,1,1,3316,2966368,2026
8262,Business Bay,Apartment,1,2,3749,8191113,2026
8263,Palm Jumeirah,Apartment,1,1,3983,10551135,2025
8264,Al Barsha,Townhouse,4,5,3264,3829835,2023
8265,Al Barsha,Penthouse,1,1,582,480445,2025
8266,Deira,Villa,3,4,2337,1753526,2026
8267,Business Bay,Villa,1,1,1007,1430163,2026
8268,Palm Jumeirah,Townhouse,3,3,2723,6787432,2025
8269,Dubai Silicon Oasis,Penthouse,1,1,1015,743074,2025
8270,Downtown Dubai,Townhouse,1,2,2718,7551049,2023
8271,Deira,Townhouse,3,3,1948,1526434,2023
8272,Al Barsha,Townhouse,4,4,444,499811,2024
8273,Business Bay,Apartment,1,1,930,1500096,2025
8274,Al Barsha,Townhouse,3,3,2689,3124102,2026
8275,Business Bay,Penthouse,5,5,716,1388552,2026
8276,Al Barsha,Apartment,4,5,4330,4463548,2024
8277,Deira,Apartment,4,3,3877,3097381,2024
8278,Dubai Marina,Villa,2,1,3648,8100099,2024
8279,Al Barsha,Penthouse,5,6,1150,1472218,2025
8280,Deira,Apartment,1,2,4050,3680671,2026
8281,Downtown Dubai,Townhouse,4,4,3301,7582870,2026
8282,Deira,Apartment,3,3,2165,1237218,2026
8283,Palm Jumeirah,Apartment,1,1,351,963062,2025
8284,Dubai Silicon Oasis,Apartment,5,4,2809,2018939,2025
8285,JVC,Townhouse,4,5,4050,3463731,2026
8286,JVC,Townhouse,2,2,505,445524,2025
8287,Dubai Marina,Villa,1,1,594,1212834,2024
8288,Al Barsha,Townhouse,4,5,2130,2263858,2024
8289,Dubai Silicon Oasis,Penthouse,3,3,2728,2454921,2023
8290,Deira,Penthouse,1,1,2556,2300767,2023
8291,JVC,Townhouse,5,6,2331,1729794,2025
8292,Dubai Silicon Oasis,Townhouse,4,5,1536,991886,2025
8293,JVC,Apartment,3,2,628,640231,2024
8294,Deira,Townhouse,2,2,495,371838,2024
8295,Palm Jumeirah,Townhouse,2,1,809,2527416,2024
8296,Al Barsha,Penthouse,3,4,3560,4366922,2026
8297,Dubai Silicon Oasis,Townhouse,1,2,4004,2817015,2024
8298,JVC,Apartment,2,2,2373,2321099,2023
8299,Dubai Marina,Townhouse,2,1,709,1615622,2025
8300,Downtown Dubai,Townhouse,1,2,2282,5135501,2025
8301,Deira,Penthouse,1,1,4933,3763733,2023
8302,JVC,Villa,2,1,1512,1136267,2026
8303,Downtown Dubai,Penthouse,2,2,2633,5645418,2025
8304,Al Barsha,Villa,2,2,2850,2338992,2025
8305,Deira,Villa,4,3,1884,1432464,2025
8306,Downtown Dubai,Penthouse,3,4,2386,5749118,2023
8307,Deira,Apartment,1,2,2543,2270375,2024
8308,Deira,Apartment,5,4,2554,2000911,2025
8309,Dubai Silicon Oasis,Penthouse,4,5,3687,2364079,2024
8310,Dubai Silicon Oasis,Penthouse,3,3,3051,2969519,2023
8311,Dubai Silicon Oasis,Apartment,1,2,598,461573,2024
8312,Dubai Silicon Oasis,Penthouse,5,6,379,350843,2025
8313,Al Barsha,Townhouse,4,4,2259,2105420,2026
8314,Deira,Penthouse,3,4,4570,3775179,2025
8315,Palm Jumeirah,Villa,1,2,521,1975233,2026
8316,Al Barsha,Townhouse,1,2,680,570968,2025
8317,Dubai Silicon Oasis,Apartment,2,2,3508,3008968,2025
8318,Dubai Marina,Townhouse,2,3,2446,4711881,2024
8319,Downtown Dubai,Villa,2,3,1422,2950765,2023
8320,Business Bay,Villa,3,4,1314,2168656,2024
8321,JVC,Villa,1,1,3442,3525545,2023
8322,Palm Jumeirah,Villa,2,2,2785,7906382,2025
8323,JVC,Apartment,5,5,3317,2433955,2024
8324,Al Barsha,Penthouse,5,5,1653,1958132,2023
8325,Dubai Silicon Oasis,Villa,1,1,2797,2489545,2026
8326,JVC,Villa,4,5,4349,3621432,2024
8327,Al Barsha,Penthouse,5,5,1822,2333563,2026
8328,Dubai Marina,Villa,3,4,2193,4931147,2026
8329,Al Barsha,Townhouse,2,3,1111,1424510,2024
8330,Deira,Penthouse,3,2,3320,2454418,2024
8331,Deira,Penthouse,2,2,501,321796,2026
8332,Business Bay,Villa,2,2,1507,2272186,2026
8333,Dubai Marina,Townhouse,5,6,3665,8406304,2026
8334,Al Barsha,Penthouse,4,4,440,547982,2023
8335,Dubai Marina,Townhouse,3,3,4949,10426769,2025
8336,Business Bay,Villa,1,2,2229,3998686,2024
8337,Downtown Dubai,Townhouse,5,4,2203,4808814,2024
8338,Al Barsha,Apartment,1,1,2844,3275498,2023
8339,Palm Jumeirah,Penthouse,4,5,3322,8020282,2025
8340,Palm Jumeirah,Townhouse,2,3,2486,7921431,2025
8341,JVC,Villa,2,1,4461,4574295,2026
8342,Al Barsha,Villa,1,2,4823,5676092,2023
8343,Downtown Dubai,Apartment,2,1,1281,2890178,2026
8344,Deira,Penthouse,4,3,3636,2984424,2024
8345,Dubai Silicon Oasis,Townhouse,3,4,1749,1186410,2026
8346,JVC,Apartment,1,1,4979,4107543,2025
8347,Deira,Villa,2,2,1527,932408,2023
8348,JVC,Apartment,1,1,1722,1503180,2026
8349,Dubai Silicon Oasis,Villa,3,4,3671,2854853,2025
8350,Dubai Silicon Oasis,Penthouse,5,4,4019,3173305,2024
8351,JVC,Townhouse,5,4,947,880351,2024
8352,Downtown Dubai,Villa,5,5,2933,6569823,2026
8353,Dubai Marina,Townhouse,1,2,1957,3681948,2026
8354,Deira,Townhouse,3,3,3194,2629967,2025
8355,Dubai Silicon Oasis,Apartment,1,2,2938,2047218,2024
8356,Downtown Dubai,Apartment,3,4,4934,10587264,2024
8357,Al Barsha,Penthouse,3,4,4691,3753116,2024
8358,Al Barsha,Penthouse,4,4,3391,2760662,2025
8359,Business Bay,Apartment,2,2,3509,6580981,2025
8360,Downtown Dubai,Penthouse,1,1,4529,12335192,2024
8361,Deira,Apartment,3,2,1203,802483,2026
8362,Palm Jumeirah,Townhouse,3,3,3724,11182588,2026
8363,Al Barsha,Penthouse,4,5,3940,3565456,2024
8364,Palm Jumeirah,Apartment,1,2,942,2462575,2025
8365,Dubai Marina,Penthouse,4,4,4448,9944341,2025
8366,Downtown Dubai,Penthouse,3,3,3602,8606373,2024
8367,Business Bay,Villa,4,5,1964,3847757,2025
8368,Business Bay,Penthouse,5,4,2602,5489199,2023
8369,JVC,Apartment,2,1,2626,2586024,2023
8370,Dubai Silicon Oasis,Townhouse,4,5,4622,3291389,2026
8371,JVC,Villa,1,1,4856,5055059,2024
8372,Deira,Townhouse,5,4,4101,3369923,2025
8373,JVC,Villa,3,2,3382,3065028,2023
8374,Dubai Silicon Oasis,Villa,4,3,834,739529,2025
8375,Dubai Silicon Oasis,Townhouse,4,3,4603,3838073,2025
8376,Al Barsha,Apartment,4,4,972,939437,2026
8377,Al Barsha,Penthouse,2,3,1125,1278234,2024
8378,Deira,Townhouse,4,5,673,435167,2025
8379,Palm Jumeirah,Villa,3,4,4757,13753467,2026
8380,Palm Jumeirah,Townhouse,4,5,2643,7951553,2024
8381,Dubai Marina,Villa,4,3,1447,2884099,2023
8382,Dubai Silicon Oasis,Townhouse,3,2,725,711139,2024
8383,Dubai Silicon Oasis,Townhouse,1,1,2265,2006714,2026
8384,Palm Jumeirah,Penthouse,2,3,3715,12962088,2024
8385,Al Barsha,Villa,5,5,4974,4707038,2023
8386,Business Bay,Villa,3,4,2918,5425445,2026
8387,Dubai Marina,Villa,4,4,3173,4865689,2024
8388,Al Barsha,Penthouse,2,3,4236,4370010,2023
8389,Palm Jumeirah,Penthouse,4,4,4543,15604379,2025
8390,Dubai Silicon Oasis,Apartment,3,4,1651,1175328,2023
8391,Downtown Dubai,Apartment,2,1,4962,13656946,2025
8392,Business Bay,Penthouse,1,2,2764,4739192,2023
8393,Deira,Apartment,2,2,4675,3716155,2025
8394,Downtown Dubai,Apartment,3,2,896,2040088,2025
8395,Dubai Silicon Oasis,Apartment,2,1,803,749121,2023
8396,Palm Jumeirah,Apartment,2,1,4463,14622818,2025
8397,Downtown Dubai,Apartment,2,1,3477,6588322,2026
8398,Deira,Townhouse,2,3,1163,1027685,2024
8399,Dubai Silicon Oasis,Townhouse,4,3,4511,4078053,2026
8400,JVC,Apartment,3,3,825,769256,2026
8401,Palm Jumeirah,Townhouse,3,3,3522,12027303,2024
8402,Deira,Apartment,1,1,1303,848661,2025
8403,Downtown Dubai,Townhouse,3,3,678,1766771,2026
8404,Palm Jumeirah,Townhouse,5,6,4098,12363002,2025
8405,Palm Jumeirah,Villa,4,5,4290,15476393,2026
8406,JVC,Villa,3,4,842,710078,2024
8407,JVC,Penthouse,2,2,783,842215,2026
8408,Deira,Penthouse,2,3,3207,2813636,2024
8409,Al Barsha,Penthouse,1,1,483,623268,2025
8410,Business Bay,Apartment,1,2,3819,7715157,2026
8411,Downtown Dubai,Villa,4,3,4607,11676047,2024
8412,Al Barsha,Villa,5,4,3842,4072408,2025
8413,Downtown Dubai,Apartment,5,6,1422,2668109,2025
8414,Dubai Marina,Villa,4,5,1233,2396789,2026
8415,JVC,Apartment,5,4,3514,3420752,2025
8416,Al Barsha,Villa,3,4,636,529385,2025
8417,Al Barsha,Townhouse,2,1,2850,3264142,2023
8418,JVC,Villa,2,1,2436,1917190,2023
8419,Palm Jumeirah,Townhouse,2,3,3812,12560226,2023
8420,Dubai Silicon Oasis,Villa,4,3,1291,1070307,2025
8421,Deira,Villa,1,1,3894,3373251,2025
8422,Al Barsha,Villa,5,6,3601,3298956,2023
8423,Dubai Marina,Apartment,4,4,1460,2327366,2024
8424,Downtown Dubai,Apartment,2,2,2008,4751506,2024
8425,Dubai Marina,Apartment,4,5,656,1216367,2026
8426,Dubai Silicon Oasis,Townhouse,1,1,2439,1718321,2023
8427,JVC,Apartment,3,4,1561,1555022,2025
8428,Business Bay,Villa,1,1,877,1867961,2026
8429,Palm Jumeirah,Apartment,1,1,2953,10366154,2026
8430,Palm Jumeirah,Villa,1,1,2989,8113148,2025
8431,Dubai Marina,Villa,4,3,749,1239269,2024
8432,Dubai Silicon Oasis,Apartment,4,3,1212,1045985,2023
8433,Business Bay,Townhouse,5,5,734,1420942,2024
8434,Dubai Silicon Oasis,Penthouse,5,6,3507,3617814,2026
8435,Al Barsha,Townhouse,5,4,1921,1637479,2024
8436,Deira,Apartment,5,5,680,510830,2024
8437,Deira,Penthouse,1,2,1240,1122920,2024
8438,Dubai Silicon Oasis,Penthouse,4,5,4887,3344461,2025
8439,JVC,Penthouse,4,5,1539,1781632,2024
8440,JVC,Apartment,1,1,3533,3278553,2024
8441,Deira,Apartment,1,1,2528,2050426,2023
8442,Downtown Dubai,Penthouse,5,5,1195,2662219,2025
8443,Al Barsha,Penthouse,5,5,1779,2171308,2023
8444,Dubai Marina,Villa,2,1,415,936931,2025
8445,Dubai Silicon Oasis,Villa,1,1,3823,2701584,2025
8446,JVC,Townhouse,2,3,1905,2012173,2025
8447,Dubai Marina,Penthouse,1,1,2671,3896095,2023
8448,Palm Jumeirah,Villa,4,5,1060,2984207,2025
8449,JVC,Townhouse,2,1,4182,4050493,2025
8450,JVC,Penthouse,1,1,1365,1353318,2024
8451,Business Bay,Villa,5,5,2983,4983031,2023
8452,Palm Jumeirah,Villa,5,6,4408,12367337,2026
8453,Downtown Dubai,Apartment,5,6,3666,7144356,2024
8454,Dubai Marina,Townhouse,5,4,3154,5222208,2025
8455,Business Bay,Villa,1,2,4479,6587233,2023
8456,JVC,Apartment,4,3,1170,979903,2025
8457,Palm Jumeirah,Townhouse,4,5,4830,17542168,2024
8458,Deira,Townhouse,4,5,2938,1940939,2025
8459,Palm Jumeirah,Apartment,2,1,2255,8482257,2023
8460,Dubai Marina,Townhouse,2,2,1539,2555826,2024
8461,Dubai Silicon Oasis,Townhouse,5,6,3813,3190663,2025
8462,Deira,Villa,1,2,4889,3024577,2024
8463,Dubai Marina,Villa,4,4,3559,5179715,2023
8464,Al Barsha,Townhouse,4,3,502,558610,2026
8465,Dubai Silicon Oasis,Penthouse,4,4,2531,1961794,2026
8466,Palm Jumeirah,Penthouse,3,4,3755,10955635,2024
8467,Al Barsha,Villa,4,4,2198,2206519,2025
8468,Dubai Silicon Oasis,Townhouse,5,4,3944,3751153,2024
8469,Dubai Silicon Oasis,Villa,4,3,3638,2910023,2025
8470,Dubai Silicon Oasis,Apartment,1,1,662,446560,2025
8471,Downtown Dubai,Penthouse,2,2,2944,6084155,2025
8472,Dubai Marina,Villa,2,2,1149,2250335,2024
8473,Deira,Villa,2,2,2612,2370965,2024
8474,Deira,Townhouse,2,3,2137,1303786,2025
8475,Palm Jumeirah,Townhouse,2,2,4102,11834997,2025
8476,Downtown Dubai,Villa,4,4,4386,10062153,2025
8477,Dubai Silicon Oasis,Apartment,1,1,2495,2539554,2023
8478,Business Bay,Townhouse,4,4,2847,4134295,2024
8479,Deira,Penthouse,4,5,3261,2732188,2025
8480,Palm Jumeirah,Apartment,5,4,3397,11836615,2023
8481,Dubai Silicon Oasis,Apartment,1,1,3304,2519548,2026
8482,Deira,Penthouse,2,1,3991,3315777,2025
8483,Deira,Townhouse,5,4,4916,3742087,2026
8484,Al Barsha,Townhouse,3,2,4200,3719856,2024
8485,Dubai Marina,Villa,3,3,976,1656433,2024
8486,Deira,Villa,1,2,2564,1730492,2026
8487,Palm Jumeirah,Apartment,4,5,2495,7196937,2025
8488,Al Barsha,Penthouse,2,1,2715,3185191,2023
8489,Downtown Dubai,Townhouse,5,6,2807,6979112,2026
8490,Palm Jumeirah,Penthouse,2,1,3688,13386638,2024
8491,JVC,Penthouse,1,1,2307,2191322,2025
8492,Dubai Marina,Apartment,3,3,1574,2763123,2023
8493,Palm Jumeirah,Penthouse,3,4,2477,6196529,2026
8494,Dubai Marina,Villa,3,3,4323,9315862,2026
8495,Dubai Marina,Villa,5,4,1798,2710111,2024
8496,Palm Jumeirah,Villa,2,2,446,1272079,2023
8497,Dubai Silicon Oasis,Villa,2,1,4889,4437028,2025
8498,Deira,Villa,4,3,1260,1042599,2024
8499,Dubai Marina,Townhouse,1,1,3153,4734738,2025
8500,Dubai Marina,Villa,5,5,4070,8086503,2025
8501,Business Bay,Townhouse,2,1,1626,2400899,2023
8502,Business Bay,Villa,2,3,1932,3871059,2026
8503,Dubai Marina,Villa,1,1,1654,3468218,2025
8504,JVC,Apartment,2,1,1046,1105230,2024
8505,Downtown Dubai,Penthouse,3,4,1061,1941771,2025
8506,Palm Jumeirah,Apartment,4,5,1218,3945269,2026
8507,Deira,Townhouse,5,5,2479,1597213,2025
8508,Business Bay,Villa,4,3,2818,5020088,2026
8509,Palm Jumeirah,Penthouse,2,1,424,1646865,2023
8510,Downtown Dubai,Apartment,5,6,4284,7966184,2024
8511,Al Barsha,Villa,1,2,3492,3830814,2025
8512,Dubai Marina,Townhouse,2,3,678,1077002,2023
8513,Palm Jumeirah,Penthouse,2,3,4268,13508545,2024
8514,JVC,Apartment,3,2,491,468612,2025
8515,Business Bay,Penthouse,2,3,2956,5166472,2024
8516,Palm Jumeirah,Apartment,5,5,2513,8442230,2024
8517,Deira,Villa,2,3,2684,2418196,2024
8518,Dubai Silicon Oasis,Penthouse,2,2,4796,4614171,2023
8519,Palm Jumeirah,Villa,4,5,4660,17884080,2024
8520,Downtown Dubai,Townhouse,3,4,1647,3241951,2023
8521,Palm Jumeirah,Villa,3,4,3045,11844575,2026
8522,Palm Jumeirah,Penthouse,5,5,4810,13745756,2024
8523,Al Barsha,Apartment,3,2,3739,3055072,2023
8524,Palm Jumeirah,Penthouse,1,1,4477,13674343,2026
8525,Al Barsha,Apartment,4,4,2371,2188666,2026
8526,Deira,Townhouse,4,3,1666,1377352,2024
8527,Palm Jumeirah,Villa,2,3,2724,6892842,2026
8528,JVC,Penthouse,5,4,4148,4009462,2026
8529,JVC,Townhouse,2,2,4668,3968866,2025
8530,Dubai Marina,Apartment,1,2,3539,5754625,2025
8531,Palm Jumeirah,Apartment,1,2,3635,13498419,2025
8532,Dubai Silicon Oasis,Townhouse,4,4,2729,2309285,2026
8533,Dubai Marina,Townhouse,2,3,1836,3181604,2025
8534,Dubai Silicon Oasis,Townhouse,3,4,2316,2173443,2026
8535,Al Barsha,Villa,4,3,2664,3267649,2023
8536,Business Bay,Townhouse,5,6,4142,7189578,2025
8537,JVC,Penthouse,3,3,2932,2351334,2026
8538,Palm Jumeirah,Apartment,5,5,4037,15710012,2023
8539,Al Barsha,Townhouse,2,1,477,467215,2024
8540,Dubai Marina,Penthouse,5,5,3869,6286946,2026
8541,Business Bay,Apartment,2,3,2707,3919229,2025
8542,Dubai Marina,Villa,1,2,4991,7743379,2025
8543,Deira,Townhouse,4,5,2543,2263435,2026
8544,Dubai Marina,Penthouse,4,5,2575,5901885,2023
8545,JVC,Townhouse,5,5,942,893552,2025
8546,Deira,Penthouse,5,6,4102,3290818,2025
8547,Al Barsha,Townhouse,1,1,3612,4393350,2024
8548,Downtown Dubai,Penthouse,4,5,4360,10347152,2024
8549,Palm Jumeirah,Townhouse,4,3,781,2655768,2025
8550,Downtown Dubai,Villa,4,4,1333,3763953,2025
8551,Palm Jumeirah,Townhouse,1,2,4427,11770526,2025
8552,Dubai Marina,Villa,1,2,545,852873,2025
8553,Al Barsha,Townhouse,4,5,2713,3191887,2025
8554,Dubai Marina,Townhouse,5,6,2232,4626926,2024
8555,Palm Jumeirah,Apartment,1,1,4718,12639183,2024
8556,Business Bay,Townhouse,1,1,4333,7006688,2025
8557,Downtown Dubai,Apartment,3,4,4519,11359774,2025
8558,Palm Jumeirah,Villa,2,2,1694,5321782,2026
8559,Downtown Dubai,Townhouse,5,6,3081,8450636,2025
8560,Palm Jumeirah,Townhouse,5,5,3605,13178914,2026
8561,Deira,Apartment,3,4,4848,3541424,2026
8562,Business Bay,Penthouse,5,5,384,739904,2025
8563,JVC,Townhouse,2,1,4893,4939764,2025
8564,Business Bay,Villa,5,4,2002,2879410,2026
8565,Dubai Silicon Oasis,Villa,3,4,946,766483,2024
8566,Al Barsha,Apartment,3,4,3212,3276049,2025
8567,Dubai Marina,Villa,1,1,3984,8954560,2025
8568,JVC,Townhouse,1,2,953,1065812,2025
8569,Dubai Marina,Penthouse,1,2,539,804118,2026
8570,Downtown Dubai,Townhouse,3,3,4519,12154690,2024
8571,Al Barsha,Villa,1,2,4691,5187501,2023
8572,Al Barsha,Penthouse,1,1,1076,869529,2024
8573,Business Bay,Townhouse,4,4,4553,7669093,2026
8574,Deira,Townhouse,5,5,4580,3988409,2024
8575,JVC,Townhouse,1,1,4988,4395451,2025
8576,Business Bay,Villa,3,2,1356,2623832,2024
8577,Al Barsha,Apartment,5,5,3041,3292891,2025
8578,JVC,Townhouse,3,3,4973,4900578,2025
8579,JVC,Penthouse,1,1,4547,4257629,2024
8580,Downtown Dubai,Penthouse,1,1,3162,7242801,2024
8581,Downtown Dubai,Penthouse,5,5,1266,3485184,2024
8582,Dubai Marina,Villa,3,4,742,1344826,2023
8583,Al Barsha,Penthouse,1,1,1555,1392823,2025
8584,Al Barsha,Apartment,5,5,653,659442,2025
8585,Business Bay,Villa,5,5,1257,2492600,2023
8586,Palm Jumeirah,Townhouse,4,4,698,2172778,2024
8587,Downtown Dubai,Villa,1,1,3894,9989302,2025
8588,Dubai Marina,Apartment,1,2,3093,5121406,2026
8589,Palm Jumeirah,Apartment,2,2,2758,9030083,2025
8590,Downtown Dubai,Penthouse,1,1,4114,11152059,2026
8591,Al Barsha,Villa,3,2,2260,2406108,2025
8592,JVC,Apartment,2,3,2223,2237602,2026
8593,Deira,Townhouse,4,4,1312,1046428,2023
8594,JVC,Villa,1,1,2418,2545805,2025
8595,Downtown Dubai,Villa,4,3,1161,2490714,2024
8596,Palm Jumeirah,Penthouse,5,5,3090,10321434,2025
8597,Downtown Dubai,Townhouse,1,2,4988,11062313,2026
8598,Business Bay,Apartment,4,3,2828,4785866,2025
8599,JVC,Penthouse,3,2,1740,1624882,2023
8600,Dubai Silicon Oasis,Apartment,1,1,3549,2850293,2025
8601,Palm Jumeirah,Townhouse,2,2,4163,10152736,2025
8602,Deira,Apartment,4,5,2543,2084492,2023
8603,Palm Jumeirah,Villa,5,6,1514,4960633,2024
8604,Dubai Silicon Oasis,Penthouse,2,2,3669,2550072,2025
8605,Business Bay,Apartment,1,1,1220,1930176,2024
8606,Al Barsha,Penthouse,2,2,4987,5513214,2023
8607,Dubai Silicon Oasis,Villa,5,5,1827,1547846,2026
8608,Dubai Silicon Oasis,Villa,3,2,1978,1838290,2026
8609,Deira,Penthouse,3,3,3730,2727492,2024
8610,Dubai Silicon Oasis,Townhouse,1,2,406,397008,2026
8611,Deira,Villa,4,4,1293,759132,2026
8612,JVC,Townhouse,3,3,934,930203,2025
8613,Downtown Dubai,Villa,3,4,2168,4701753,2025
8614,Downtown Dubai,Apartment,5,4,2923,6131071,2026
8615,Palm Jumeirah,Villa,3,2,1185,4521323,2025
8616,Downtown Dubai,Apartment,5,6,1950,5284867,2024
8617,Downtown Dubai,Villa,3,4,3940,7730625,2024
8618,Deira,Penthouse,2,2,4720,2738085,2025
8619,JVC,Townhouse,5,6,416,461870,2024
8620,Deira,Apartment,4,4,3267,2023102,2023
8621,Dubai Silicon Oasis,Townhouse,4,5,469,474299,2025
8622,Dubai Marina,Townhouse,2,1,2769,4678468,2024
8623,Deira,Villa,4,5,4439,3125406,2023
8624,Al Barsha,Apartment,3,2,4060,3339317,2026
8625,Downtown Dubai,Townhouse,1,1,1432,3367039,2023
8626,Al Barsha,Townhouse,2,3,1552,1388059,2025
8627,Palm Jumeirah,Villa,5,4,3993,12165129,2025
8628,Deira,Apartment,3,3,4161,3669136,2026
8629,Dubai Marina,Apartment,4,5,1656,2761074,2024
8630,Business Bay,Apartment,1,2,364,691483,2024
8631,JVC,Townhouse,2,2,2416,1959123,2025
8632,Downtown Dubai,Apartment,5,4,3231,7854016,2025
8633,Al Barsha,Apartment,3,2,2413,2279264,2026
8634,Palm Jumeirah,Penthouse,5,5,4696,16071333,2024
8635,Dubai Silicon Oasis,Villa,5,5,4133,3919113,2024
8636,Downtown Dubai,Apartment,2,3,4013,10950448,2023
8637,Deira,Penthouse,5,6,444,391389,2025
8638,Palm Jumeirah,Villa,4,4,4319,11928874,2024
8639,Deira,Apartment,1,1,3861,2336475,2024
8640,JVC,Villa,1,1,2195,1628322,2025
8641,Deira,Apartment,1,1,3091,2510279,2024
8642,Downtown Dubai,Villa,4,4,4182,8220062,2023
8643,Al Barsha,Penthouse,1,2,4563,5475979,2024
8644,Business Bay,Penthouse,2,3,2911,6346257,2026
8645,Business Bay,Villa,3,4,542,805287,2025
8646,Palm Jumeirah,Villa,1,2,3226,9113437,2025
8647,Dubai Marina,Townhouse,2,2,3512,6713743,2025
8648,JVC,Townhouse,4,4,623,569264,2026
8649,Downtown Dubai,Penthouse,5,6,4150,9248423,2023
8650,Dubai Silicon Oasis,Townhouse,3,3,1287,935445,2024
8651,Business Bay,Apartment,4,5,4490,9500089,2026
8652,Dubai Marina,Penthouse,3,3,2911,5977535,2025
8653,Dubai Marina,Villa,3,2,1847,2915455,2026
8654,Dubai Silicon Oasis,Penthouse,3,2,623,399826,2025
8655,Downtown Dubai,Penthouse,5,4,433,1125345,2025
8656,Dubai Marina,Apartment,1,1,3797,5521870,2025
8657,Downtown Dubai,Townhouse,3,4,2103,5737947,2023
8658,Downtown Dubai,Penthouse,1,2,4256,9969122,2026
8659,Dubai Marina,Villa,5,6,1421,3235726,2025
8660,Dubai Silicon Oasis,Penthouse,4,3,4629,4391729,2023
8661,Dubai Marina,Townhouse,1,1,4728,10613930,2024
8662,Deira,Penthouse,4,3,823,675136,2024
8663,Al Barsha,Penthouse,3,2,3358,3654539,2024
8664,Deira,Penthouse,1,1,4719,2928474,2023
8665,Downtown Dubai,Apartment,5,6,1852,4741881,2024
8666,Deira,Townhouse,2,1,664,509492,2026
8667,JVC,Penthouse,1,1,4420,4086715,2025
8668,Business Bay,Villa,4,3,2554,4686085,2024
8669,JVC,Apartment,2,3,475,391644,2023
8670,Al Barsha,Villa,4,3,4257,4266423,2026
8671,Palm Jumeirah,Townhouse,1,1,3506,9067555,2025
8672,Downtown Dubai,Penthouse,5,4,676,1494464,2023
8673,Business Bay,Penthouse,3,3,1552,2726697,2026
8674,Al Barsha,Penthouse,3,3,434,533336,2024
8675,Dubai Silicon Oasis,Penthouse,5,5,4790,4075676,2024
8676,Dubai Silicon Oasis,Apartment,3,4,466,467653,2024
8677,Downtown Dubai,Penthouse,1,2,4050,11440074,2026
8678,Al Barsha,Townhouse,3,3,2727,2248394,2026
8679,Palm Jumeirah,Apartment,4,5,3059,10081592,2025
8680,Deira,Apartment,2,2,4123,2740689,2025
8681,Business Bay,Villa,1,1,4511,9399240,2024
8682,Deira,Villa,1,1,942,690417,2024
8683,JVC,Apartment,5,6,433,326974,2024
8684,Palm Jumeirah,Villa,1,1,929,2529211,2026
8685,Downtown Dubai,Townhouse,3,3,3523,8811998,2025
8686,Business Bay,Villa,5,5,2993,4273024,2025
8687,Business Bay,Townhouse,2,1,740,1244840,2026
8688,Al Barsha,Townhouse,2,2,1439,1778331,2024
8689,Deira,Villa,4,4,2848,1623987,2023
8690,Deira,Apartment,4,4,3745,3009744,2024
8691,JVC,Villa,1,2,1946,1992641,2026
8692,Business Bay,Townhouse,3,3,4765,7779464,2023
8693,Business Bay,Villa,1,1,4963,7225180,2023
8694,Al Barsha,Townhouse,2,1,3912,3329908,2024
8695,Downtown Dubai,Penthouse,2,1,2462,6957983,2026
8696,Dubai Marina,Penthouse,5,6,4428,9073966,2024
8697,Palm Jumeirah,Townhouse,5,6,3734,11067526,2025
8698,Al Barsha,Apartment,4,5,2766,3365593,2026
8699,Deira,Townhouse,4,3,2413,1438552,2025
8700,Al Barsha,Villa,1,2,4220,3643817,2023
8701,Business Bay,Villa,1,1,2940,4492109,2023
8702,Downtown Dubai,Townhouse,4,3,1200,3119902,2024
8703,Deira,Penthouse,3,2,4999,3514864,2026
8704,Dubai Marina,Townhouse,3,4,667,1346218,2026
8705,Dubai Silicon Oasis,Villa,4,4,3581,2624802,2024
8706,Deira,Villa,2,2,3400,2828984,2024
8707,Palm Jumeirah,Villa,4,5,3075,11077680,2023
8708,Downtown Dubai,Villa,4,3,591,1308818,2025
8709,JVC,Penthouse,2,1,2640,2149427,2024
8710,Dubai Silicon Oasis,Penthouse,4,5,4500,4014090,2026
8711,Dubai Marina,Villa,1,1,1463,2443973,2024
8712,Dubai Marina,Villa,2,3,3565,5609398,2023
8713,JVC,Penthouse,4,4,4343,4330443,2025
8714,Downtown Dubai,Apartment,5,4,4777,11102701,2026
8715,Deira,Villa,1,1,2750,2294077,2024
8716,Dubai Marina,Penthouse,4,5,1809,3080869,2026
8717,Al Barsha,Penthouse,3,2,3603,3288282,2025
8718,Al Barsha,Penthouse,4,3,2610,2923882,2025
8719,Downtown Dubai,Penthouse,4,4,3265,8264257,2025
8720,Palm Jumeirah,Apartment,1,1,3798,11470131,2026
8721,Deira,Apartment,4,4,3652,2610544,2025
8722,Al Barsha,Penthouse,2,1,1478,1273699,2024
8723,Deira,Villa,1,2,3864,2798682,2026
8724,Dubai Silicon Oasis,Villa,3,2,2869,2939380,2023
8725,Dubai Marina,Villa,1,1,4678,7215010,2024
8726,Palm Jumeirah,Penthouse,4,5,3416,11108667,2024
8727,Al Barsha,Villa,3,3,4496,3638142,2025
8728,Downtown Dubai,Townhouse,3,3,4901,10379883,2026
8729,Downtown Dubai,Townhouse,1,1,4974,12918765,2025
8730,Dubai Marina,Villa,4,3,3812,7435096,2025
8731,Dubai Silicon Oasis,Penthouse,1,1,3127,2102760,2023
8732,Al Barsha,Penthouse,2,3,899,922298,2026
8733,Dubai Marina,Villa,2,1,2145,3241455,2024
8734,Downtown Dubai,Penthouse,4,5,2560,5557458,2023
8735,Business Bay,Townhouse,3,2,3979,8012159,2026
8736,Dubai Silicon Oasis,Apartment,5,6,3087,2294566,2026
8737,Al Barsha,Penthouse,5,6,2391,2454826,2024
8738,Dubai Silicon Oasis,Townhouse,4,5,1031,866179,2025
8739,Al Barsha,Penthouse,1,1,3678,4511574,2026
8740,Deira,Penthouse,4,5,2358,1420756,2023
8741,JVC,Penthouse,2,3,518,501262,2026
8742,Palm Jumeirah,Townhouse,5,5,1670,4085128,2024
8743,Business Bay,Apartment,5,6,4439,6389214,2025
8744,Dubai Silicon Oasis,Villa,1,1,902,656916,2023
8745,Business Bay,Apartment,1,2,2238,4412792,2023
8746,Al Barsha,Apartment,4,5,2730,2240113,2023
8747,Downtown Dubai,Townhouse,1,1,739,2068886,2024
8748,Deira,Penthouse,5,4,1120,794845,2026
8749,Business Bay,Penthouse,3,2,4722,9788017,2025
8750,Business Bay,Villa,3,2,3095,4792899,2024
8751,Al Barsha,Villa,5,5,1328,1286706,2025
8752,Business Bay,Townhouse,2,2,1139,2252900,2024
8753,Dubai Marina,Villa,3,4,2329,4148595,2025
8754,Business Bay,Townhouse,5,4,3714,6653128,2025
8755,Dubai Silicon Oasis,Penthouse,1,1,3746,3610023,2024
8756,Dubai Silicon Oasis,Apartment,1,1,1257,1131850,2025
8757,Palm Jumeirah,Villa,1,1,3724,13606803,2024
8758,Deira,Apartment,2,3,4517,2666250,2026
8759,JVC,Penthouse,1,1,1402,1393071,2025
8760,Al Barsha,Apartment,1,1,471,518383,2024
8761,Palm Jumeirah,Townhouse,5,6,4808,15917594,2024
8762,Dubai Marina,Apartment,3,3,2777,5470493,2024
8763,Dubai Silicon Oasis,Villa,2,3,3960,3680959,2026
8764,Al Barsha,Penthouse,3,3,1838,2246069,2026
8765,Dubai Marina,Penthouse,5,6,1741,2866796,2026
8766,Business Bay,Apartment,3,4,1396,2022635,2025
8767,Deira,Townhouse,3,3,1359,796226,2026
8768,Deira,Apartment,5,4,2542,1564473,2024
8769,Downtown Dubai,Townhouse,1,2,841,2086981,2025
8770,Dubai Marina,Townhouse,3,2,4265,7740328,2024
8771,Dubai Silicon Oasis,Penthouse,4,4,2727,2126503,2026
8772,Dubai Silicon Oasis,Penthouse,3,3,4606,4624333,2026
8773,Deira,Villa,5,6,2685,2349540,2025
8774,Deira,Apartment,5,5,1760,1317557,2026
8775,Deira,Villa,2,2,2744,1976983,2026
8776,Business Bay,Apartment,5,5,1067,1696396,2023
8777,Deira,Apartment,2,3,4182,3015078,2025
8778,JVC,Townhouse,2,2,3698,3346370,2025
8779,Dubai Marina,Penthouse,5,6,1034,1495429,2025
8780,JVC,Townhouse,1,1,3056,3243514,2025
8781,JVC,Townhouse,2,2,2851,2615387,2024
8782,JVC,Townhouse,4,5,1284,1053242,2024
8783,Business Bay,Penthouse,3,4,917,1766437,2026
8784,Downtown Dubai,Apartment,5,5,3885,8750710,2025
8785,Business Bay,Townhouse,2,3,1577,2565259,2025
8786,Business Bay,Penthouse,3,3,2763,4299750,2023
8787,Downtown Dubai,Apartment,1,1,1501,2739408,2023
8788,Business Bay,Townhouse,2,3,3388,6056283,2025
8789,Deira,Apartment,1,2,577,398940,2023
8790,Business Bay,Penthouse,4,5,2020,2816445,2023
8791,Dubai Marina,Townhouse,2,3,2893,6281183,2023
8792,Deira,Penthouse,4,3,2391,2015372,2024
8793,Palm Jumeirah,Villa,2,2,3197,10022717,2023
8794,Business Bay,Townhouse,3,3,1188,2462801,2025
8795,Dubai Marina,Penthouse,5,6,2404,4502463,2025
8796,Dubai Marina,Apartment,5,4,3867,6156312,2025
8797,Dubai Marina,Penthouse,1,2,1901,3622998,2026
8798,Al Barsha,Townhouse,4,3,1080,1032786,2025
8799,JVC,Townhouse,5,5,4292,3963937,2026
8800,Business Bay,Townhouse,4,5,3969,8672540,2024
8801,Deira,Penthouse,1,1,3513,2404422,2024
8802,Deira,Apartment,4,3,4060,2580379,2024
8803,Dubai Marina,Villa,4,5,3971,6177670,2026
8804,Dubai Silicon Oasis,Villa,4,3,3821,3796435,2026
8805,JVC,Penthouse,3,4,2718,1975231,2025
8806,Al Barsha,Apartment,3,4,440,551639,2026
8807,Al Barsha,Apartment,4,4,3126,2597349,2024
8808,Palm Jumeirah,Penthouse,3,4,1620,5716962,2025
8809,Downtown Dubai,Villa,4,3,3945,8217498,2024
8810,Palm Jumeirah,Penthouse,4,5,2527,7012074,2025
8811,Downtown Dubai,Apartment,2,1,4559,8926198,2024
8812,Al Barsha,Townhouse,4,5,3119,2704976,2025
8813,Al Barsha,Penthouse,4,5,2909,2423538,2025
8814,Al Barsha,Penthouse,3,2,4624,4057663,2025
8815,Al Barsha,Villa,4,5,2559,2800156,2024
8816,Downtown Dubai,Townhouse,1,1,2096,5002411,2025
8817,Dubai Marina,Penthouse,2,3,2077,3516292,2024
8818,Deira,Penthouse,4,4,4418,3525381,2023
8819,Palm Jumeirah,Villa,5,4,3866,13741478,2025
8820,Al Barsha,Apartment,4,5,1109,1430707,2023
8821,Deira,Villa,4,3,2640,1884746,2025
8822,Al Barsha,Villa,2,2,2076,2049623,2024
8823,JVC,Townhouse,4,3,3357,3887166,2025
8824,Dubai Marina,Townhouse,2,1,593,1356746,2025
8825,Dubai Marina,Villa,1,1,3670,8346508,2023
8826,Business Bay,Penthouse,2,1,3802,7138132,2024
8827,Dubai Marina,Apartment,4,5,1403,2800329,2025
8828,Palm Jumeirah,Penthouse,5,6,1050,3981568,2026
8829,Business Bay,Townhouse,3,4,3268,5777321,2023
8830,JVC,Penthouse,5,4,1545,1260818,2023
8831,Palm Jumeirah,Townhouse,4,5,4728,18334654,2026
8832,Deira,Penthouse,3,3,3954,3379580,2024
8833,Dubai Marina,Apartment,5,6,4790,7139247,2024
8834,Business Bay,Apartment,3,4,2836,4128068,2024
8835,Dubai Silicon Oasis,Townhouse,3,2,4713,4679287,2026
8836,JVC,Apartment,4,5,414,354172,2025
8837,Al Barsha,Apartment,4,4,1698,1949631,2024
8838,JVC,Villa,3,3,360,278287,2025
8839,JVC,Villa,3,3,3500,2788590,2024
8840,Al Barsha,Townhouse,5,4,2724,3197113,2024
8841,JVC,Townhouse,1,1,1687,1958069,2026
8842,Al Barsha,Townhouse,1,2,1768,1858343,2025
8843,Deira,Penthouse,3,4,3343,1922294,2025
8844,Al Barsha,Apartment,1,1,1188,1089584,2026
8845,Al Barsha,Penthouse,2,3,2742,2485213,2024
8846,Dubai Silicon Oasis,Villa,3,3,3203,3248190,2023
8847,Palm Jumeirah,Townhouse,3,2,1465,4437082,2024
8848,Dubai Silicon Oasis,Penthouse,2,3,1412,1438925,2025
8849,Dubai Marina,Villa,2,3,1997,4420611,2024
8850,Business Bay,Apartment,4,3,3103,5409104,2025
8851,Business Bay,Penthouse,5,6,1532,2115892,2023
8852,Dubai Marina,Townhouse,4,4,2113,4892980,2023
8853,Al Barsha,Apartment,3,4,2877,2316087,2025
8854,Al Barsha,Villa,1,1,1218,1495782,2024
8855,Deira,Penthouse,2,2,2995,2110370,2026
8856,Deira,Townhouse,3,2,992,660134,2026
8857,Palm Jumeirah,Penthouse,2,3,1012,3048600,2026
8858,Business Bay,Townhouse,4,4,1451,2413554,2025
8859,Deira,Apartment,2,1,1682,1347604,2024
8860,Dubai Silicon Oasis,Apartment,5,6,488,424115,2025
8861,JVC,Penthouse,2,3,4821,4028462,2023
8862,JVC,Townhouse,3,3,1782,1706043,2026
8863,Dubai Marina,Townhouse,4,5,4091,7382025,2025
8864,Dubai Silicon Oasis,Townhouse,2,3,4544,4581526,2024
8865,Palm Jumeirah,Villa,4,4,4072,15223445,2026
8866,Palm Jumeirah,Villa,3,4,4215,14019169,2024
8867,JVC,Penthouse,4,3,815,940848,2026
8868,Dubai Marina,Penthouse,3,4,2079,3695660,2025
8869,Al Barsha,Penthouse,5,5,3819,3223179,2026
8870,Al Barsha,Penthouse,4,3,3027,2493721,2026
8871,JVC,Penthouse,1,2,376,411738,2024
8872,Al Barsha,Townhouse,3,4,2988,2963334,2025
8873,Palm Jumeirah,Villa,5,6,4090,15093779,2024
8874,Deira,Apartment,2,1,4203,3028502,2026
8875,Downtown Dubai,Villa,3,4,2135,3783841,2025
8876,Palm Jumeirah,Villa,4,5,1448,4623424,2026
8877,Downtown Dubai,Apartment,2,3,1789,4318647,2026
8878,Downtown Dubai,Villa,3,3,1728,3899508,2024
8879,JVC,Penthouse,3,4,1961,2151443,2023
8880,Downtown Dubai,Villa,1,2,1753,4327120,2025
8881,Dubai Silicon Oasis,Villa,1,1,2475,1945091,2024
8882,Dubai Marina,Townhouse,3,2,540,1127035,2024
8883,Dubai Silicon Oasis,Penthouse,1,2,1629,1250820,2025
8884,Downtown Dubai,Penthouse,5,5,1813,4863195,2025
8885,Al Barsha,Penthouse,3,2,1063,999275,2025
8886,JVC,Apartment,4,3,4432,4520529,2024
8887,Dubai Silicon Oasis,Apartment,2,3,3491,2813874,2024
8888,Palm Jumeirah,Townhouse,2,1,4590,11712646,2024
8889,Business Bay,Penthouse,3,2,2961,5611832,2025
8890,Downtown Dubai,Townhouse,4,4,859,1873787,2025
8891,Business Bay,Penthouse,2,3,4556,8652408,2025
8892,Palm Jumeirah,Townhouse,2,2,2479,7957231,2026
8893,Dubai Silicon Oasis,Villa,1,1,3532,2319245,2026
8894,JVC,Penthouse,3,4,2123,1724386,2023
8895,Dubai Marina,Penthouse,4,4,2648,5482363,2026
8896,JVC,Villa,3,4,2625,2442418,2024
8897,Downtown Dubai,Townhouse,2,1,1673,3802923,2025
8898,Dubai Silicon Oasis,Townhouse,2,2,2929,1877370,2024
8899,Downtown Dubai,Apartment,2,1,3761,7872066,2023
8900,Dubai Silicon Oasis,Villa,2,3,444,403057,2026
8901,Dubai Marina,Apartment,2,3,958,2144281,2025
8902,Al Barsha,Villa,5,6,4266,4637157,2024
8903,Business Bay,Townhouse,2,1,2998,5455006,2026
8904,Dubai Marina,Townhouse,2,3,4877,9087232,2024
8905,Palm Jumeirah,Penthouse,4,4,3161,10803418,2023
8906,Deira,Apartment,5,4,3388,2843703,2024
8907,Al Barsha,Penthouse,3,3,4530,4123848,2025
8908,Downtown Dubai,Apartment,4,4,3421,8707724,2025
8909,Palm Jumeirah,Villa,1,1,1882,5205202,2025
8910,Palm Jumeirah,Apartment,3,4,2805,6865766,2025
8911,Business Bay,Apartment,1,1,1445,2056925,2025
8912,Dubai Silicon Oasis,Apartment,1,1,1904,1254006,2024
8913,Business Bay,Apartment,3,3,3513,5614292,2023
8914,Business Bay,Villa,2,1,1042,1529757,2024
8915,Palm Jumeirah,Villa,1,1,3474,8781598,2025
8916,Dubai Silicon Oasis,Apartment,1,1,3065,2142541,2026
8917,Al Barsha,Villa,4,5,1783,1460453,2024
8918,Deira,Apartment,3,3,558,379575,2024
8919,Dubai Marina,Townhouse,2,1,3626,7906617,2025
8920,JVC,Townhouse,5,5,4183,4054165,2023
8921,Dubai Marina,Apartment,2,3,3744,5610271,2025
8922,Dubai Marina,Townhouse,5,5,2307,4100533,2025
8923,Al Barsha,Penthouse,2,3,3388,3438539,2025
8924,Al Barsha,Penthouse,1,1,2278,2018776,2023
8925,Dubai Marina,Apartment,1,2,2015,3578057,2026
8926,Business Bay,Penthouse,2,2,1871,3080118,2024
8927,JVC,Villa,1,1,1330,1253144,2023
8928,Dubai Marina,Penthouse,1,1,4857,10042153,2024
8929,Business Bay,Apartment,2,1,3447,6090888,2026
8930,Dubai Marina,Townhouse,5,6,1163,1752127,2026
8931,Deira,Penthouse,2,3,4372,2532830,2025
8932,Dubai Silicon Oasis,Villa,2,2,1053,1047928,2025
8933,Business Bay,Townhouse,5,5,3110,6066208,2025
8934,Downtown Dubai,Apartment,2,1,1119,2778361,2023
8935,Business Bay,Townhouse,5,5,2029,4334392,2024
8936,Dubai Silicon Oasis,Penthouse,4,3,3412,2922727,2024
8937,Downtown Dubai,Villa,5,5,4995,9196272,2025
8938,Deira,Penthouse,3,2,4962,4019391,2025
8939,Dubai Marina,Townhouse,3,4,4514,7159407,2026
8940,JVC,Townhouse,2,3,1444,1472573,2025
8941,Business Bay,Villa,3,2,784,1333271,2025
8942,Business Bay,Townhouse,4,3,4561,6312387,2026
8943,Downtown Dubai,Penthouse,5,6,4642,8453465,2024
8944,Al Barsha,Apartment,1,1,1645,1638941,2025
8945,Deira,Penthouse,1,1,439,337191,2025
8946,Business Bay,Apartment,1,1,3362,5060692,2025
8947,Business Bay,Penthouse,4,4,703,1019868,2026
8948,Dubai Marina,Townhouse,1,1,538,956890,2025
8949,Deira,Penthouse,5,4,4707,3960767,2026
8950,Downtown Dubai,Apartment,2,2,2654,6959865,2023
8951,JVC,Apartment,2,1,871,895268,2026
8952,Al Barsha,Villa,5,6,3393,3436017,2024
8953,Deira,Penthouse,4,4,2066,1476525,2023
8954,Deira,Penthouse,3,3,2843,1816905,2023
8955,JVC,Penthouse,5,5,4529,3540383,2025
8956,Palm Jumeirah,Penthouse,4,5,1455,3526572,2024
8957,Dubai Marina,Penthouse,4,5,3356,7430637,2023
8958,Downtown Dubai,Penthouse,2,1,4202,9688984,2025
8959,Al Barsha,Apartment,5,6,2320,1859529,2025
8960,Business Bay,Apartment,4,4,4861,8797425,2024
8961,Deira,Apartment,5,6,2434,1583106,2025
8962,Al Barsha,Villa,5,6,2485,2518998,2026
8963,Dubai Silicon Oasis,Villa,3,4,4461,4054890,2025
8964,Dubai Marina,Townhouse,2,3,3307,7172121,2025
8965,Palm Jumeirah,Townhouse,5,4,4389,15145221,2026
8966,Dubai Silicon Oasis,Townhouse,5,6,4025,4019040,2026
8967,Downtown Dubai,Townhouse,1,2,3662,7390724,2024
8968,Al Barsha,Penthouse,4,3,1472,1664379,2023
8969,Palm Jumeirah,Apartment,4,3,2204,8231382,2023
8970,JVC,Villa,4,4,4369,3752206,2025
8971,Al Barsha,Villa,5,5,3214,3855918,2026
8972,Al Barsha,Apartment,2,3,1652,2098218,2023
8973,Downtown Dubai,Penthouse,5,5,1872,4620591,2025
8974,Deira,Villa,4,3,3957,2443418,2024
8975,Dubai Silicon Oasis,Apartment,1,1,1178,876837,2025
8976,Deira,Townhouse,3,4,871,695051,2026
8977,Palm Jumeirah,Apartment,1,2,3907,14453021,2026
8978,Downtown Dubai,Villa,5,4,1690,3018563,2026
8979,Business Bay,Townhouse,4,5,3909,6400524,2025
8980,Dubai Silicon Oasis,Villa,5,4,2831,2076334,2025
8981,Al Barsha,Penthouse,4,5,4989,5044031,2026
8982,Business Bay,Villa,2,3,2790,5616845,2025
8983,JVC,Apartment,3,2,4383,4147468,2026
8984,Al Barsha,Villa,5,6,4304,4558561,2024
8985,Dubai Silicon Oasis,Apartment,1,1,1335,1179619,2023
8986,JVC,Townhouse,5,6,4981,4742176,2023
8987,Al Barsha,Townhouse,3,2,3817,4367146,2026
8988,JVC,Apartment,3,4,848,651405,2023
8989,Al Barsha,Villa,4,5,378,306709,2026
8990,Dubai Silicon Oasis,Penthouse,1,1,1611,1563823,2025
8991,Deira,Penthouse,1,1,425,309237,2025
8992,Business Bay,Townhouse,1,1,2012,3246769,2025
8993,JVC,Penthouse,4,3,4983,4606471,2025
8994,Dubai Marina,Apartment,1,2,2576,5216612,2023
8995,Dubai Marina,Townhouse,4,3,461,714334,2025
8996,Al Barsha,Apartment,1,1,2646,2809538,2026
8997,Deira,Townhouse,4,4,1368,819087,2023
8998,Downtown Dubai,Apartment,5,5,4331,11717634,2024
8999,Palm Jumeirah,Villa,3,2,771,2500796,2026
9000,Dubai Silicon Oasis,Apartment,2,3,3933,3792764,2023
9001,Deira,Villa,3,2,2423,1968328,2023
9002,Dubai Silicon Oasis,Townhouse,4,3,437,422186,2026
9003,Dubai Marina,Penthouse,4,4,3480,6081740,2026
9004,Dubai Marina,Penthouse,4,5,2465,3858997,2024
9005,Deira,Penthouse,3,2,3937,3433306,2026
9006,Palm Jumeirah,Apartment,4,4,3224,12015716,2025
9007,Deira,Penthouse,2,3,4010,3485273,2023
9008,Dubai Silicon Oasis,Villa,2,3,2490,2578914,2025
9009,Dubai Marina,Penthouse,5,4,386,762948,2026
9010,Dubai Silicon Oasis,Penthouse,3,3,957,808663,2025
9011,Dubai Marina,Penthouse,5,6,2483,5357315,2025
9012,Palm Jumeirah,Townhouse,4,5,2198,5638313,2025
9013,Al Barsha,Penthouse,3,3,4043,4817329,2024
9014,Deira,Villa,3,4,2264,1911447,2025
9015,Downtown Dubai,Apartment,4,4,4349,10415468,2024
9016,Palm Jumeirah,Villa,1,1,1222,3643857,2026
9017,Dubai Silicon Oasis,Apartment,3,3,2139,1930427,2024
9018,Downtown Dubai,Apartment,4,4,3866,10695364,2023
9019,Dubai Silicon Oasis,Apartment,1,2,927,651853,2023
9020,Deira,Apartment,1,2,1844,1233425,2026
9021,Dubai Marina,Penthouse,1,1,3846,7862294,2025
9022,JVC,Penthouse,3,4,3088,3381198,2024
9023,Al Barsha,Penthouse,2,1,3968,4468105,2025
9024,JVC,Townhouse,3,4,2748,2709195,2025
9025,Dubai Silicon Oasis,Penthouse,1,1,4345,2929818,2026
9026,Business Bay,Villa,2,2,4430,7657959,2024
9027,JVC,Penthouse,1,2,4881,5469544,2024
9028,Al Barsha,Penthouse,5,5,917,899412,2026
9029,Al Barsha,Apartment,3,4,3099,3069568,2025
9030,Downtown Dubai,Villa,1,1,881,1897068,2025
9031,Al Barsha,Villa,3,2,1414,1387663,2024
9032,JVC,Apartment,5,5,1746,1575138,2026
9033,Dubai Silicon Oasis,Apartment,5,4,3354,3184105,2026
9034,Dubai Marina,Penthouse,5,5,2355,4355705,2025
9035,Deira,Apartment,3,3,4371,3376509,2023
9036,Downtown Dubai,Townhouse,2,1,1738,3904699,2023
9037,Deira,Penthouse,2,2,3220,2788011,2024
9038,Dubai Silicon Oasis,Penthouse,2,1,3898,2773425,2025
9039,Deira,Villa,5,4,4908,2959601,2025
9040,Business Bay,Apartment,1,1,1490,2542785,2025
9041,Al Barsha,Villa,5,6,3761,4840947,2024
9042,Downtown Dubai,Villa,5,4,744,1882153,2024
9043,Palm Jumeirah,Penthouse,5,4,2876,9560988,2026
9044,Dubai Silicon Oasis,Penthouse,4,3,2274,1810408,2024
9045,JVC,Apartment,5,5,4807,4099497,2026
9046,Dubai Marina,Apartment,1,1,3946,9079431,2025
9047,Business Bay,Penthouse,5,5,4661,8030351,2023
9048,Business Bay,Penthouse,3,4,4305,8456837,2025
9049,Al Barsha,Penthouse,5,4,2259,2722589,2026
9050,Al Barsha,Penthouse,1,2,3760,4244143,2026
9051,JVC,Villa,5,5,491,404914,2024
9052,Al Barsha,Villa,3,3,2944,2779112,2023
9053,Downtown Dubai,Apartment,1,1,569,1015824,2025
9054,Downtown Dubai,Penthouse,3,4,3717,10505418,2023
9055,Palm Jumeirah,Penthouse,1,1,4845,17693840,2024
9056,Deira,Penthouse,1,2,3518,2467539,2026
9057,Al Barsha,Townhouse,3,2,4255,5302625,2025
9058,Palm Jumeirah,Penthouse,5,4,1439,3785319,2026
9059,Downtown Dubai,Apartment,1,1,4971,8978826,2025
9060,Deira,Villa,2,1,2911,1768003,2024
9061,Business Bay,Apartment,2,1,3486,7358619,2024
9062,JVC,Townhouse,3,2,3933,3115804,2026
9063,JVC,Apartment,1,1,3324,2495183,2025
9064,Al Barsha,Villa,4,3,1824,1628418,2025
9065,Downtown Dubai,Villa,3,4,3193,7077504,2024
9066,Palm Jumeirah,Apartment,5,5,3390,10660352,2024
9067,Dubai Marina,Apartment,2,1,4336,7164483,2023
9068,Deira,Penthouse,3,2,2588,2179098,2024
9069,Downtown Dubai,Villa,1,2,2683,7554868,2026
9070,Dubai Silicon Oasis,Penthouse,5,6,2689,2033783,2025
9071,Dubai Silicon Oasis,Villa,5,4,882,892967,2026
9072,Al Barsha,Apartment,2,2,768,928481,2026
9073,JVC,Apartment,3,2,445,497825,2025
9074,Al Barsha,Townhouse,5,5,3447,2860490,2024
9075,Downtown Dubai,Apartment,2,2,2297,6150093,2025
9076,JVC,Penthouse,2,3,4375,4303540,2023
9077,Downtown Dubai,Villa,2,2,3615,6514535,2026
9078,Dubai Marina,Townhouse,4,5,1007,2133113,2026
9079,JVC,Villa,2,3,815,675449,2025
9080,Palm Jumeirah,Apartment,1,2,2052,7378199,2024
9081,Al Barsha,Townhouse,1,2,4632,5155390,2024
9082,Dubai Marina,Apartment,5,6,576,1084664,2023
9083,Business Bay,Penthouse,5,4,1221,1684828,2024
9084,Deira,Townhouse,5,6,487,424365,2026
9085,Downtown Dubai,Villa,2,3,2273,4369435,2023
9086,Deira,Penthouse,3,3,4951,4210296,2026
9087,Palm Jumeirah,Apartment,3,4,3529,12112388,2025
9088,Palm Jumeirah,Villa,3,4,2644,6621525,2025
9089,Dubai Marina,Townhouse,1,1,1021,1968481,2023
9090,Downtown Dubai,Villa,3,2,2003,5644312,2023
9091,Dubai Silicon Oasis,Villa,1,2,2789,2814445,2025
9092,Dubai Silicon Oasis,Penthouse,2,2,1628,1137189,2025
9093,Business Bay,Penthouse,2,3,3628,5468143,2025
9094,Palm Jumeirah,Penthouse,4,4,4907,12907623,2024
9095,Palm Jumeirah,Apartment,5,5,1307,4619280,2023
9096,Palm Jumeirah,Penthouse,4,3,1522,4019801,2024
9097,Deira,Villa,3,2,936,545316,2025
9098,Palm Jumeirah,Penthouse,3,2,3724,11117995,2025
9099,Downtown Dubai,Villa,3,3,2497,7050475,2024
9100,Dubai Marina,Townhouse,1,1,1669,2866397,2026
9101,Al Barsha,Penthouse,5,6,1369,1590939,2023
9102,Deira,Penthouse,5,4,677,413231,2026
9103,Downtown Dubai,Townhouse,2,3,2564,6264519,2025
9104,Dubai Marina,Townhouse,1,1,3527,6923675,2025
9105,Downtown Dubai,Apartment,1,1,1442,3972119,2023
9106,Palm Jumeirah,Townhouse,4,4,357,1240516,2025
9107,Palm Jumeirah,Villa,1,2,2550,6582001,2025
9108,Downtown Dubai,Apartment,1,2,3492,7700837,2024
9109,Downtown Dubai,Penthouse,4,4,1954,3440235,2023
9110,Downtown Dubai,Villa,1,1,1514,3065996,2025
9111,Business Bay,Penthouse,1,2,1067,2332064,2025
9112,Downtown Dubai,Apartment,1,2,3819,8635964,2025
9113,Business Bay,Apartment,4,5,4356,9136452,2023
9114,Dubai Marina,Penthouse,2,1,3929,5741668,2024
9115,Dubai Silicon Oasis,Penthouse,2,2,2759,2736991,2025
9116,Dubai Silicon Oasis,Apartment,4,5,3717,3701234,2024
9117,JVC,Penthouse,1,1,2195,2225828,2023
9118,Al Barsha,Villa,3,2,463,397312,2024
9119,Palm Jumeirah,Apartment,3,3,2059,7647175,2026
9120,Dubai Marina,Penthouse,4,3,3622,8149056,2024
9121,JVC,Townhouse,4,4,3360,2723182,2025
9122,Dubai Marina,Penthouse,4,4,4954,11325573,2025
9123,Deira,Apartment,2,3,4988,4331402,2024
9124,Al Barsha,Penthouse,1,2,1478,1333803,2023
9125,Palm Jumeirah,Villa,3,4,394,1178348,2024
9126,Dubai Marina,Townhouse,1,2,1625,2832392,2024
9127,Downtown Dubai,Townhouse,3,2,4424,10210808,2026
9128,Business Bay,Apartment,4,5,4132,8741866,2025
9129,Downtown Dubai,Penthouse,5,5,809,2201921,2026
9130,Dubai Marina,Villa,4,5,1095,1749925,2026
9131,JVC,Villa,5,4,2970,2874989,2023
9132,Palm Jumeirah,Penthouse,3,3,3421,10950796,2025
9133,Dubai Marina,Penthouse,3,2,4917,9073627,2025
9134,Dubai Silicon Oasis,Penthouse,2,2,3860,3573911,2026
9135,Business Bay,Villa,4,3,1335,2548614,2026
9136,Downtown Dubai,Villa,5,4,522,1076686,2024
9137,Dubai Marina,Penthouse,2,1,3296,5779055,2025
9138,Dubai Silicon Oasis,Villa,1,1,2924,2910395,2024
9139,Palm Jumeirah,Townhouse,1,2,4636,13391817,2026
9140,Al Barsha,Apartment,4,5,3027,3093723,2024
9141,Al Barsha,Apartment,4,3,2680,3447681,2024
9142,Dubai Silicon Oasis,Townhouse,1,2,1761,1730908,2026
9143,Dubai Silicon Oasis,Penthouse,1,1,751,690608,2023
9144,Al Barsha,Villa,4,3,4425,4212650,2025
9145,Al Barsha,Townhouse,2,3,4191,4670345,2025
9146,Al Barsha,Apartment,3,2,1106,1239837,2025
9147,JVC,Townhouse,2,1,3623,3279550,2023
9148,Palm Jumeirah,Villa,4,3,2043,5013885,2023
9149,Dubai Silicon Oasis,Apartment,4,3,2382,1873708,2025
9150,Al Barsha,Townhouse,1,1,4296,4528270,2025
9151,Dubai Marina,Apartment,1,1,4265,9788720,2026
9152,Dubai Marina,Townhouse,3,2,1236,2589106,2026
9153,Downtown Dubai,Apartment,4,4,1780,3344120,2025
9154,Deira,Villa,1,1,4169,2774460,2024
9155,Business Bay,Apartment,1,2,4614,8321032,2026
9156,Deira,Villa,4,3,717,514727,2024
9157,Downtown Dubai,Apartment,3,3,4226,7461573,2026
9158,Dubai Marina,Villa,1,1,2624,5986892,2026
9159,Al Barsha,Apartment,4,5,3094,3873749,2026
9160,JVC,Townhouse,1,1,700,794979,2024
9161,Dubai Marina,Villa,2,3,3513,6413681,2023
9162,Downtown Dubai,Villa,4,5,3502,9373849,2025
9163,JVC,Townhouse,2,1,3431,3564266,2025
9164,Business Bay,Penthouse,1,1,4026,7226602,2024
9165,Dubai Silicon Oasis,Townhouse,5,4,4749,3185880,2025
9166,Downtown Dubai,Villa,2,2,4301,8363884,2025
9167,Palm Jumeirah,Villa,3,3,3813,10513774,2024
9168,JVC,Penthouse,5,5,4912,5516960,2024
9169,Business Bay,Apartment,5,5,3486,6712512,2025
9170,JVC,Villa,5,6,3474,4038052,2023
9171,JVC,Villa,2,2,2870,2797946,2025
9172,Palm Jumeirah,Townhouse,5,4,3926,9921226,2026
9173,Palm Jumeirah,Townhouse,1,1,681,2122435,2026
9174,Downtown Dubai,Townhouse,2,3,2701,5085882,2026
9175,Downtown Dubai,Penthouse,1,1,2327,6402739,2025
9176,Downtown Dubai,Apartment,3,2,4594,9492480,2026
9177,Dubai Silicon Oasis,Villa,5,4,687,493889,2025
9178,JVC,Villa,4,4,3343,3176633,2026
9179,Palm Jumeirah,Apartment,5,4,1207,4358030,2023
9180,Business Bay,Apartment,1,1,4458,7996741,2025
9181,JVC,Townhouse,4,5,4311,3178058,2023
9182,Dubai Marina,Townhouse,4,5,1444,3044905,2023
9183,Business Bay,Villa,3,3,4403,6115593,2025
9184,Dubai Silicon Oasis,Penthouse,1,2,2659,2344576,2023
9185,Dubai Silicon Oasis,Villa,1,1,4865,4314152,2024
9186,JVC,Townhouse,5,6,3743,3046179,2026
9187,Palm Jumeirah,Penthouse,2,1,510,1565630,2025
9188,JVC,Townhouse,4,5,1292,933839,2025
9189,Dubai Silicon Oasis,Townhouse,5,4,2226,1677228,2026
9190,Palm Jumeirah,Villa,3,2,1332,4434263,2025
9191,Dubai Silicon Oasis,Penthouse,2,1,965,727289,2026
9192,Al Barsha,Villa,3,3,4897,4034224,2024
9193,JVC,Villa,2,2,4391,4493832,2023
9194,Business Bay,Townhouse,1,1,2370,4718755,2024
9195,Palm Jumeirah,Townhouse,5,6,1349,4983852,2026
9196,Downtown Dubai,Apartment,2,1,1195,3254105,2023
9197,Al Barsha,Apartment,4,4,4608,4829913,2025
9198,Palm Jumeirah,Apartment,4,4,1891,5693874,2025
9199,Downtown Dubai,Apartment,3,3,408,981016,2026
9200,Business Bay,Apartment,3,4,2197,4468189,2026
9201,Al Barsha,Villa,1,2,2462,2554733,2024
9202,Business Bay,Apartment,3,4,3247,7162530,2024
9203,Deira,Penthouse,4,5,1924,1506743,2025
9204,Dubai Silicon Oasis,Penthouse,1,2,4642,3542972,2026
9205,JVC,Penthouse,2,2,3342,3599899,2024
9206,Dubai Silicon Oasis,Apartment,4,4,4937,3457413,2025
9207,Business Bay,Townhouse,5,4,2056,4431541,2024
9208,Palm Jumeirah,Apartment,2,3,3380,9837584,2024
9209,Al Barsha,Townhouse,5,6,2048,2339888,2024
9210,Dubai Marina,Apartment,1,2,3604,7218009,2026
9211,Deira,Villa,3,4,3817,2265601,2025
9212,Palm Jumeirah,Apartment,5,6,1846,6428564,2025
9213,Deira,Villa,3,4,4710,3151633,2025
9214,Dubai Silicon Oasis,Villa,3,2,4335,3435367,2025
9215,Business Bay,Townhouse,1,1,4509,6502184,2024
9216,Dubai Silicon Oasis,Apartment,3,3,1362,1313013,2026
9217,Palm Jumeirah,Townhouse,3,3,3688,13610225,2023
9218,Downtown Dubai,Apartment,5,6,844,1610093,2026
9219,Deira,Apartment,2,3,840,709308,2026
9220,Downtown Dubai,Apartment,2,3,4875,13395522,2025
9221,Dubai Silicon Oasis,Villa,4,5,1060,719652,2025
9222,Downtown Dubai,Penthouse,5,4,4368,12480121,2026
9223,Business Bay,Villa,2,2,2353,3209180,2023
9224,Al Barsha,Townhouse,4,3,1761,2150538,2025
9225,Dubai Marina,Townhouse,5,5,691,1342240,2024
9226,Business Bay,Townhouse,4,4,3489,7584008,2025
9227,Palm Jumeirah,Townhouse,3,4,3704,10768083,2025
9228,JVC,Apartment,2,1,2521,2224483,2024
9229,Deira,Townhouse,2,2,4116,3515608,2024
9230,JVC,Villa,1,2,1852,1925725,2025
9231,JVC,Townhouse,1,1,2915,2886530,2026
9232,JVC,Penthouse,3,2,1683,1699784,2025
9233,Palm Jumeirah,Apartment,1,1,3057,10467037,2025
9234,Dubai Silicon Oasis,Apartment,1,1,982,647272,2026
9235,Downtown Dubai,Apartment,4,4,2564,4844836,2026
9236,Business Bay,Villa,1,2,2904,4396854,2025
9237,Downtown Dubai,Villa,1,1,2937,5740265,2025
9238,Downtown Dubai,Villa,3,3,2426,6519140,2025
9239,Dubai Silicon Oasis,Penthouse,5,5,3342,2666260,2024
9240,Deira,Apartment,4,3,2731,1997175,2026
9241,Dubai Silicon Oasis,Townhouse,1,1,1667,1126489,2024
9242,Deira,Townhouse,1,1,1351,1168219,2025
9243,Deira,Penthouse,4,5,3361,1894233,2026
9244,Deira,Townhouse,4,4,4714,2777270,2025
9245,Deira,Apartment,2,1,3852,3252005,2024
9246,Al Barsha,Villa,5,6,3319,2871925,2023
9247,JVC,Apartment,5,4,4635,4991945,2025
9248,Dubai Marina,Villa,4,5,4533,7957118,2024
9249,Business Bay,Penthouse,4,5,2705,5463243,2023
9250,Dubai Marina,Villa,4,5,858,1274404,2024
9251,Dubai Marina,Villa,1,1,3299,5763801,2025
9252,Dubai Marina,Villa,4,3,3246,6080233,2025
9253,Dubai Marina,Apartment,5,5,1639,3283136,2024
9254,Deira,Penthouse,2,3,4299,3665658,2025
9255,Palm Jumeirah,Townhouse,1,2,4395,12159659,2025
9256,Dubai Silicon Oasis,Townhouse,2,2,1888,1705912,2025
9257,JVC,Villa,2,1,2567,2023557,2026
9258,JVC,Villa,5,6,1257,1354826,2023
9259,Business Bay,Villa,3,4,1179,2538667,2025
9260,Al Barsha,Apartment,4,4,1582,1302998,2024
9261,Dubai Silicon Oasis,Apartment,5,5,2050,1377483,2024
9262,Deira,Townhouse,4,3,1619,1352900,2025
9263,Palm Jumeirah,Penthouse,4,5,1055,3924964,2025
9264,Dubai Silicon Oasis,Apartment,5,4,2429,2184368,2025
9265,Downtown Dubai,Townhouse,4,5,3249,7366476,2026
9266,Business Bay,Penthouse,2,3,1865,3755563,2026
9267,Downtown Dubai,Townhouse,4,5,2831,5915884,2024
9268,Downtown Dubai,Penthouse,2,3,1611,4592847,2025
9269,Business Bay,Penthouse,2,3,3622,7536637,2025
9270,Al Barsha,Villa,4,3,3365,4184601,2025
9271,JVC,Apartment,2,2,4814,5318012,2025
9272,Al Barsha,Penthouse,1,1,596,754800,2026
9273,Palm Jumeirah,Penthouse,5,6,4317,10778435,2025
9274,Deira,Apartment,3,4,1932,1696334,2026
9275,Downtown Dubai,Penthouse,4,4,657,1335985,2025
9276,Al Barsha,Apartment,5,5,3557,3484389,2026
9277,Downtown Dubai,Villa,4,3,1148,2488436,2024
9278,JVC,Penthouse,4,3,1167,962302,2023
9279,Al Barsha,Villa,4,4,4905,4999239,2025
9280,Deira,Penthouse,2,3,1377,1014755,2025
9281,JVC,Apartment,5,6,2894,2277285,2023
9282,JVC,Villa,4,4,1283,1131328,2025
9283,Business Bay,Penthouse,1,1,926,1533386,2026
9284,Business Bay,Penthouse,1,2,354,684448,2026
9285,Dubai Marina,Villa,5,5,424,832187,2024
9286,Downtown Dubai,Apartment,5,5,2553,6504329,2025
9287,Downtown Dubai,Townhouse,5,5,2368,6209696,2026
9288,Downtown Dubai,Townhouse,1,2,531,1324158,2026
9289,JVC,Villa,5,4,1975,1636405,2023
9290,Dubai Marina,Penthouse,5,4,1619,3062998,2023
9291,Deira,Villa,4,3,3006,2174243,2023
9292,Deira,Penthouse,3,4,4975,2914939,2025
9293,Downtown Dubai,Penthouse,3,2,3566,9784853,2026
9294,Dubai Silicon Oasis,Villa,3,2,4620,3125772,2023
9295,Palm Jumeirah,Apartment,1,1,1243,4803777,2025
9296,JVC,Villa,3,4,1350,991285,2024
9297,Downtown Dubai,Penthouse,2,2,3841,9843126,2023
9298,Business Bay,Penthouse,2,3,1791,2873549,2025
9299,Dubai Silicon Oasis,Villa,1,2,4296,4304105,2025
9300,Dubai Marina,Villa,3,3,2506,5467161,2024
9301,Dubai Marina,Penthouse,1,1,1283,1876400,2024
9302,Business Bay,Penthouse,5,5,4276,5895141,2024
9303,Dubai Silicon Oasis,Apartment,5,6,2909,2563633,2026
9304,JVC,Villa,5,4,4082,3213824,2026
9305,Deira,Penthouse,2,3,2452,1385270,2025
9306,Palm Jumeirah,Apartment,1,1,937,3608989,2026
9307,Downtown Dubai,Penthouse,3,4,3516,8635819,2025
9308,Dubai Silicon Oasis,Apartment,4,4,928,597941,2023
9309,Downtown Dubai,Villa,1,2,3434,7896729,2025
9310,Palm Jumeirah,Townhouse,5,4,2287,6029230,2026
9311,Deira,Villa,3,2,4030,3392509,2025
9312,Deira,Apartment,5,4,4395,2505320,2026
9313,Al Barsha,Apartment,1,2,2244,2211367,2025
9314,Deira,Villa,3,4,4451,2863372,2026
9315,Deira,Villa,3,4,865,781359,2026
9316,Downtown Dubai,Penthouse,1,1,849,1567188,2026
9317,JVC,Townhouse,4,3,4969,5187388,2026
9318,JVC,Apartment,5,5,3020,2824039,2024
9319,JVC,Penthouse,3,4,2445,2658742,2025
9320,Dubai Marina,Townhouse,2,1,1073,1752015,2024
9321,Dubai Marina,Apartment,4,4,1693,3741133,2026
9322,Business Bay,Villa,2,2,3540,7674055,2025
9323,Deira,Townhouse,2,2,4170,2646230,2024
9324,Dubai Silicon Oasis,Townhouse,4,4,4611,3398758,2025
9325,Dubai Silicon Oasis,Townhouse,3,3,2245,2302173,2024
9326,Business Bay,Villa,2,3,2464,4260276,2025
9327,Dubai Silicon Oasis,Townhouse,3,2,1109,1080273,2023
9328,Business Bay,Penthouse,5,5,736,1527983,2026
9329,Business Bay,Apartment,3,2,2386,3875400,2025
9330,Downtown Dubai,Villa,1,1,3043,5954127,2026
9331,Deira,Penthouse,5,5,835,574718,2024
9332,JVC,Townhouse,4,4,2249,2218315,2024
9333,Business Bay,Apartment,2,1,3333,5941148,2026
9334,Dubai Silicon Oasis,Apartment,5,4,4120,3851041,2025
9335,Palm Jumeirah,Townhouse,5,6,4713,15191005,2023
9336,JVC,Villa,5,6,1932,2091354,2026
9337,Deira,Penthouse,2,3,2171,1294737,2024
9338,Deira,Apartment,5,4,4418,3153051,2024
9339,Palm Jumeirah,Townhouse,5,4,3573,8661288,2025
9340,Dubai Marina,Townhouse,5,4,1622,2512034,2025
9341,Downtown Dubai,Villa,3,2,3535,7510666,2025
9342,Downtown Dubai,Villa,2,2,1082,2977300,2023
9343,Dubai Silicon Oasis,Villa,2,2,2438,1931047,2024
9344,JVC,Penthouse,5,4,1775,1496431,2024
9345,Business Bay,Villa,3,3,4965,9583295,2025
9346,Dubai Silicon Oasis,Villa,5,5,512,471750,2023
9347,Dubai Silicon Oasis,Penthouse,3,2,4333,3607358,2025
9348,Downtown Dubai,Townhouse,3,3,1657,3442203,2026
9349,Al Barsha,Apartment,1,1,518,492568,2026
9350,Deira,Apartment,3,4,3419,2136673,2026
9351,Palm Jumeirah,Townhouse,3,2,3502,10309481,2024
9352,Downtown Dubai,Townhouse,1,1,1011,1966474,2025
9353,Deira,Villa,1,2,528,414492,2026
9354,Palm Jumeirah,Penthouse,3,3,867,3244344,2023
9355,Business Bay,Penthouse,2,2,2251,3547835,2024
9356,Palm Jumeirah,Villa,4,5,965,2666606,2024
9357,Downtown Dubai,Apartment,3,4,3619,9944895,2025
9358,Palm Jumeirah,Apartment,3,2,710,2308955,2026
9359,Downtown Dubai,Apartment,1,2,4018,10297140,2025
9360,JVC,Townhouse,3,3,4417,4947528,2025
9361,Business Bay,Villa,3,3,3683,7090610,2025
9362,Downtown Dubai,Apartment,3,4,4740,12213580,2026
9363,Dubai Silicon Oasis,Apartment,2,1,4717,3748971,2024
9364,Dubai Silicon Oasis,Villa,1,2,566,574641,2025
9365,Business Bay,Townhouse,5,5,1940,3799131,2026
9366,Palm Jumeirah,Apartment,5,6,3884,9739292,2026
9367,JVC,Villa,5,5,1929,1905557,2024
9368,Downtown Dubai,Villa,2,3,3777,7040790,2023
9369,Dubai Silicon Oasis,Apartment,4,4,3950,3352948,2026
9370,Business Bay,Penthouse,1,1,4985,7154543,2026
9371,Dubai Silicon Oasis,Apartment,5,5,1883,1677557,2023
9372,Dubai Marina,Apartment,1,2,1967,3640384,2023
9373,Dubai Marina,Apartment,3,4,462,895250,2024
9374,Business Bay,Villa,5,4,1677,3205766,2025
9375,Al Barsha,Townhouse,4,5,1654,1530237,2024
9376,Business Bay,Villa,5,5,2456,4007192,2024
9377,Al Barsha,Penthouse,3,2,2308,2402706,2026
9378,Downtown Dubai,Villa,1,2,4333,10325290,2024
9379,Al Barsha,Apartment,1,1,3948,4981677,2026
9380,Business Bay,Townhouse,1,2,3737,6200122,2025
9381,JVC,Penthouse,1,1,374,368868,2025
9382,Deira,Townhouse,3,4,2543,2245191,2026
9383,Al Barsha,Townhouse,1,1,3742,4336653,2023
9384,Dubai Silicon Oasis,Penthouse,1,1,1487,1146977,2023
9385,Dubai Marina,Penthouse,3,4,2325,4215772,2025
9386,Deira,Villa,4,5,3730,3236052,2025
9387,JVC,Townhouse,4,3,4044,3708182,2025
9388,Palm Jumeirah,Apartment,1,1,4323,12009577,2026
9389,Business Bay,Apartment,5,6,2348,4237224,2026
9390,Al Barsha,Villa,3,4,2209,1972635,2023
9391,Business Bay,Townhouse,2,1,2129,3948738,2024
9392,JVC,Townhouse,2,3,3458,4032635,2025
9393,Business Bay,Apartment,5,4,2300,5022942,2026
9394,Deira,Townhouse,3,2,2210,1712373,2024
9395,Al Barsha,Townhouse,2,2,1132,1407234,2024
9396,Dubai Marina,Penthouse,3,4,2574,5594942,2024
9397,Palm Jumeirah,Townhouse,1,2,1453,5559183,2026
9398,Dubai Marina,Penthouse,1,1,2790,6209944,2024
9399,Palm Jumeirah,Villa,2,1,4482,16806373,2025
9400,Palm Jumeirah,Apartment,2,2,3957,10859278,2023
9401,Al Barsha,Townhouse,2,3,2572,2260812,2025
9402,Downtown Dubai,Penthouse,1,2,4895,8851966,2024
9403,Al Barsha,Apartment,4,3,4908,5544336,2025
9404,Deira,Penthouse,1,1,2416,2142332,2023
9405,Deira,Penthouse,2,2,3900,3540605,2023
9406,Deira,Apartment,5,5,1941,1665998,2023
9407,Palm Jumeirah,Townhouse,1,1,4435,16172297,2026
9408,Dubai Marina,Villa,2,1,2087,3979897,2025
9409,Al Barsha,Townhouse,3,3,1551,1591293,2023
9410,Business Bay,Penthouse,2,1,972,1850949,2024
9411,Dubai Marina,Villa,2,2,4268,6233143,2025
9412,Palm Jumeirah,Villa,1,1,1730,6213269,2023
9413,Dubai Silicon Oasis,Apartment,3,4,4131,3730266,2026
9414,Deira,Apartment,4,3,751,465257,2024
9415,Downtown Dubai,Penthouse,3,3,2679,6588375,2025
9416,Al Barsha,Villa,5,5,2339,2572279,2025
9417,Al Barsha,Penthouse,4,4,2390,2853659,2026
9418,JVC,Townhouse,4,4,1128,1237263,2025
9419,Palm Jumeirah,Villa,3,3,693,1926629,2023
9420,Al Barsha,Penthouse,4,5,1960,2366188,2024
9421,Downtown Dubai,Apartment,3,4,2536,4971334,2025
9422,JVC,Penthouse,5,4,4040,3625478,2023
9423,Business Bay,Apartment,3,4,2500,4446874,2024
9424,Dubai Marina,Penthouse,3,3,1493,3231506,2026
9425,Downtown Dubai,Townhouse,1,1,1570,4319366,2024
9426,Palm Jumeirah,Villa,5,6,3195,7750510,2025
9427,JVC,Townhouse,3,4,2375,2497930,2024
9428,Downtown Dubai,Penthouse,4,3,4540,12372740,2023
9429,JVC,Villa,4,3,2394,2751753,2023
9430,Dubai Marina,Apartment,1,1,2986,5019765,2023
9431,Deira,Penthouse,4,5,647,401486,2024
9432,JVC,Townhouse,3,2,1251,1181601,2026
9433,Deira,Villa,2,2,4303,3766636,2025
9434,Al Barsha,Penthouse,2,2,1953,1870596,2023
9435,Business Bay,Apartment,4,5,2307,4127918,2023
9436,Dubai Silicon Oasis,Penthouse,1,2,3095,3213297,2026
9437,Downtown Dubai,Apartment,4,5,619,1399952,2024
9438,Dubai Silicon Oasis,Townhouse,5,4,2705,2410967,2024
9439,JVC,Apartment,1,2,1959,2288147,2026
9440,JVC,Apartment,1,1,1041,921562,2025
9441,Dubai Silicon Oasis,Villa,1,1,2295,1719349,2024
9442,Business Bay,Apartment,4,5,2427,3883997,2025
9443,Deira,Apartment,5,6,1216,943560,2024
9444,Al Barsha,Townhouse,5,4,2875,2533886,2025
9445,Business Bay,Penthouse,1,1,3819,5727896,2023
9446,JVC,Villa,3,4,1593,1333436,2026
9447,Business Bay,Townhouse,1,2,4844,8815087,2025
9448,Business Bay,Villa,2,2,3197,6641925,2023
9449,Business Bay,Apartment,2,1,3944,7138167,2025
9450,Downtown Dubai,Penthouse,4,3,676,1771732,2024
9451,Dubai Silicon Oasis,Townhouse,5,6,3918,4008203,2026
9452,Palm Jumeirah,Apartment,5,6,1915,6721654,2023
9453,Al Barsha,Townhouse,1,2,3652,4095331,2024
9454,Deira,Villa,2,2,4089,2301567,2026
9455,JVC,Apartment,2,2,1514,1395582,2024
9456,JVC,Apartment,2,1,1555,1307167,2024
9457,Dubai Silicon Oasis,Villa,2,3,626,528950,2026
9458,Dubai Marina,Apartment,4,5,3164,7264468,2025
9459,JVC,Townhouse,4,3,3949,3412731,2024
9460,Deira,Apartment,5,5,2256,1390313,2025
9461,Palm Jumeirah,Apartment,4,4,1098,3995451,2025
9462,Palm Jumeirah,Apartment,2,3,1821,7076177,2026
9463,Dubai Marina,Townhouse,1,2,2223,4761808,2025
9464,Downtown Dubai,Townhouse,2,1,4610,8815385,2025
9465,Palm Jumeirah,Penthouse,4,5,926,2987315,2026
9466,JVC,Villa,5,4,1946,1755945,2024
9467,Business Bay,Townhouse,2,3,3316,6295153,2025
9468,Dubai Silicon Oasis,Villa,1,2,1450,1315794,2025
9469,Deira,Townhouse,1,1,4464,3760837,2025
9470,Deira,Penthouse,1,2,4578,2948370,2025
9471,Downtown Dubai,Townhouse,4,3,2117,5972366,2024
9472,Palm Jumeirah,Villa,3,2,3818,10392724,2025
9473,Dubai Silicon Oasis,Penthouse,4,3,3865,2665455,2025
9474,Deira,Townhouse,1,2,3520,2992369,2026
9475,Al Barsha,Penthouse,3,4,1217,1255487,2023
9476,Dubai Silicon Oasis,Townhouse,1,1,580,484933,2026
9477,Dubai Silicon Oasis,Townhouse,2,3,1964,1507358,2023
9478,JVC,Townhouse,4,4,960,711250,2025
9479,JVC,Penthouse,2,2,1709,1379368,2025
9480,JVC,Villa,4,5,3318,3526156,2025
9481,Al Barsha,Townhouse,2,2,3087,2815971,2026
9482,Business Bay,Penthouse,3,3,1323,2915582,2025
9483,Al Barsha,Apartment,3,2,432,515424,2023
9484,Al Barsha,Villa,2,2,1399,1712788,2025
9485,Deira,Apartment,1,2,2464,2132957,2025
9486,Dubai Marina,Townhouse,3,4,3972,8289619,2025
9487,Deira,Villa,5,4,2047,1480316,2024
9488,Downtown Dubai,Townhouse,4,4,1679,4648670,2023
9489,Palm Jumeirah,Apartment,4,4,2913,8854908,2024
9490,Downtown Dubai,Penthouse,5,6,682,1272203,2025
9491,Dubai Marina,Penthouse,1,2,1398,2763564,2025
9492,Deira,Townhouse,4,5,519,309815,2026
9493,Business Bay,Townhouse,2,3,2794,5356321,2024
9494,Deira,Villa,4,4,2410,2191013,2025
9495,Business Bay,Villa,5,5,3058,5913948,2026
9496,JVC,Villa,5,5,3219,2622675,2024
9497,Dubai Marina,Villa,3,3,2187,3420628,2025
9498,JVC,Penthouse,5,6,4390,3864840,2026
9499,Dubai Silicon Oasis,Townhouse,4,5,4619,3225475,2023
9500,Al Barsha,Villa,1,2,865,938392,2025
9501,Business Bay,Townhouse,2,2,4628,9374632,2024
9502,Dubai Marina,Penthouse,5,4,1264,2568858,2023
9503,Dubai Silicon Oasis,Villa,5,4,1505,1334753,2026
9504,Deira,Penthouse,5,4,2813,2004156,2024
9505,Dubai Marina,Villa,2,2,486,775391,2026
9506,Downtown Dubai,Apartment,2,2,2043,5028962,2025
9507,Downtown Dubai,Apartment,5,5,1254,2785488,2023
9508,Dubai Silicon Oasis,Villa,1,2,2593,1976344,2024
9509,Dubai Silicon Oasis,Townhouse,5,5,4138,3739570,2026
9510,Business Bay,Penthouse,4,5,4647,7815118,2024
9511,Downtown Dubai,Villa,4,4,1336,2598738,2024
9512,Deira,Villa,3,4,2883,2102369,2024
9513,JVC,Townhouse,5,4,2556,2172937,2025
9514,Dubai Marina,Villa,4,3,2280,4788318,2024
9515,JVC,Villa,1,2,3292,2439965,2026
9516,JVC,Apartment,3,4,4950,5463709,2023
9517,Dubai Marina,Villa,5,5,2234,4144542,2024
9518,Deira,Apartment,1,1,653,369323,2025
9519,JVC,Townhouse,4,3,4609,3595080,2024
9520,Palm Jumeirah,Villa,2,2,4684,17884264,2026
9521,Palm Jumeirah,Apartment,3,4,1849,5926987,2026
9522,Al Barsha,Penthouse,5,5,2682,3176219,2025
9523,Al Barsha,Apartment,3,4,4361,5413695,2026
9524,Palm Jumeirah,Townhouse,1,1,2692,7754193,2026
9525,Al Barsha,Apartment,1,1,2587,2777037,2024
9526,Palm Jumeirah,Apartment,4,4,4637,15652128,2023
9527,Dubai Marina,Apartment,5,5,4203,9235783,2025
9528,Al Barsha,Townhouse,2,1,2709,2736211,2026
9529,Al Barsha,Apartment,5,6,1100,1403464,2026
9530,Business Bay,Villa,3,2,2388,4480013,2025
9531,Business Bay,Townhouse,1,2,3495,7349256,2023
9532,Dubai Silicon Oasis,Townhouse,3,4,1617,1088795,2026
9533,Business Bay,Penthouse,5,6,2848,4994939,2025
9534,JVC,Villa,2,1,3413,2732537,2026
9535,Deira,Apartment,5,6,745,654973,2025
9536,JVC,Penthouse,4,4,2998,2475581,2023
9537,Business Bay,Penthouse,2,3,3779,7429639,2025
9538,Al Barsha,Penthouse,4,3,1346,1119111,2025
9539,Downtown Dubai,Penthouse,3,4,2900,5744694,2025
9540,Dubai Marina,Townhouse,1,1,3648,6303259,2025
9541,JVC,Penthouse,5,6,555,594872,2026
9542,Downtown Dubai,Townhouse,2,1,3345,6811368,2026
9543,JVC,Townhouse,3,4,1557,1693390,2023
9544,Dubai Marina,Townhouse,4,5,2197,4723000,2023
9545,Palm Jumeirah,Townhouse,1,1,3363,13076369,2024
9546,Palm Jumeirah,Villa,4,4,370,1263812,2025
9547,JVC,Villa,2,1,428,430930,2025
9548,Deira,Penthouse,3,2,2426,1869324,2025
9549,Downtown Dubai,Villa,3,4,4766,8962849,2025
9550,Dubai Marina,Penthouse,4,5,378,718918,2026
9551,Business Bay,Townhouse,1,2,4017,8370465,2023
9552,Downtown Dubai,Penthouse,1,1,698,1244493,2025
9553,Al Barsha,Townhouse,3,2,2623,2264508,2026
9554,JVC,Townhouse,1,2,2352,2329061,2024
9555,Business Bay,Villa,2,2,2526,5253987,2024
9556,JVC,Townhouse,4,3,730,626558,2025
9557,Business Bay,Townhouse,5,4,3853,8094214,2024
9558,Dubai Marina,Villa,4,5,1631,2844095,2025
9559,Dubai Silicon Oasis,Apartment,2,3,3935,3251031,2026
9560,Downtown Dubai,Apartment,5,4,3398,9542718,2023
9561,Business Bay,Apartment,3,4,2913,4995658,2026
9562,Al Barsha,Townhouse,1,1,1785,1963037,2024
9563,Business Bay,Penthouse,4,5,3383,7290858,2025
9564,Deira,Penthouse,3,3,4989,3255490,2023
9565,Dubai Marina,Townhouse,2,3,4642,7068569,2025
9566,JVC,Penthouse,4,4,4610,5306632,2026
9567,Al Barsha,Apartment,4,5,1371,1480563,2024
9568,JVC,Penthouse,2,3,3071,3545863,2026
9569,Business Bay,Penthouse,1,1,2199,4610715,2025
9570,Dubai Marina,Villa,3,2,4846,9571644,2026
9571,Palm Jumeirah,Apartment,1,1,4767,14811121,2025
9572,JVC,Townhouse,4,4,4386,4105789,2025
9573,Al Barsha,Apartment,3,3,1106,976607,2026
9574,Business Bay,Townhouse,2,3,1832,3197806,2025
9575,Al Barsha,Villa,3,2,3657,4428136,2026
9576,Dubai Silicon Oasis,Townhouse,2,3,3835,3971201,2024
9577,Al Barsha,Penthouse,2,1,1978,2532178,2024
9578,Deira,Apartment,2,2,986,884207,2025
9579,Palm Jumeirah,Apartment,4,4,986,2394517,2024
9580,Business Bay,Townhouse,5,5,3533,6353769,2025
9581,Dubai Marina,Townhouse,4,3,2461,3987110,2026
9582,Downtown Dubai,Villa,2,3,2633,6416127,2025
9583,Business Bay,Apartment,5,4,4141,8960964,2026
9584,Deira,Townhouse,1,2,428,371002,2024
9585,Dubai Marina,Townhouse,2,2,3858,8564467,2024
9586,Dubai Silicon Oasis,Penthouse,1,2,1625,1277716,2024
9587,Dubai Silicon Oasis,Penthouse,5,6,4680,3933392,2026
9588,Dubai Marina,Townhouse,1,2,4792,8116449,2025
9589,Dubai Marina,Apartment,3,3,2684,5202850,2026
9590,Al Barsha,Villa,1,1,1818,1730179,2024
9591,Downtown Dubai,Townhouse,2,2,1434,3799532,2024
9592,Downtown Dubai,Villa,4,4,1193,2709137,2026
9593,Downtown Dubai,Apartment,5,6,4996,12642071,2025
9594,Deira,Townhouse,1,1,1222,1057559,2025
9595,Downtown Dubai,Penthouse,1,1,2426,5069670,2025
9596,Downtown Dubai,Townhouse,2,1,2578,6301407,2025
9597,Business Bay,Penthouse,5,4,3508,7292925,2026
9598,Palm Jumeirah,Apartment,1,2,4268,16329790,2024
9599,Dubai Silicon Oasis,Penthouse,1,2,2944,2076187,2023
9600,Downtown Dubai,Townhouse,3,3,3874,9722044,2023
9601,JVC,Villa,2,2,2985,2733807,2025
9602,Palm Jumeirah,Penthouse,1,1,2381,6734145,2026
9603,Business Bay,Apartment,3,2,1083,1618077,2025
9604,Palm Jumeirah,Apartment,4,5,1320,4327053,2026
9605,Downtown Dubai,Townhouse,1,1,2360,5020891,2025
9606,Palm Jumeirah,Townhouse,4,3,564,1918680,2025
9607,Dubai Silicon Oasis,Apartment,1,1,1821,1370118,2025
9608,Deira,Penthouse,4,3,2501,1401077,2026
9609,Deira,Penthouse,2,3,2547,2110265,2023
9610,Dubai Marina,Penthouse,2,2,4138,6559534,2025
9611,Dubai Silicon Oasis,Villa,1,1,4849,3593115,2025
9612,Deira,Penthouse,5,6,3743,2404405,2026
9613,Deira,Apartment,3,4,719,488764,2024
9614,Downtown Dubai,Penthouse,4,4,2249,5158927,2023
9615,Palm Jumeirah,Penthouse,2,1,3744,13548331,2025
9616,Deira,Townhouse,1,1,3115,2453302,2025
9617,Palm Jumeirah,Villa,1,2,2478,6489875,2024
9618,Dubai Marina,Villa,3,3,2378,3817423,2025
9619,Dubai Marina,Apartment,2,2,2237,4926671,2025
9620,Business Bay,Apartment,4,3,3042,4783171,2024
9621,Deira,Villa,4,5,1181,751752,2025
9622,Business Bay,Apartment,2,3,2756,3756523,2023
9623,Deira,Townhouse,3,3,1307,1086020,2026
9624,Dubai Silicon Oasis,Townhouse,2,1,3516,3288798,2024
9625,Dubai Silicon Oasis,Penthouse,4,4,4371,3405208,2025
9626,Deira,Villa,4,5,2710,1524538,2025
9627,Deira,Penthouse,4,4,2152,1796815,2024
9628,Dubai Marina,Villa,1,1,4723,7223491,2025
9629,Dubai Marina,Townhouse,2,1,3417,6336557,2025
9630,Deira,Penthouse,5,4,2340,1998480,2024
9631,Al Barsha,Villa,2,2,483,445394,2026
9632,Downtown Dubai,Apartment,1,1,424,923317,2026
9633,Palm Jumeirah,Penthouse,1,1,1379,4676581,2025
9634,JVC,Villa,1,2,1449,1482215,2025
9635,Dubai Marina,Apartment,4,3,3704,6876237,2025
9636,Business Bay,Townhouse,1,2,2677,4627702,2024
9637,Business Bay,Townhouse,3,2,4999,8581197,2024
9638,Al Barsha,Apartment,2,2,2863,2986155,2025
9639,Al Barsha,Penthouse,1,1,4549,4427644,2025
9640,Dubai Silicon Oasis,Townhouse,5,5,2918,2166806,2025
9641,Dubai Marina,Villa,4,5,2015,3474759,2026
9642,Dubai Silicon Oasis,Apartment,5,4,3672,3051824,2024
9643,Palm Jumeirah,Townhouse,5,5,2439,7251662,2024
9644,Downtown Dubai,Penthouse,5,5,1627,3911457,2025
9645,Deira,Townhouse,4,4,2550,1991293,2025
9646,Dubai Marina,Townhouse,3,3,3441,8039997,2023
9647,Business Bay,Penthouse,4,4,2096,3946545,2024
9648,Al Barsha,Townhouse,3,4,3623,4229188,2025
9649,Dubai Silicon Oasis,Apartment,1,1,4910,3334934,2025
9650,JVC,Apartment,2,2,2262,2402700,2024
9651,Downtown Dubai,Villa,3,3,1722,3994684,2025
9652,Palm Jumeirah,Townhouse,1,2,2220,8213638,2026
9653,Downtown Dubai,Apartment,5,6,4247,12010514,2025
9654,Dubai Silicon Oasis,Villa,5,6,1182,865396,2025
9655,JVC,Villa,3,2,4877,5549556,2024
9656,Downtown Dubai,Townhouse,3,2,2275,5684781,2025
9657,Downtown Dubai,Apartment,5,5,4263,10968805,2024
9658,JVC,Apartment,3,3,4008,3737710,2026
9659,Deira,Penthouse,4,3,3993,2731921,2024
9660,Al Barsha,Apartment,3,4,4576,5491277,2026
9661,Deira,Apartment,2,3,1209,686337,2025
9662,Deira,Apartment,4,4,3110,2330038,2025
9663,JVC,Villa,1,2,810,610110,2025
9664,Dubai Silicon Oasis,Apartment,2,2,1742,1292309,2024
9665,Dubai Silicon Oasis,Penthouse,4,4,538,500382,2024
9666,Deira,Apartment,4,5,3522,2902686,2024
9667,Al Barsha,Apartment,5,4,3175,3951356,2025
9668,JVC,Apartment,4,3,3791,3950020,2025
9669,Business Bay,Townhouse,1,1,1169,2260301,2026
9670,Al Barsha,Penthouse,5,6,1894,2410226,2023
9671,Business Bay,Apartment,3,3,3494,6347892,2026
9672,Al Barsha,Townhouse,1,1,4193,4725262,2024
9673,Al Barsha,Villa,3,2,4468,5513652,2025
9674,Dubai Silicon Oasis,Townhouse,1,1,692,654270,2024
9675,JVC,Townhouse,3,2,2221,2368622,2026
9676,Business Bay,Villa,3,2,400,726496,2025
9677,Business Bay,Townhouse,1,2,4156,7516824,2025
9678,Palm Jumeirah,Apartment,5,5,921,3106588,2024
9679,Deira,Villa,3,2,4172,3359257,2025
9680,JVC,Penthouse,5,4,1075,1038176,2023
9681,Downtown Dubai,Penthouse,3,3,421,826849,2025
9682,JVC,Apartment,3,2,4437,3690631,2025
9683,Al Barsha,Apartment,5,5,2390,2501224,2023
9684,Dubai Silicon Oasis,Penthouse,2,2,2326,1678501,2023
9685,Dubai Marina,Apartment,5,6,3357,6113562,2024
9686,Dubai Silicon Oasis,Townhouse,1,1,1628,1137738,2025
9687,Dubai Marina,Townhouse,5,4,3562,5598071,2024
9688,Palm Jumeirah,Villa,4,4,2345,8594009,2023
9689,Downtown Dubai,Villa,3,3,1617,3810420,2023
9690,Dubai Silicon Oasis,Townhouse,2,1,2186,2081452,2024
9691,Al Barsha,Villa,3,2,378,304580,2025
9692,JVC,Penthouse,3,2,1751,1485782,2025
9693,Deira,Apartment,5,6,3100,1755183,2024
9694,Al Barsha,Penthouse,5,4,991,794475,2025
9695,Downtown Dubai,Townhouse,3,4,901,1617491,2025
9696,Deira,Townhouse,2,2,3400,2524613,2024
9697,JVC,Apartment,2,3,2341,1781196,2026
9698,Deira,Apartment,2,1,985,826839,2025
9699,Palm Jumeirah,Townhouse,1,1,3827,12147975,2025
9700,Deira,Townhouse,1,1,3955,2554429,2025
9701,Deira,Apartment,4,5,511,436153,2025
9702,Deira,Apartment,2,2,1287,950286,2024
9703,Dubai Marina,Townhouse,3,2,2072,3637850,2023
9704,Al Barsha,Villa,4,5,3750,4064907,2026
9705,Downtown Dubai,Villa,4,5,694,1734909,2026
9706,Business Bay,Townhouse,2,3,4095,7514255,2026
9707,Palm Jumeirah,Penthouse,4,5,1835,6971491,2025
9708,Al Barsha,Villa,1,1,932,910551,2026
9709,Deira,Townhouse,3,3,4364,3069996,2025
9710,Downtown Dubai,Penthouse,1,2,753,2036669,2025
9711,JVC,Penthouse,3,3,952,958539,2026
9712,Downtown Dubai,Penthouse,1,1,4765,13451087,2026
9713,Palm Jumeirah,Apartment,5,6,2765,9921502,2025
9714,Deira,Apartment,4,4,2503,1851030,2026
9715,Deira,Penthouse,2,1,3546,2773508,2026
9716,Al Barsha,Apartment,4,3,3280,3289978,2025
9717,Deira,Villa,2,3,3203,1936777,2025
9718,Dubai Silicon Oasis,Villa,3,2,458,367702,2023
9719,Dubai Silicon Oasis,Townhouse,1,1,2915,2193812,2026
9720,JVC,Apartment,3,3,1646,1687373,2023
9721,JVC,Townhouse,1,1,4105,4191774,2023
9722,Dubai Marina,Apartment,1,1,2700,6165803,2024
9723,JVC,Villa,3,2,925,699074,2024
9724,Palm Jumeirah,Penthouse,3,4,4470,13863046,2024
9725,Deira,Apartment,2,1,1671,1168904,2023
9726,Dubai Silicon Oasis,Apartment,1,1,1612,1371772,2026
9727,Palm Jumeirah,Villa,3,4,4703,12130657,2025
9728,Dubai Silicon Oasis,Apartment,5,4,3954,3307800,2026
9729,Palm Jumeirah,Apartment,4,4,4346,14713454,2026
9730,Al Barsha,Villa,1,1,3429,3281186,2025
9731,Al Barsha,Apartment,5,6,4583,5156888,2024
9732,Business Bay,Apartment,3,2,886,1405037,2024
9733,Al Barsha,Penthouse,3,3,3139,3090824,2026
9734,Al Barsha,Penthouse,1,1,1714,2148746,2025
9735,JVC,Villa,2,3,2202,1610270,2026
9736,Downtown Dubai,Penthouse,4,3,1456,2999514,2026
9737,Dubai Marina,Penthouse,2,2,1303,2973645,2024
9738,Dubai Silicon Oasis,Villa,1,1,2407,1682052,2026
9739,Business Bay,Apartment,1,1,4620,7843820,2026
9740,Palm Jumeirah,Apartment,5,4,3304,10180098,2025
9741,JVC,Penthouse,5,6,1974,2001026,2026
9742,Business Bay,Penthouse,1,1,2365,4446217,2025
9743,Business Bay,Townhouse,5,5,2813,5324300,2024
9744,Palm Jumeirah,Townhouse,5,6,1487,5666386,2024
9745,Downtown Dubai,Villa,2,2,2773,6078591,2025
9746,Al Barsha,Townhouse,4,5,3585,3745989,2026
9747,Business Bay,Villa,2,3,1480,3225479,2024
9748,Downtown Dubai,Villa,2,2,3067,5830268,2024
9749,Dubai Marina,Townhouse,4,3,3643,8354821,2023
9750,Dubai Marina,Townhouse,2,2,2764,6339102,2025
9751,JVC,Villa,2,1,1707,1961451,2025
9752,Deira,Apartment,2,3,2928,1708371,2026
9753,Al Barsha,Townhouse,1,1,4038,4396506,2023
9754,Dubai Silicon Oasis,Villa,5,6,1381,1346846,2023
9755,JVC,Apartment,4,4,3022,2602442,2023
9756,Deira,Townhouse,5,5,3514,2694171,2026
9757,JVC,Villa,3,2,1844,1540478,2025
9758,Downtown Dubai,Villa,1,1,2151,4092438,2024
9759,Palm Jumeirah,Penthouse,2,3,4483,16490197,2023
9760,Deira,Townhouse,2,3,2040,1842991,2023
9761,Al Barsha,Apartment,5,4,3131,2613988,2025
9762,Dubai Marina,Townhouse,2,1,1046,1620451,2025
9763,Deira,Villa,4,3,4655,3565787,2025
9764,JVC,Penthouse,1,2,3125,2371375,2024
9765,JVC,Villa,5,5,3885,3900634,2025
9766,Dubai Marina,Townhouse,4,3,3152,6579917,2025
9767,Downtown Dubai,Townhouse,3,2,2003,4438833,2024
9768,Business Bay,Apartment,2,1,1932,3869422,2024
9769,Downtown Dubai,Apartment,2,3,3610,6804820,2023
9770,JVC,Townhouse,2,3,4348,3719959,2025
9771,Palm Jumeirah,Apartment,3,3,943,3405605,2025
9772,Dubai Marina,Penthouse,5,6,4281,6505035,2025
9773,Dubai Silicon Oasis,Villa,2,1,4209,3173729,2025
9774,JVC,Apartment,4,4,857,856591,2024
9775,Al Barsha,Penthouse,3,2,852,786988,2026
9776,Deira,Penthouse,4,5,3581,2608066,2026
9777,Al Barsha,Apartment,4,4,4269,5202185,2024
9778,JVC,Penthouse,1,2,2181,1834984,2026
9779,Downtown Dubai,Villa,1,1,3328,7452842,2024
9780,Downtown Dubai,Townhouse,5,5,4998,8896827,2025
9781,Downtown Dubai,Villa,1,2,1851,4700071,2025
9782,Palm Jumeirah,Apartment,3,4,1396,4093893,2026
9783,Palm Jumeirah,Penthouse,4,4,4961,18306488,2024
9784,Al Barsha,Townhouse,3,3,1654,1396440,2024
9785,Dubai Silicon Oasis,Villa,1,1,2547,2427016,2026
9786,Al Barsha,Villa,1,1,2405,2902588,2026
9787,JVC,Penthouse,4,4,2783,2975669,2026
9788,Business Bay,Villa,5,6,1599,3172771,2024
9789,Dubai Silicon Oasis,Townhouse,2,3,3507,2578050,2025
9790,Deira,Apartment,3,3,3567,2517789,2025
9791,Business Bay,Penthouse,5,5,1282,2164092,2023
9792,Al Barsha,Townhouse,5,6,2586,2380462,2023
9793,Downtown Dubai,Villa,3,2,616,1417329,2026
9794,Deira,Townhouse,4,3,1377,1107296,2023
9795,Dubai Silicon Oasis,Apartment,5,4,4940,4107564,2024
9796,Palm Jumeirah,Villa,4,3,2704,10442027,2024
9797,Palm Jumeirah,Villa,3,4,3245,11237881,2025
9798,Dubai Marina,Villa,4,3,4482,8239839,2026
9799,Palm Jumeirah,Penthouse,2,1,3668,11025774,2024
9800,JVC,Villa,5,5,4034,3963901,2026
9801,Dubai Silicon Oasis,Apartment,1,1,3661,2975315,2024
9802,JVC,Villa,2,3,2669,2188238,2024
9803,JVC,Apartment,2,3,3291,3141163,2024
9804,Business Bay,Villa,2,2,1691,3266686,2025
9805,Deira,Townhouse,3,2,4490,3077696,2026
9806,Dubai Silicon Oasis,Apartment,4,3,1186,893448,2025
9807,JVC,Apartment,5,6,4461,3648324,2024
9808,Downtown Dubai,Villa,3,3,4434,9573467,2026
9809,Al Barsha,Villa,4,5,1011,932327,2025
9810,Palm Jumeirah,Apartment,3,3,3652,12945054,2025
9811,Business Bay,Villa,1,2,4951,9421293,2026
9812,Dubai Silicon Oasis,Penthouse,4,4,3010,2271866,2026
9813,Business Bay,Townhouse,1,2,1932,4256305,2025
9814,Palm Jumeirah,Townhouse,3,3,4439,14952807,2024
9815,Dubai Silicon Oasis,Apartment,5,4,2733,1904871,2023
9816,Downtown Dubai,Penthouse,4,3,915,2445127,2026
9817,Dubai Silicon Oasis,Townhouse,3,2,1509,1420694,2025
9818,Dubai Silicon Oasis,Villa,2,2,3523,2959360,2026
9819,Business Bay,Townhouse,5,6,2467,3844681,2026
9820,JVC,Apartment,5,5,1357,1472201,2026
9821,Downtown Dubai,Townhouse,2,3,4065,7711183,2024
9822,Dubai Marina,Villa,1,1,910,1652770,2024
9823,Dubai Silicon Oasis,Apartment,3,3,1368,1322758,2024
9824,Business Bay,Apartment,4,4,2515,5133680,2023
9825,Deira,Villa,5,4,533,415986,2025
9826,Downtown Dubai,Villa,5,5,2151,3804078,2025
9827,JVC,Apartment,2,2,4581,3985034,2023
9828,Al Barsha,Penthouse,2,2,4726,5796906,2025
9829,Deira,Villa,5,5,4404,3578153,2024
9830,Downtown Dubai,Apartment,2,1,1856,4921471,2025
9831,Dubai Marina,Apartment,3,4,651,974340,2025
9832,Al Barsha,Villa,2,1,4139,5258122,2024
9833,Dubai Marina,Apartment,2,3,2085,3432212,2025
9834,Dubai Marina,Apartment,3,4,3832,6664092,2025
9835,JVC,Apartment,2,1,904,992829,2025
9836,Dubai Silicon Oasis,Villa,3,2,3455,2772594,2025
9837,Deira,Penthouse,2,2,3076,2414896,2023
9838,Dubai Marina,Townhouse,1,2,4629,8966961,2026
9839,Dubai Silicon Oasis,Apartment,4,4,823,811832,2026
9840,Dubai Silicon Oasis,Apartment,5,5,2246,1577701,2023
9841,Deira,Apartment,3,4,4953,2943205,2024
9842,Dubai Marina,Apartment,2,2,2161,4341704,2026
9843,Dubai Marina,Townhouse,4,5,3409,7500405,2025
9844,Al Barsha,Townhouse,3,4,1098,1385182,2024
9845,Al Barsha,Villa,3,2,3737,3736861,2025
9846,Al Barsha,Villa,3,3,1632,1905242,2026
9847,Business Bay,Townhouse,4,3,3010,5093427,2024
9848,Palm Jumeirah,Villa,1,1,4440,12779709,2025
9849,Downtown Dubai,Penthouse,1,1,3423,6115646,2026
9850,Dubai Marina,Townhouse,1,1,2555,4254329,2023
9851,Downtown Dubai,Penthouse,1,1,1233,2400884,2026
9852,Palm Jumeirah,Apartment,5,6,1937,5429253,2026
9853,Business Bay,Villa,4,4,4299,6901692,2025
9854,Palm Jumeirah,Penthouse,4,4,1354,4994045,2025
9855,Business Bay,Townhouse,4,5,3401,5213289,2025
9856,Palm Jumeirah,Penthouse,1,2,2605,9453409,2025
9857,Dubai Silicon Oasis,Villa,2,2,1842,1812043,2024
9858,Deira,Villa,4,4,3682,2659588,2024
9859,Dubai Silicon Oasis,Penthouse,3,3,2033,1890296,2023
9860,Dubai Silicon Oasis,Villa,3,3,1683,1291606,2024
9861,Palm Jumeirah,Villa,4,4,2811,6821331,2025
9862,Dubai Silicon Oasis,Villa,1,1,3873,3578112,2026
9863,Downtown Dubai,Apartment,4,3,4368,10601372,2024
9864,Palm Jumeirah,Penthouse,4,3,3278,10135724,2025
9865,Dubai Marina,Penthouse,3,3,3428,7708958,2025
9866,Dubai Marina,Apartment,3,4,4012,8403262,2025
9867,Downtown Dubai,Villa,1,1,1601,3567251,2025
9868,Downtown Dubai,Townhouse,2,1,1516,2757174,2024
9869,Business Bay,Apartment,2,2,2600,5472149,2023
9870,Deira,Villa,5,6,3284,2970788,2024
9871,Dubai Silicon Oasis,Penthouse,1,1,3353,2996939,2026
9872,Dubai Silicon Oasis,Penthouse,2,1,1064,1007906,2026
9873,Downtown Dubai,Penthouse,1,1,3979,9217860,2025
9874,Business Bay,Penthouse,2,2,2041,3186299,2025
9875,Business Bay,Townhouse,1,2,4429,9457054,2025
9876,Dubai Marina,Villa,2,1,3718,7657278,2025
9877,Dubai Marina,Penthouse,4,5,4920,9513837,2024
9878,JVC,Villa,4,5,3287,3375545,2023
9879,Al Barsha,Townhouse,2,1,2802,2958717,2023
9880,Business Bay,Townhouse,4,3,1223,1723973,2026
9881,Business Bay,Townhouse,4,3,2203,4232789,2025
9882,Dubai Silicon Oasis,Townhouse,5,5,4341,2787298,2025
9883,Business Bay,Penthouse,5,4,2126,3289546,2026
9884,Deira,Apartment,2,3,598,367526,2025
9885,Dubai Silicon Oasis,Villa,3,2,1489,1155536,2025
9886,Dubai Marina,Townhouse,4,4,3117,7036577,2026
9887,Palm Jumeirah,Townhouse,2,3,3275,8251534,2023
9888,JVC,Townhouse,3,2,4924,4337220,2024
9889,Dubai Marina,Villa,3,2,4692,9963958,2025
9890,Dubai Marina,Penthouse,2,3,2821,6253543,2023
9891,Deira,Apartment,1,1,2928,2394065,2025
9892,Deira,Townhouse,1,1,4073,3656837,2026
9893,Palm Jumeirah,Apartment,4,3,576,1983672,2026
9894,Deira,Townhouse,5,4,3117,2558060,2024
9895,Deira,Apartment,4,4,2554,1807526,2024
9896,Dubai Marina,Apartment,2,2,3991,6831985,2026
9897,Dubai Marina,Villa,1,1,4071,7554505,2026
9898,JVC,Apartment,4,5,3398,3620781,2024
9899,Palm Jumeirah,Villa,1,1,3406,11496593,2026
9900,Dubai Silicon Oasis,Townhouse,3,3,3563,3380430,2026
9901,Dubai Silicon Oasis,Apartment,5,4,3047,2714982,2024
9902,Al Barsha,Townhouse,1,2,1409,1643669,2024
9903,JVC,Villa,3,3,1673,1321755,2026
9904,Palm Jumeirah,Penthouse,5,6,3799,10961968,2025
9905,Dubai Marina,Townhouse,2,1,3225,6272859,2025
9906,Business Bay,Villa,5,5,1456,2000639,2026
9907,Dubai Marina,Penthouse,5,4,4432,10021051,2026
9908,Dubai Silicon Oasis,Apartment,3,2,4909,3612022,2023
9909,Business Bay,Townhouse,2,3,3261,4680274,2025
9910,Deira,Apartment,4,5,1409,1116614,2026
9911,Dubai Marina,Villa,4,3,4713,7608502,2023
9912,Dubai Silicon Oasis,Villa,3,3,1450,1253922,2023
9913,Palm Jumeirah,Townhouse,1,2,2360,6545377,2026
9914,Dubai Marina,Villa,4,3,4342,6900946,2026
9915,JVC,Townhouse,2,3,2771,2911623,2024
9916,Downtown Dubai,Apartment,1,1,1479,3234883,2024
9917,Dubai Marina,Apartment,1,1,722,1412949,2026
9918,Dubai Marina,Apartment,3,4,2028,3314790,2024
9919,Deira,Villa,1,2,3475,2617874,2023
9920,Al Barsha,Villa,2,1,3673,3711989,2026
9921,Deira,Penthouse,2,1,1386,801008,2026
9922,Deira,Villa,3,2,1088,886004,2025
9923,Dubai Marina,Townhouse,4,4,3611,6994968,2025
9924,Downtown Dubai,Penthouse,3,2,1089,3027500,2025
9925,Dubai Marina,Townhouse,3,4,648,1404316,2024
9926,Dubai Silicon Oasis,Penthouse,1,1,2611,2267516,2026
9927,Deira,Townhouse,1,1,3004,1727512,2025
9928,Dubai Silicon Oasis,Apartment,5,6,1483,1395158,2025
9929,Dubai Silicon Oasis,Villa,4,4,1332,1145010,2025
9930,Downtown Dubai,Penthouse,1,1,1445,3870482,2025
9931,Palm Jumeirah,Apartment,3,2,1944,6350304,2024
9932,Deira,Villa,1,2,392,219798,2025
9933,Deira,Townhouse,1,2,404,341468,2025
9934,Deira,Penthouse,2,3,2072,1739953,2026
9935,Business Bay,Penthouse,4,3,442,638465,2026
9936,Dubai Marina,Townhouse,4,4,1829,3759401,2023
9937,Dubai Silicon Oasis,Apartment,4,5,3051,2594693,2025
9938,Deira,Apartment,1,2,494,378636,2024
9939,Al Barsha,Townhouse,1,1,3222,4010348,2025
9940,Downtown Dubai,Apartment,3,4,3238,6587793,2026
9941,Dubai Marina,Townhouse,5,4,3016,4378761,2026
9942,Dubai Silicon Oasis,Penthouse,4,5,3263,2360535,2024
9943,Al Barsha,Apartment,4,4,4112,5171099,2025
9944,Al Barsha,Penthouse,1,2,679,614978,2023
9945,Business Bay,Apartment,5,5,1135,2194334,2023
9946,Dubai Silicon Oasis,Villa,5,5,1824,1743514,2024
9947,Downtown Dubai,Villa,3,4,3549,9420931,2024
9948,Al Barsha,Townhouse,2,3,4408,3549403,2025
9949,Business Bay,Villa,4,5,4621,6321491,2024
9950,Downtown Dubai,Townhouse,4,3,3057,8706064,2025
9951,Deira,Apartment,5,5,2257,1680560,2023
9952,JVC,Penthouse,1,2,2265,1695729,2025
9953,Downtown Dubai,Penthouse,3,4,628,1123799,2024
9954,Deira,Villa,4,4,2512,2119550,2024
9955,Al Barsha,Penthouse,2,3,2734,3424273,2025
9956,JVC,Apartment,5,5,1318,1260036,2023
9957,Dubai Silicon Oasis,Townhouse,1,1,3920,3091647,2024
9958,Deira,Villa,1,2,4125,3324027,2026
9959,Dubai Marina,Townhouse,4,4,1754,2561102,2024
9960,JVC,Townhouse,1,1,4600,5172755,2026
9961,Dubai Silicon Oasis,Apartment,3,2,848,629585,2024
9962,Downtown Dubai,Villa,2,1,4584,9030478,2026
9963,Dubai Silicon Oasis,Villa,4,4,3921,2996886,2024
9964,Palm Jumeirah,Penthouse,1,2,1391,3471367,2026
9965,Deira,Apartment,2,1,3373,2348775,2024
9966,Deira,Penthouse,5,6,1794,1453430,2026
9967,Palm Jumeirah,Apartment,2,3,4068,12803255,2024
9968,Palm Jumeirah,Apartment,3,3,1096,3728557,2025
9969,Palm Jumeirah,Apartment,5,6,1488,4048339,2024
9970,Deira,Penthouse,4,5,1778,1243287,2023
9971,Deira,Townhouse,4,5,1278,948044,2023
9972,Business Bay,Townhouse,5,6,1897,3503141,2023
9973,Business Bay,Townhouse,4,5,3152,4786113,2025
9974,Al Barsha,Townhouse,5,6,3293,3964227,2025
9975,Al Barsha,Villa,3,2,2925,2471941,2025
9976,Deira,Apartment,5,5,1231,731707,2025
9977,Business Bay,Villa,4,5,1291,2029769,2023
9978,Palm Jumeirah,Villa,2,2,4625,15639025,2025
9979,Palm Jumeirah,Villa,3,2,1518,3818727,2026
9980,Business Bay,Penthouse,2,3,829,1132883,2024
9981,Downtown Dubai,Apartment,2,2,2461,5609602,2026
9982,Palm Jumeirah,Townhouse,2,3,381,1112514,2024
9983,Business Bay,Apartment,3,2,1943,2901354,2025
9984,Dubai Marina,Townhouse,2,1,4325,8781183,2026
9985,Dubai Silicon Oasis,Townhouse,4,4,1593,1428240,2025
9986,Deira,Apartment,2,1,3622,2182843,2025
9987,Dubai Marina,Villa,3,3,2627,4326199,2024
9988,Downtown Dubai,Villa,1,1,2002,4327277,2025
9989,Palm Jumeirah,Villa,2,1,3426,13310215,2025
9990,Al Barsha,Villa,2,3,3119,3693816,2026
9991,Business Bay,Villa,5,4,1829,3011614,2026
9992,Al Barsha,Townhouse,3,4,1389,1781696,2023
9993,Downtown Dubai,Apartment,1,1,4613,10427342,2025
9994,Palm Jumeirah,Penthouse,2,2,1133,3365574,2025
9995,Al Barsha,Penthouse,4,5,4811,6120279,2025
9996,Al Barsha,Villa,1,1,2540,2966942,2024
9997,Downtown Dubai,Penthouse,1,2,4984,11775341,2026
9998,Deira,Villa,2,1,1992,1534325,2025
9999,Dubai Marina,Apartment,2,3,2979,6897962,2023
10000,Downtown Dubai,Villa,3,4,3210,6189495,2023
